block_number,transaction_hash,transaction_index,log_index,pool_id_or_address,quote_symbol,direction,quotron_amount_wei,quotron_amount
34984615,0x33507062aab6b94141cd85b89bfac97a151b42623d8e25f80cc0b06b298e46f3,5,7,0x0e18ada400ced8a77b82426983a7cb35804b3919e56a0c5dd1086856fc3acf2f,USDG,buy-quotron,66000000000000000,0.066
34987142,0xa84100cc2bf10484681b6a8e62bddd79f77fd4592d7ee90f9a8a51a6149260f1,2,7,0x0e18ada400ced8a77b82426983a7cb35804b3919e56a0c5dd1086856fc3acf2f,USDG,buy-quotron,47094869436285727,0.047094869436285727
34987142,0xa84100cc2bf10484681b6a8e62bddd79f77fd4592d7ee90f9a8a51a6149260f1,2,10,0x12255da5a22c6b07a0a77055d299320611c945426561b5dd7fff93ffb0c843ec,USDG,buy-quotron,59938924737090927,0.059938924737090927
34987142,0xa84100cc2bf10484681b6a8e62bddd79f77fd4592d7ee90f9a8a51a6149260f1,2,17,0x70fc6b95bc9647a87705f0b847ea7e55c5304892d547c92ce0bc40c9c6dbab91,ETH,buy-quotron,963304147560389893,0.963304147560389893
34987796,0x8afaddc449daafc932a52f8520995e1645e0a9702aa2dc0f59e5d2389f56e895,4,7,0x70fc6b95bc9647a87705f0b847ea7e55c5304892d547c92ce0bc40c9c6dbab91,ETH,buy-quotron,245420245530580511,0.245420245530580511
34987839,0x007376a1215a803f692d121df77e906bfe17e8ccfce8a5cecc49b0de9ffbb5eb,9,11,0x729d3926864156f4ba2d3c00e6278459e4f3065ede667eafd16db7548678356e,ETH,buy-quotron,2453832507520700993,2.453832507520700993
34988110,0xc02039c6821e2bed5d43ada4fcdc0acfaa8ee64999bd0b2e1d0fff4c00fa711e,6,20,0x729d3926864156f4ba2d3c00e6278459e4f3065ede667eafd16db7548678356e,ETH,buy-quotron,2433286698213984170,2.43328669821398417
34988663,0x4240cec6d07c21e835a788aff054a035c05a910832c7a89241c8c27050bed31f,4,16,0x729d3926864156f4ba2d3c00e6278459e4f3065ede667eafd16db7548678356e,ETH,sell-quotron,2016328488248362529,2.016328488248362529
34990091,0xd973acf39d98dadf9c1f1891d148191809d7f703145336386681ed8445f2c9c5,3,19,0x12255da5a22c6b07a0a77055d299320611c945426561b5dd7fff93ffb0c843ec,USDG,sell-quotron,33604079551914875,0.033604079551914875
34990211,0xf8d654e1b77cf5b08e0410c90b13e0411de36435b56d3c867e35cff5ea9a5b3f,4,32,0x0e18ada400ced8a77b82426983a7cb35804b3919e56a0c5dd1086856fc3acf2f,USDG,sell-quotron,32228647766998940,0.03222864776699894
34990344,0xe6c882ef810394f1f2bc8e2e974d667c5dc7da55120d5d7e7c5eb4c612a1a353,11,36,0x70fc6b95bc9647a87705f0b847ea7e55c5304892d547c92ce0bc40c9c6dbab91,ETH,sell-quotron,31638901462622211,0.031638901462622211
34990885,0x52470a0115837f88915498b049404b5c0be2813de0086f01cc60ea96d987c4c2,3,20,0x0e18ada400ced8a77b82426983a7cb35804b3919e56a0c5dd1086856fc3acf2f,USDG,sell-quotron,131357671422159210,0.13135767142215921
34990885,0x52470a0115837f88915498b049404b5c0be2813de0086f01cc60ea96d987c4c2,3,23,0x6598930795838a2dff245ef362d9132963c9e3bce815bd346edead74268d7c5c,USDG,sell-quotron,234365685714171890,0.23436568571417189
34990885,0x52470a0115837f88915498b049404b5c0be2813de0086f01cc60ea96d987c4c2,3,26,0x12255da5a22c6b07a0a77055d299320611c945426561b5dd7fff93ffb0c843ec,USDG,sell-quotron,124839353543128915,0.124839353543128915
34990885,0x52470a0115837f88915498b049404b5c0be2813de0086f01cc60ea96d987c4c2,3,30,0x70fc6b95bc9647a87705f0b847ea7e55c5304892d547c92ce0bc40c9c6dbab91,ETH,sell-quotron,2046130466362957047,2.046130466362957047
34990894,0x6b58c867efdf37c4a3d71e00f1e11d82f2f267eab91a26594f639e29f2606a5b,3,0,0xbc8daf9854280230ad91c55d3a18c2d239a73b3d1dc9824eb0956c754d99e9f1,USDG,sell-quotron,5911296125451113,0.005911296125451113
34990894,0x6b58c867efdf37c4a3d71e00f1e11d82f2f267eab91a26594f639e29f2606a5b,3,1,0x12255da5a22c6b07a0a77055d299320611c945426561b5dd7fff93ffb0c843ec,USDG,buy-quotron,5911296125451113,0.005911296125451113
34991099,0x0d002cd07ca9ee18a9bcbc1d22566d0fbab15a94fbc51f62177ad693a0e41370,11,34,0x70fc6b95bc9647a87705f0b847ea7e55c5304892d547c92ce0bc40c9c6dbab91,ETH,buy-quotron,1048918440426145942,1.048918440426145942
34991101,0xeb450b8676dff88f0c98ae587266f86f5cfff6165b5c05c8c10c424a0cf57d60,1,0,0x70fc6b95bc9647a87705f0b847ea7e55c5304892d547c92ce0bc40c9c6dbab91,ETH,sell-quotron,31892664749973104,0.031892664749973104
34991101,0xeb450b8676dff88f0c98ae587266f86f5cfff6165b5c05c8c10c424a0cf57d60,1,1,0x12255da5a22c6b07a0a77055d299320611c945426561b5dd7fff93ffb0c843ec,USDG,buy-quotron,31892664749973104,0.031892664749973104
34992495,0xa5ce4ac64fbfc40ebd020729ad3e5c67ac936e6dd6eb066a027e1e1c9a89d522,7,31,0x0e18ada400ced8a77b82426983a7cb35804b3919e56a0c5dd1086856fc3acf2f,USDG,buy-quotron,158064618574364575,0.158064618574364575
34992496,0x8c088c32eefc537b5507749e570c38ab1300421258f1429bfbd407156c277bd9,9,34,0x0e18ada400ced8a77b82426983a7cb35804b3919e56a0c5dd1086856fc3acf2f,USDG,sell-quotron,38772550328106193,0.038772550328106193
34992496,0x8c088c32eefc537b5507749e570c38ab1300421258f1429bfbd407156c277bd9,9,37,0x12255da5a22c6b07a0a77055d299320611c945426561b5dd7fff93ffb0c843ec,USDG,buy-quotron,38772550328106193,0.038772550328106193
34992563,0x2fa0ad48ee290fd1f32359da8cdb267b8b3c7d7593f5f93591fb4838b903a57c,1,4,0x70fc6b95bc9647a87705f0b847ea7e55c5304892d547c92ce0bc40c9c6dbab91,ETH,buy-quotron,608267262537486856,0.608267262537486856
34992719,0x754a58ee5a800b18d69c11e42bd0529d18609c6368d705c935a4146f9854ba72,10,37,0x70fc6b95bc9647a87705f0b847ea7e55c5304892d547c92ce0bc40c9c6dbab91,ETH,buy-quotron,786688830319609457,0.786688830319609457
34992720,0x967a9206523166356a0871da98c1382c4532e78094c1694d369017f4dec13cd8,6,7,0x70fc6b95bc9647a87705f0b847ea7e55c5304892d547c92ce0bc40c9c6dbab91,ETH,sell-quotron,24426961388447321,0.024426961388447321
34992720,0x967a9206523166356a0871da98c1382c4532e78094c1694d369017f4dec13cd8,6,8,0x12255da5a22c6b07a0a77055d299320611c945426561b5dd7fff93ffb0c843ec,USDG,buy-quotron,24426961388447321,0.024426961388447321
34992798,0x49bf21a3398c4802f48e915747022721705ef683b4d9e58ae5a082d3f95db0c3,10,82,0x70fc6b95bc9647a87705f0b847ea7e55c5304892d547c92ce0bc40c9c6dbab91,ETH,sell-quotron,1037902739219075907,1.037902739219075907
34992839,0x8c4b8af656c1c0d4383bc5ea0ed41e8ce91d07ec7f81229bfc7bb1fc74ef4154,12,15,0x70fc6b95bc9647a87705f0b847ea7e55c5304892d547c92ce0bc40c9c6dbab91,ETH,buy-quotron,590016622739707093,0.590016622739707093
34992985,0xe42081e41e4310debd5138fd6abe1a5dbee56384ffee68c6e92d4c231a7e9bfb,6,19,0x70fc6b95bc9647a87705f0b847ea7e55c5304892d547c92ce0bc40c9c6dbab91,ETH,buy-quotron,1770049868219121279,1.770049868219121279
34993079,0xbab86c46302a9a4dd1b60f51111c893cec641aff8db71a0dc73710e9032ab030,1,6,0x70fc6b95bc9647a87705f0b847ea7e55c5304892d547c92ce0bc40c9c6dbab91,ETH,sell-quotron,64269707595321290,0.06426970759532129
34993276,0xce892accb27b6c5fad30d0cf4f827843ac8ed2a638920204023ae4a561a850d6,4,9,0x70fc6b95bc9647a87705f0b847ea7e55c5304892d547c92ce0bc40c9c6dbab91,ETH,sell-quotron,1045531899549184035,1.045531899549184035
34994015,0x14a18f91440692645720c01572d54f700ef5c349428349f7a051c63c11fd0f34,14,29,0xbc8daf9854280230ad91c55d3a18c2d239a73b3d1dc9824eb0956c754d99e9f1,USDG,buy-quotron,8854308868960716,0.008854308868960716
34994015,0x14a18f91440692645720c01572d54f700ef5c349428349f7a051c63c11fd0f34,14,32,0x12255da5a22c6b07a0a77055d299320611c945426561b5dd7fff93ffb0c843ec,USDG,buy-quotron,101824551993048238,0.101824551993048238
34994015,0x14a18f91440692645720c01572d54f700ef5c349428349f7a051c63c11fd0f34,14,35,0x0e18ada400ced8a77b82426983a7cb35804b3919e56a0c5dd1086856fc3acf2f,USDG,buy-quotron,115106015296489313,0.115106015296489313
34994015,0x14a18f91440692645720c01572d54f700ef5c349428349f7a051c63c11fd0f34,14,38,0x6598930795838a2dff245ef362d9132963c9e3bce815bd346edead74268d7c5c,USDG,buy-quotron,216930567289537554,0.216930567289537554
34994015,0x14a18f91440692645720c01572d54f700ef5c349428349f7a051c63c11fd0f34,14,43,0x729d3926864156f4ba2d3c00e6278459e4f3065ede667eafd16db7548678356e,ETH,buy-quotron,953313921558103801,0.953313921558103801
34994015,0x14a18f91440692645720c01572d54f700ef5c349428349f7a051c63c11fd0f34,14,47,0x70fc6b95bc9647a87705f0b847ea7e55c5304892d547c92ce0bc40c9c6dbab91,ETH,buy-quotron,1555406924647432520,1.55540692464743252
34994432,0x11b8c85c92763a2f0b4295ea47f8301fed4499e2a7380c8385ddf2dc46bf90d7,8,33,0x12255da5a22c6b07a0a77055d299320611c945426561b5dd7fff93ffb0c843ec,USDG,buy-quotron,33492097189611825,0.033492097189611825
34994432,0x11b8c85c92763a2f0b4295ea47f8301fed4499e2a7380c8385ddf2dc46bf90d7,8,36,0x0e18ada400ced8a77b82426983a7cb35804b3919e56a0c5dd1086856fc3acf2f,USDG,buy-quotron,49121742544764010,0.04912174254476401
34994432,0x11b8c85c92763a2f0b4295ea47f8301fed4499e2a7380c8385ddf2dc46bf90d7,8,39,0x6598930795838a2dff245ef362d9132963c9e3bce815bd346edead74268d7c5c,USDG,buy-quotron,140666808196369667,0.140666808196369667
34994432,0x11b8c85c92763a2f0b4295ea47f8301fed4499e2a7380c8385ddf2dc46bf90d7,8,44,0x70fc6b95bc9647a87705f0b847ea7e55c5304892d547c92ce0bc40c9c6dbab91,ETH,buy-quotron,1442392985632615949,1.442392985632615949
34994432,0x11b8c85c92763a2f0b4295ea47f8301fed4499e2a7380c8385ddf2dc46bf90d7,8,50,0x729d3926864156f4ba2d3c00e6278459e4f3065ede667eafd16db7548678356e,ETH,buy-quotron,2799939325051548607,2.799939325051548607
34994598,0x7d8986ed67d8f5d71b40ffb815bb085c6e51a5e8d21c1f9d4662be1d6f0553a7,4,69,0x729d3926864156f4ba2d3c00e6278459e4f3065ede667eafd16db7548678356e,ETH,buy-quotron,5004089158729776650,5.00408915872977665
34994598,0x7d8986ed67d8f5d71b40ffb815bb085c6e51a5e8d21c1f9d4662be1d6f0553a7,4,82,0x70fc6b95bc9647a87705f0b847ea7e55c5304892d547c92ce0bc40c9c6dbab91,ETH,buy-quotron,2694509547008341274,2.694509547008341274
34994657,0xb43776a5f1bd42794cc20b84094f5fa778d40ffdf761483e1a75978a03b7d6d7,2,0,0x729d3926864156f4ba2d3c00e6278459e4f3065ede667eafd16db7548678356e,ETH,buy-quotron,4385524277490302856,4.385524277490302856
34994688,0xc50728900a5a2cc62279e541d437e8e585dd1c0dfd7e4371561dd7a6031035ee,6,13,0x70fc6b95bc9647a87705f0b847ea7e55c5304892d547c92ce0bc40c9c6dbab91,ETH,sell-quotron,1100220728876254909,1.100220728876254909
34994798,0xcf2d28627812dcc6c4c5ba5bc36434abaebc6ecfccac6d27fbd9be2f167c2493,5,6,0x729d3926864156f4ba2d3c00e6278459e4f3065ede667eafd16db7548678356e,ETH,sell-quotron,2779845266545641840,2.77984526654564184
34994840,0xbbef6ea23266863f6213d55bf53d096de1d7106f01cd08c9ed11e31f4d8f7990,7,6,0x70fc6b95bc9647a87705f0b847ea7e55c5304892d547c92ce0bc40c9c6dbab91,ETH,sell-quotron,955462827155862201,0.955462827155862201
34994840,0xbbef6ea23266863f6213d55bf53d096de1d7106f01cd08c9ed11e31f4d8f7990,7,9,0x12255da5a22c6b07a0a77055d299320611c945426561b5dd7fff93ffb0c843ec,USDG,sell-quotron,49337694233658036,0.049337694233658036
34995064,0xbfe73a69a88ab46f2a039adf5fc8c26eee16b498716ae84c0acb5022a00c934d,9,9,0x70fc6b95bc9647a87705f0b847ea7e55c5304892d547c92ce0bc40c9c6dbab91,ETH,sell-quotron,442176890272352259,0.442176890272352259
34995194,0x4da6c41051d7e9fa8d4924d387308eb9297d53a403920a507bf4f11f4cdc6b1f,2,0,0x729d3926864156f4ba2d3c00e6278459e4f3065ede667eafd16db7548678356e,ETH,buy-quotron,111095490559789003,0.111095490559789003
34995331,0x6b6e9c10a18b45d58467222f859e9534eaa6318b524f0670d9a20198b79530e1,5,21,0x70fc6b95bc9647a87705f0b847ea7e55c5304892d547c92ce0bc40c9c6dbab91,ETH,sell-quotron,3297348185861982296,3.297348185861982296
34995332,0x6e35e707a113886ebefbaed217205825cd65bad04b81003c22bd7d0ae644ec65,14,12,0x0e18ada400ced8a77b82426983a7cb35804b3919e56a0c5dd1086856fc3acf2f,USDG,sell-quotron,121126507952212388,0.121126507952212388
34995332,0x6e35e707a113886ebefbaed217205825cd65bad04b81003c22bd7d0ae644ec65,14,15,0x70fc6b95bc9647a87705f0b847ea7e55c5304892d547c92ce0bc40c9c6dbab91,ETH,buy-quotron,121126507952212388,0.121126507952212388
34995333,0x9c17121b133e97739b1657451e5a0ee2156b5b0f2e4d99791fd46df67404dc0c,12,15,0x12255da5a22c6b07a0a77055d299320611c945426561b5dd7fff93ffb0c843ec,USDG,sell-quotron,49017370757087407,0.049017370757087407
34995333,0x9c17121b133e97739b1657451e5a0ee2156b5b0f2e4d99791fd46df67404dc0c,12,18,0x70fc6b95bc9647a87705f0b847ea7e55c5304892d547c92ce0bc40c9c6dbab91,ETH,buy-quotron,49017370757087407,0.049017370757087407
34996266,0xb77ec971d2193636ce0607a810ab2528af21bed8226fed60fbddd33aacac3b9e,3,4,0x70fc6b95bc9647a87705f0b847ea7e55c5304892d547c92ce0bc40c9c6dbab91,ETH,buy-quotron,12998736090732084,0.012998736090732084
34996850,0xcb627fb64fa6b3381e6daf9271509f1d4832a7099b6e3f45a28ad32488543818,10,123,0x70fc6b95bc9647a87705f0b847ea7e55c5304892d547c92ce0bc40c9c6dbab91,ETH,buy-quotron,8373531986448692906,8.373531986448692906
34996850,0xcb627fb64fa6b3381e6daf9271509f1d4832a7099b6e3f45a28ad32488543818,10,142,0x729d3926864156f4ba2d3c00e6278459e4f3065ede667eafd16db7548678356e,ETH,buy-quotron,3544141155595681766,3.544141155595681766
34996850,0xcb627fb64fa6b3381e6daf9271509f1d4832a7099b6e3f45a28ad32488543818,10,153,0x0e18ada400ced8a77b82426983a7cb35804b3919e56a0c5dd1086856fc3acf2f,USDG,buy-quotron,322189766534805560,0.32218976653480556
34996850,0xcb627fb64fa6b3381e6daf9271509f1d4832a7099b6e3f45a28ad32488543818,10,156,0x6598930795838a2dff245ef362d9132963c9e3bce815bd346edead74268d7c5c,USDG,buy-quotron,322238099833115613,0.322238099833115613
34996850,0xcb627fb64fa6b3381e6daf9271509f1d4832a7099b6e3f45a28ad32488543818,10,159,0x12255da5a22c6b07a0a77055d299320611c945426561b5dd7fff93ffb0c843ec,USDG,buy-quotron,322238099833115613,0.322238099833115613
34996851,0x819ca193694e7f69b9d9d721ea36a42e1e1a99be676356c28387f2e5228a3d7e,11,7,0x12255da5a22c6b07a0a77055d299320611c945426561b5dd7fff93ffb0c843ec,USDG,sell-quotron,76234133738679554,0.076234133738679554
34996851,0x819ca193694e7f69b9d9d721ea36a42e1e1a99be676356c28387f2e5228a3d7e,11,10,0x6598930795838a2dff245ef362d9132963c9e3bce815bd346edead74268d7c5c,USDG,buy-quotron,76234133738679554,0.076234133738679554
34996853,0x09f81c6f4533efa9c14946f9402cbdac5b7dd6ed8de1264e5d6f6e8bdcca0be5,3,4,0x12255da5a22c6b07a0a77055d299320611c945426561b5dd7fff93ffb0c843ec,USDG,sell-quotron,16712681338054900,0.0167126813380549
34996853,0x09f81c6f4533efa9c14946f9402cbdac5b7dd6ed8de1264e5d6f6e8bdcca0be5,3,5,0x12d26766632d986c7efe362c9b6bb7b7bf1551490f8847489e7236a060a99063,USDG,buy-quotron,16712681338054900,0.0167126813380549
34996873,0x7d8953fb7a5f1fc671dc15af2d01ee3bfb536eef0610c2723a2c7daaf16a6f94,8,28,0x0e18ada400ced8a77b82426983a7cb35804b3919e56a0c5dd1086856fc3acf2f,USDG,sell-quotron,53835364507781520,0.05383536450778152
34996992,0x27ecd2ebb141962cb0975a7366152b936afcb3c743ea08284d0c5fa9443a657f,6,31,0x12255da5a22c6b07a0a77055d299320611c945426561b5dd7fff93ffb0c843ec,USDG,sell-quotron,55051847931977359,0.055051847931977359
34996998,0xee5af77b1fee5db171229e38d3b2921e9ae54390409664866a597a8d49f7aaa4,1,0,0x729d3926864156f4ba2d3c00e6278459e4f3065ede667eafd16db7548678356e,ETH,buy-quotron,1000000000000000000,1
34997051,0x771ef6657e80dcde3d7cdf3bf5fa1029766dff22a69a16bce6d190183764c94a,14,5,0x729d3926864156f4ba2d3c00e6278459e4f3065ede667eafd16db7548678356e,ETH,buy-quotron,994504788171563930,0.99450478817156393
34997079,0xefc9e6beee9fd01ee41a135c56f50eb3dceffe683134c100e823b83091989d11,14,57,0x729d3926864156f4ba2d3c00e6278459e4f3065ede667eafd16db7548678356e,ETH,buy-quotron,1000000000000000000,1
34997189,0x259c21f85f5e21b767883dd5017fe923960d6aef0cd561ed8d445a8a9e6d6bb8,2,6,0x70fc6b95bc9647a87705f0b847ea7e55c5304892d547c92ce0bc40c9c6dbab91,ETH,sell-quotron,1056122344819407390,1.05612234481940739
34997349,0x5c1c51f62fcfef778b6429c8915ced6a1d3887a854b872e7802c68d6bb307999,6,20,0x0e18ada400ced8a77b82426983a7cb35804b3919e56a0c5dd1086856fc3acf2f,USDG,sell-quotron,49086766050394099,0.049086766050394099
34997520,0xf175ef54839987bf182d496fc77709eeeb4910d2308d4d8bee8e0f7340c25703,12,35,0x70fc6b95bc9647a87705f0b847ea7e55c5304892d547c92ce0bc40c9c6dbab91,ETH,sell-quotron,48314541478539384,0.048314541478539384
34997648,0x16467c25a73fabb873bf4e8ebc946e86ef43a083e469a123f87c396f41e30b80,16,112,0x70fc6b95bc9647a87705f0b847ea7e55c5304892d547c92ce0bc40c9c6dbab91,ETH,sell-quotron,96161281520342164,0.096161281520342164
34997768,0xabfafb11a1a555b93422d48a8f885038f1cf190d29a95053a160d7710a7cc0a4,17,44,0x70fc6b95bc9647a87705f0b847ea7e55c5304892d547c92ce0bc40c9c6dbab91,ETH,sell-quotron,95543504053202860,0.09554350405320286
34998101,0xd984de5153868d5fe6869193a0fa2fa2ac78bd8fc78cbd36f5d82f6a31755cef,8,19,0x12255da5a22c6b07a0a77055d299320611c945426561b5dd7fff93ffb0c843ec,USDG,sell-quotron,47982740320039235,0.047982740320039235
34998140,0xd6e096ec03a18e7be261f5080e89ec014f6465a9e011cefd449b6656c06229b0,8,38,0x70fc6b95bc9647a87705f0b847ea7e55c5304892d547c92ce0bc40c9c6dbab91,ETH,sell-quotron,1206077325824196042,1.206077325824196042
34998140,0xd6e096ec03a18e7be261f5080e89ec014f6465a9e011cefd449b6656c06229b0,8,45,0x12255da5a22c6b07a0a77055d299320611c945426561b5dd7fff93ffb0c843ec,USDG,sell-quotron,53060063460796041,0.053060063460796041
34998140,0xd6e096ec03a18e7be261f5080e89ec014f6465a9e011cefd449b6656c06229b0,8,48,0x0e18ada400ced8a77b82426983a7cb35804b3919e56a0c5dd1086856fc3acf2f,USDG,sell-quotron,29185281665823278,0.029185281665823278
34998221,0xd60804bfc7c03c2002264f35035c9be9f85de39f097d522c369f04ed9b9a5eed,4,13,0x70fc6b95bc9647a87705f0b847ea7e55c5304892d547c92ce0bc40c9c6dbab91,ETH,sell-quotron,1111795517388610636,1.111795517388610636
34998309,0x610e476b32194e550db69e9114a9d980715eb6274bb74b35cf1b6303c376bd0e,5,20,0x0e18ada400ced8a77b82426983a7cb35804b3919e56a0c5dd1086856fc3acf2f,USDG,sell-quotron,81752531654604304,0.081752531654604304
34998388,0x481245b931b5f7434cfd1a6216e55b4d0cdde063338e9f6125a0be0169489923,3,25,0x70fc6b95bc9647a87705f0b847ea7e55c5304892d547c92ce0bc40c9c6dbab91,ETH,sell-quotron,1905763649015490472,1.905763649015490472
34998759,0xa0d21a7859395d1e386a3a65a87ff507a8a75fa6153b76ed9b7dd4e9450d3b7f,73,392,0x70fc6b95bc9647a87705f0b847ea7e55c5304892d547c92ce0bc40c9c6dbab91,ETH,sell-quotron,960455079469116838,0.960455079469116838
34998793,0xdd6c9becaa15b5182bf87151c5987042427694ddea835215041dc91c89c58b26,8,37,0x729d3926864156f4ba2d3c00e6278459e4f3065ede667eafd16db7548678356e,ETH,sell-quotron,239818926256027214,0.239818926256027214
34998793,0xdd6c9becaa15b5182bf87151c5987042427694ddea835215041dc91c89c58b26,8,40,0x70fc6b95bc9647a87705f0b847ea7e55c5304892d547c92ce0bc40c9c6dbab91,ETH,sell-quotron,565073294167097260,0.56507329416709726
34998793,0xdd6c9becaa15b5182bf87151c5987042427694ddea835215041dc91c89c58b26,8,45,0x12255da5a22c6b07a0a77055d299320611c945426561b5dd7fff93ffb0c843ec,USDG,sell-quotron,49937614072950367,0.049937614072950367
34998793,0xdd6c9becaa15b5182bf87151c5987042427694ddea835215041dc91c89c58b26,8,48,0x0e18ada400ced8a77b82426983a7cb35804b3919e56a0c5dd1086856fc3acf2f,USDG,sell-quotron,50320150703835986,0.050320150703835986
34998793,0xdd6c9becaa15b5182bf87151c5987042427694ddea835215041dc91c89c58b26,8,51,0x6598930795838a2dff245ef362d9132963c9e3bce815bd346edead74268d7c5c,USDG,sell-quotron,24176126962916211,0.024176126962916211
34999139,0xb96906b96d9d0d53898f12ada005c7696a81df30625b27ac48c7295589b15065,1,2,0x729d3926864156f4ba2d3c00e6278459e4f3065ede667eafd16db7548678356e,ETH,sell-quotron,853272847240224905,0.853272847240224905
34999139,0xb96906b96d9d0d53898f12ada005c7696a81df30625b27ac48c7295589b15065,1,7,0x6598930795838a2dff245ef362d9132963c9e3bce815bd346edead74268d7c5c,USDG,sell-quotron,63469297523894792,0.063469297523894792
34999139,0xb96906b96d9d0d53898f12ada005c7696a81df30625b27ac48c7295589b15065,1,10,0x0e18ada400ced8a77b82426983a7cb35804b3919e56a0c5dd1086856fc3acf2f,USDG,sell-quotron,21089947178665114,0.021089947178665114
34999546,0x5b0276652fc6d7aeac086570497baf5dc2db757a1dc0b806424acf961ae242b9,7,33,0x729d3926864156f4ba2d3c00e6278459e4f3065ede667eafd16db7548678356e,ETH,sell-quotron,905088704799420076,0.905088704799420076
34999738,0xa1ccad37bd57a94e5ef4465f05f9242a38bd109b2e58d9f43b413ef65e750476,6,17,0x729d3926864156f4ba2d3c00e6278459e4f3065ede667eafd16db7548678356e,ETH,sell-quotron,1075347955586543906,1.075347955586543906
35000327,0xeaa4a6808f6174534ab6d04c394a9a1e61e5fc7803b26bbcdeaa01525c0972c0,2,8,0x6598930795838a2dff245ef362d9132963c9e3bce815bd346edead74268d7c5c,USDG,sell-quotron,134283287414893699,0.134283287414893699
35000327,0xeaa4a6808f6174534ab6d04c394a9a1e61e5fc7803b26bbcdeaa01525c0972c0,2,11,0x12255da5a22c6b07a0a77055d299320611c945426561b5dd7fff93ffb0c843ec,USDG,sell-quotron,27398318997848991,0.027398318997848991
35000327,0xeaa4a6808f6174534ab6d04c394a9a1e61e5fc7803b26bbcdeaa01525c0972c0,2,14,0x0e18ada400ced8a77b82426983a7cb35804b3919e56a0c5dd1086856fc3acf2f,USDG,sell-quotron,53256150826789468,0.053256150826789468
35000327,0xeaa4a6808f6174534ab6d04c394a9a1e61e5fc7803b26bbcdeaa01525c0972c0,2,18,0x729d3926864156f4ba2d3c00e6278459e4f3065ede667eafd16db7548678356e,ETH,sell-quotron,708546833670782459,0.708546833670782459
35000327,0xeaa4a6808f6174534ab6d04c394a9a1e61e5fc7803b26bbcdeaa01525c0972c0,2,21,0x70fc6b95bc9647a87705f0b847ea7e55c5304892d547c92ce0bc40c9c6dbab91,ETH,sell-quotron,123147521079554828,0.123147521079554828
35000471,0x2becb240e9dbc355bccef6527f486c8e35d4170e40483e6f653f7a88514be844,9,21,0x729d3926864156f4ba2d3c00e6278459e4f3065ede667eafd16db7548678356e,ETH,sell-quotron,2088148657863993310,2.08814865786399331
35000862,0xbec97e202fadfd4ac2ae18f0e45bb42568b33aa4151e5bd66743cde5cb567bdd,2,6,0x70fc6b95bc9647a87705f0b847ea7e55c5304892d547c92ce0bc40c9c6dbab91,ETH,sell-quotron,817234319346013938,0.817234319346013938
35000862,0xbec97e202fadfd4ac2ae18f0e45bb42568b33aa4151e5bd66743cde5cb567bdd,2,12,0x0e18ada400ced8a77b82426983a7cb35804b3919e56a0c5dd1086856fc3acf2f,USDG,sell-quotron,99663393852806503,0.099663393852806503
35000862,0xbec97e202fadfd4ac2ae18f0e45bb42568b33aa4151e5bd66743cde5cb567bdd,2,18,0x12255da5a22c6b07a0a77055d299320611c945426561b5dd7fff93ffb0c843ec,USDG,sell-quotron,78919904886812237,0.078919904886812237
35000862,0xbec97e202fadfd4ac2ae18f0e45bb42568b33aa4151e5bd66743cde5cb567bdd,2,24,0xbc8daf9854280230ad91c55d3a18c2d239a73b3d1dc9824eb0956c754d99e9f1,USDG,sell-quotron,5112872713098325,0.005112872713098325
35000862,0xbec97e202fadfd4ac2ae18f0e45bb42568b33aa4151e5bd66743cde5cb567bdd,2,35,0xbc8daf9854280230ad91c55d3a18c2d239a73b3d1dc9824eb0956c754d99e9f1,USDG,sell-quotron,3107896834661739,0.003107896834661739
35000862,0xbec97e202fadfd4ac2ae18f0e45bb42568b33aa4151e5bd66743cde5cb567bdd,2,44,0x12255da5a22c6b07a0a77055d299320611c945426561b5dd7fff93ffb0c843ec,USDG,sell-quotron,423707227901399,0.000423707227901399
35000863,0xff7acb6fe96e00cf00c3f004de3a4d3b73cf4fc6070f95a2d6683892362bf9bb,11,50,0x6598930795838a2dff245ef362d9132963c9e3bce815bd346edead74268d7c5c,USDG,sell-quotron,36383147164029987,0.036383147164029987
35000863,0xff7acb6fe96e00cf00c3f004de3a4d3b73cf4fc6070f95a2d6683892362bf9bb,11,53,0x12255da5a22c6b07a0a77055d299320611c945426561b5dd7fff93ffb0c843ec,USDG,buy-quotron,36383147164029987,0.036383147164029987
35001004,0x2c2faee8630ab3e0d0420f36035f36414762ef9d5f944d056179c29fcb8160c1,7,22,0x6598930795838a2dff245ef362d9132963c9e3bce815bd346edead74268d7c5c,USDG,sell-quotron,94515180787015311,0.094515180787015311
35001004,0x2c2faee8630ab3e0d0420f36035f36414762ef9d5f944d056179c29fcb8160c1,7,26,0x729d3926864156f4ba2d3c00e6278459e4f3065ede667eafd16db7548678356e,ETH,sell-quotron,821496797240260620,0.82149679724026062
35002380,0x4f8121c6da23ad9c497f7e6eba60737219c6f90a34eb74ebfcb40d0e254abb5a,5,21,0x70fc6b95bc9647a87705f0b847ea7e55c5304892d547c92ce0bc40c9c6dbab91,ETH,buy-quotron,1131803037504936208,1.131803037504936208
35002381,0x4c53dabc0587c7baa8452efa00ad3a3351977f87e29edd8bd886c35ab6829d42,10,38,0x70fc6b95bc9647a87705f0b847ea7e55c5304892d547c92ce0bc40c9c6dbab91,ETH,sell-quotron,63681798312568802,0.063681798312568802
35002381,0x4c53dabc0587c7baa8452efa00ad3a3351977f87e29edd8bd886c35ab6829d42,10,41,0x0e18ada400ced8a77b82426983a7cb35804b3919e56a0c5dd1086856fc3acf2f,USDG,buy-quotron,63681798312568802,0.063681798312568802
35002383,0xb18578b5418bcadb68b684c9eaa4de4a34f358a330948f90c033ee8170037cac,6,16,0x70fc6b95bc9647a87705f0b847ea7e55c5304892d547c92ce0bc40c9c6dbab91,ETH,sell-quotron,21257019157396956,0.021257019157396956
35002383,0xb18578b5418bcadb68b684c9eaa4de4a34f358a330948f90c033ee8170037cac,6,17,0x12255da5a22c6b07a0a77055d299320611c945426561b5dd7fff93ffb0c843ec,USDG,buy-quotron,21257019157396956,0.021257019157396956
35002580,0x942ffc1f708f52b4f471581c547a32d2cfc062f0db719bc052593f90e69ee4fe,13,19,0x0e18ada400ced8a77b82426983a7cb35804b3919e56a0c5dd1086856fc3acf2f,USDG,buy-quotron,23213669872992665,0.023213669872992665
35003325,0x2c7931dc0c1e98a76a1d148f3bed89951d05a8522bc36b921800bf4a5eefdfe9,2,64,0x729d3926864156f4ba2d3c00e6278459e4f3065ede667eafd16db7548678356e,ETH,buy-quotron,2802925534383597598,2.802925534383597598
35003325,0x2c7931dc0c1e98a76a1d148f3bed89951d05a8522bc36b921800bf4a5eefdfe9,2,99,0x70fc6b95bc9647a87705f0b847ea7e55c5304892d547c92ce0bc40c9c6dbab91,ETH,buy-quotron,5024289026866325883,5.024289026866325883
35003326,0x968803b721c4400eb00500d31f00f0f82f8200e8372ce137ba03a0c341396027,6,21,0x70fc6b95bc9647a87705f0b847ea7e55c5304892d547c92ce0bc40c9c6dbab91,ETH,sell-quotron,143092162721424977,0.143092162721424977
35003326,0x968803b721c4400eb00500d31f00f0f82f8200e8372ce137ba03a0c341396027,6,24,0x0e18ada400ced8a77b82426983a7cb35804b3919e56a0c5dd1086856fc3acf2f,USDG,buy-quotron,143092162721424977,0.143092162721424977
35003326,0x96029c976993a5f3d21c4c2933d00ec961c71f97c36a924893ff5a4638079a63,14,64,0x12255da5a22c6b07a0a77055d299320611c945426561b5dd7fff93ffb0c843ec,USDG,buy-quotron,47307555985139764,0.047307555985139764
35003326,0x96029c976993a5f3d21c4c2933d00ec961c71f97c36a924893ff5a4638079a63,14,70,0x70fc6b95bc9647a87705f0b847ea7e55c5304892d547c92ce0bc40c9c6dbab91,ETH,sell-quotron,47307555985139764,0.047307555985139764
35003327,0xcac773ce0dcf3212afd63221e59f8b99d0355804de78e69e594f4677f22321b4,20,50,0x70fc6b95bc9647a87705f0b847ea7e55c5304892d547c92ce0bc40c9c6dbab91,ETH,sell-quotron,110760340019203373,0.110760340019203373
35003327,0xcac773ce0dcf3212afd63221e59f8b99d0355804de78e69e594f4677f22321b4,20,53,0x12255da5a22c6b07a0a77055d299320611c945426561b5dd7fff93ffb0c843ec,USDG,buy-quotron,110760340019203373,0.110760340019203373
35003331,0xbcb95e964e4de56be2274a4bd6d959f22a5fa2c2a710624d5e4597f4d6d01ad1,20,12,0x70fc6b95bc9647a87705f0b847ea7e55c5304892d547c92ce0bc40c9c6dbab91,ETH,sell-quotron,6889317940144536,0.006889317940144536
35003331,0xbcb95e964e4de56be2274a4bd6d959f22a5fa2c2a710624d5e4597f4d6d01ad1,20,15,0xbc8daf9854280230ad91c55d3a18c2d239a73b3d1dc9824eb0956c754d99e9f1,USDG,buy-quotron,6889317940144536,0.006889317940144536
35003481,0x6e2089c6610e6eeff5ea1aa19881d8b27f02a3532adf2df6e060ca6ed6ab8570,19,18,0x70fc6b95bc9647a87705f0b847ea7e55c5304892d547c92ce0bc40c9c6dbab91,ETH,sell-quotron,2720939280267629987,2.720939280267629987
35003591,0xb3ce1f592301c45f2feca7f70d046f61f533dd2a8d0cc532f89804c3ba734cd8,27,33,0x70fc6b95bc9647a87705f0b847ea7e55c5304892d547c92ce0bc40c9c6dbab91,ETH,sell-quotron,960949406770811230,0.96094940677081123
35003750,0xeee1bb2c636ff9dcbac560bfc47d53ce407379529dd0afb992a094e81ccbbf0d,3,14,0x70fc6b95bc9647a87705f0b847ea7e55c5304892d547c92ce0bc40c9c6dbab91,ETH,sell-quotron,61573827698570084,0.061573827698570084
35003839,0x544eb535d75f2c04e657ac6c637d577978d8de12bfb59cb651d5a3e89e870cf0,11,18,0x12255da5a22c6b07a0a77055d299320611c945426561b5dd7fff93ffb0c843ec,USDG,sell-quotron,141095355144791683,0.141095355144791683
35003841,0xdb24c480d1c4d163229b03e56a0cdf8f5901e54452ccea12edd3dc35427a3a6f,6,4,0x0e18ada400ced8a77b82426983a7cb35804b3919e56a0c5dd1086856fc3acf2f,USDG,sell-quotron,29095009179310822,0.029095009179310822
35003841,0xdb24c480d1c4d163229b03e56a0cdf8f5901e54452ccea12edd3dc35427a3a6f,6,5,0x12255da5a22c6b07a0a77055d299320611c945426561b5dd7fff93ffb0c843ec,USDG,buy-quotron,29095009179310822,0.029095009179310822
35004127,0x66270613777ef40d7d24d76c81a8a710caa821fc8e649e0964358b4b1ffdf6d4,15,33,0x70fc6b95bc9647a87705f0b847ea7e55c5304892d547c92ce0bc40c9c6dbab91,ETH,sell-quotron,476141020017141468,0.476141020017141468
35004523,0x5eb93d9fbfd6ec1015f24c04d48ab54c40aba882b1c4c387711e6337aa52fc70,18,45,0x0e18ada400ced8a77b82426983a7cb35804b3919e56a0c5dd1086856fc3acf2f,USDG,sell-quotron,144189229296836535,0.144189229296836535
35004523,0x5eb93d9fbfd6ec1015f24c04d48ab54c40aba882b1c4c387711e6337aa52fc70,18,48,0x12255da5a22c6b07a0a77055d299320611c945426561b5dd7fff93ffb0c843ec,USDG,sell-quotron,68104891799177651,0.068104891799177651
35004523,0x5eb93d9fbfd6ec1015f24c04d48ab54c40aba882b1c4c387711e6337aa52fc70,18,52,0x70fc6b95bc9647a87705f0b847ea7e55c5304892d547c92ce0bc40c9c6dbab91,ETH,sell-quotron,501551463350794742,0.501551463350794742
35004523,0x5eb93d9fbfd6ec1015f24c04d48ab54c40aba882b1c4c387711e6337aa52fc70,18,55,0x729d3926864156f4ba2d3c00e6278459e4f3065ede667eafd16db7548678356e,ETH,sell-quotron,1976354928218423045,1.976354928218423045
35004524,0xc4e7d8d4199080489ed020da19bd55b3a48177ccdab7cf7876d212c5d508355d,15,63,0x12255da5a22c6b07a0a77055d299320611c945426561b5dd7fff93ffb0c843ec,USDG,buy-quotron,32211485686849668,0.032211485686849668
35006752,0x0a670e20104e921df546a38e5329624a18126b85fff7405fdcb0e59e14f2030e,8,5,0x0e18ada400ced8a77b82426983a7cb35804b3919e56a0c5dd1086856fc3acf2f,USDG,buy-quotron,40257194507070153,0.040257194507070153
35012601,0x2d2df123d8cc2f1e89d02906ceb6a45e3103841506f81d6ed2e122d7f2a69901,12,39,0x0e18ada400ced8a77b82426983a7cb35804b3919e56a0c5dd1086856fc3acf2f,USDG,sell-quotron,24386196206241447,0.024386196206241447
35012756,0x6fc44fc75c29b769e78321a20df97451b63d58bc3b0e45765599c622d35f700f,12,51,0x12255da5a22c6b07a0a77055d299320611c945426561b5dd7fff93ffb0c843ec,USDG,sell-quotron,25813791766775569,0.025813791766775569
35014211,0x7365b2f1b649295e9fcd6ffdb4962b5c72d8314b97c264107f138d528e439d34,6,281,0x0e18ada400ced8a77b82426983a7cb35804b3919e56a0c5dd1086856fc3acf2f,USDG,sell-quotron,57201185513270376,0.057201185513270376
35014211,0x7365b2f1b649295e9fcd6ffdb4962b5c72d8314b97c264107f138d528e439d34,6,284,0x6598930795838a2dff245ef362d9132963c9e3bce815bd346edead74268d7c5c,USDG,sell-quotron,179909775402436900,0.1799097754024369
35014211,0x7365b2f1b649295e9fcd6ffdb4962b5c72d8314b97c264107f138d528e439d34,6,287,0x12255da5a22c6b07a0a77055d299320611c945426561b5dd7fff93ffb0c843ec,USDG,sell-quotron,28485889813014695,0.028485889813014695
35014211,0x7365b2f1b649295e9fcd6ffdb4962b5c72d8314b97c264107f138d528e439d34,6,291,0x729d3926864156f4ba2d3c00e6278459e4f3065ede667eafd16db7548678356e,ETH,sell-quotron,415772731309420415,0.415772731309420415
35014211,0x7365b2f1b649295e9fcd6ffdb4962b5c72d8314b97c264107f138d528e439d34,6,294,0x70fc6b95bc9647a87705f0b847ea7e55c5304892d547c92ce0bc40c9c6dbab91,ETH,sell-quotron,468880257650339180,0.46888025765033918
35015008,0x7fb6d19f5162c3e7e38e7201c96bb0c713465e8581e1bb5cc685ecfd7478bccd,1,186,0x70fc6b95bc9647a87705f0b847ea7e55c5304892d547c92ce0bc40c9c6dbab91,ETH,buy-quotron,11064071034445152776,11.064071034445152776
35015008,0x7fb6d19f5162c3e7e38e7201c96bb0c713465e8581e1bb5cc685ecfd7478bccd,1,211,0x729d3926864156f4ba2d3c00e6278459e4f3065ede667eafd16db7548678356e,ETH,buy-quotron,1746960202962149885,1.746960202962149885
35015008,0x7fb6d19f5162c3e7e38e7201c96bb0c713465e8581e1bb5cc685ecfd7478bccd,1,218,0x0e18ada400ced8a77b82426983a7cb35804b3919e56a0c5dd1086856fc3acf2f,USDG,buy-quotron,582009333836436245,0.582009333836436245
35015008,0x7fb6d19f5162c3e7e38e7201c96bb0c713465e8581e1bb5cc685ecfd7478bccd,1,223,0xbc8daf9854280230ad91c55d3a18c2d239a73b3d1dc9824eb0956c754d99e9f1,USDG,buy-quotron,8156475429158762293,8.156475429158762293
35015008,0x7fb6d19f5162c3e7e38e7201c96bb0c713465e8581e1bb5cc685ecfd7478bccd,1,242,0x12255da5a22c6b07a0a77055d299320611c945426561b5dd7fff93ffb0c843ec,USDG,buy-quotron,582665027911433674,0.582665027911433674
35015008,0x7fb6d19f5162c3e7e38e7201c96bb0c713465e8581e1bb5cc685ecfd7478bccd,1,245,0x6598930795838a2dff245ef362d9132963c9e3bce815bd346edead74268d7c5c,USDG,buy-quotron,1165504872812939787,1.165504872812939787
35015009,0xe88cccd8547aaae3747ccbf85386dbfcf0d9c23cb1b24f508bf23560521a6d12,8,16,0x12255da5a22c6b07a0a77055d299320611c945426561b5dd7fff93ffb0c843ec,USDG,sell-quotron,159629088353592564,0.159629088353592564
35015009,0xe88cccd8547aaae3747ccbf85386dbfcf0d9c23cb1b24f508bf23560521a6d12,8,19,0xbc8daf9854280230ad91c55d3a18c2d239a73b3d1dc9824eb0956c754d99e9f1,USDG,buy-quotron,159629088353592564,0.159629088353592564
35015014,0xed7c120d03ee5e09dd2c6496ad4ba0ae2ee5def779482878bd44a3ef7876e8c2,6,18,0x0e18ada400ced8a77b82426983a7cb35804b3919e56a0c5dd1086856fc3acf2f,USDG,sell-quotron,8266358495496118,0.008266358495496118
35015014,0xed7c120d03ee5e09dd2c6496ad4ba0ae2ee5def779482878bd44a3ef7876e8c2,6,19,0x7c958bd62c1e273c8fcdd863d8b890eece9f56622e545141b2699c8b42688072,USDG,buy-quotron,8266358495496118,0.008266358495496118
35015898,0xf441aa24fd09b23854e36a490f4c7bfd10c0bec0ce1c6599afe20c008d888df6,3,17,0x12255da5a22c6b07a0a77055d299320611c945426561b5dd7fff93ffb0c843ec,USDG,sell-quotron,66123106727928004,0.066123106727928004
35015956,0xa8b58ff6e5a8916ab9fb8f69328f2dc52f5b57192603e4cd21a193ba314db5f5,2,8,0xbc8daf9854280230ad91c55d3a18c2d239a73b3d1dc9824eb0956c754d99e9f1,USDG,buy-quotron,380306627382014254,0.380306627382014254
35016236,0xb978a20e47f7635823ecc1f2fc6bc43acb2f99c2c84e4fe07f4e8906eb35fce5,2,3,0x0e18ada400ced8a77b82426983a7cb35804b3919e56a0c5dd1086856fc3acf2f,USDG,sell-quotron,74958592366317445,0.074958592366317445
35016236,0xb978a20e47f7635823ecc1f2fc6bc43acb2f99c2c84e4fe07f4e8906eb35fce5,2,6,0xbc8daf9854280230ad91c55d3a18c2d239a73b3d1dc9824eb0956c754d99e9f1,USDG,sell-quotron,578430784607730163,0.578430784607730163
35016236,0xb978a20e47f7635823ecc1f2fc6bc43acb2f99c2c84e4fe07f4e8906eb35fce5,2,9,0x70fc6b95bc9647a87705f0b847ea7e55c5304892d547c92ce0bc40c9c6dbab91,ETH,sell-quotron,347372535631019763,0.347372535631019763
35016254,0xdfb97b62cfe3ec8c28c8ebb6155b5c0fe260b548b0380a8f6f7d9a5d8073ff10,4,20,0xbc8daf9854280230ad91c55d3a18c2d239a73b3d1dc9824eb0956c754d99e9f1,USDG,sell-quotron,113596139769104562,0.113596139769104562
35016377,0x8160f46edde0b284f7287447d4b7d28701e7a90d182a6a04520dae4688dc0f8e,6,35,0x70fc6b95bc9647a87705f0b847ea7e55c5304892d547c92ce0bc40c9c6dbab91,ETH,sell-quotron,113464996647242201,0.113464996647242201
35016600,0x739715993601f6e275d79a189e6206971b49c9b11a3046e3f212804e0a205f59,5,31,0x12255da5a22c6b07a0a77055d299320611c945426561b5dd7fff93ffb0c843ec,USDG,sell-quotron,32510856135374023,0.032510856135374023
35016695,0x9997ff6555c92c2c05b9f65996492be1b5fcd85854a5c86634e1bd4bc4d0c397,1,12,0xbc8daf9854280230ad91c55d3a18c2d239a73b3d1dc9824eb0956c754d99e9f1,USDG,sell-quotron,112839658660074051,0.112839658660074051
35016780,0x6d9c7b506827d09208a820ba5bb384f2e9e0a9cdc3db74733e28a523a4bd8f50,1,16,0x70fc6b95bc9647a87705f0b847ea7e55c5304892d547c92ce0bc40c9c6dbab91,ETH,sell-quotron,112684036363459049,0.112684036363459049
35016852,0xe2d096b87a1e49808975e3c32935a4e7365349718533b8c0eae0be5a72f4daea,6,25,0xbc8daf9854280230ad91c55d3a18c2d239a73b3d1dc9824eb0956c754d99e9f1,USDG,sell-quotron,515496447098233242,0.515496447098233242
35016852,0xe2d096b87a1e49808975e3c32935a4e7365349718533b8c0eae0be5a72f4daea,6,28,0x70fc6b95bc9647a87705f0b847ea7e55c5304892d547c92ce0bc40c9c6dbab91,ETH,sell-quotron,485544734487137728,0.485544734487137728
35016852,0xe2d096b87a1e49808975e3c32935a4e7365349718533b8c0eae0be5a72f4daea,6,36,0x0e18ada400ced8a77b82426983a7cb35804b3919e56a0c5dd1086856fc3acf2f,USDG,sell-quotron,18942622753454485,0.018942622753454485
35016852,0xe2d096b87a1e49808975e3c32935a4e7365349718533b8c0eae0be5a72f4daea,6,42,0x12255da5a22c6b07a0a77055d299320611c945426561b5dd7fff93ffb0c843ec,USDG,sell-quotron,13112270859101289,0.013112270859101289
35016852,0xe2d096b87a1e49808975e3c32935a4e7365349718533b8c0eae0be5a72f4daea,6,48,0x0e18ada400ced8a77b82426983a7cb35804b3919e56a0c5dd1086856fc3acf2f,USDG,sell-quotron,4698010942217301,0.004698010942217301
35016852,0xe2d096b87a1e49808975e3c32935a4e7365349718533b8c0eae0be5a72f4daea,6,57,0x0e18ada400ced8a77b82426983a7cb35804b3919e56a0c5dd1086856fc3acf2f,USDG,sell-quotron,3545047138433036,0.003545047138433036
35016852,0xe2d096b87a1e49808975e3c32935a4e7365349718533b8c0eae0be5a72f4daea,6,66,0xbc8daf9854280230ad91c55d3a18c2d239a73b3d1dc9824eb0956c754d99e9f1,USDG,sell-quotron,3464701893629794,0.003464701893629794
35016887,0xb5154eee000d883e4e617af8c2f8b3cfe746056005e2ba32505353fd14b327ba,2,17,0x70fc6b95bc9647a87705f0b847ea7e55c5304892d547c92ce0bc40c9c6dbab91,ETH,sell-quotron,108680626715376280,0.10868062671537628
35016967,0x08a39ae579525d1623e5981d4059b874ec7c4514216ac006c52118fae66d9039,3,40,0xbc8daf9854280230ad91c55d3a18c2d239a73b3d1dc9824eb0956c754d99e9f1,USDG,sell-quotron,108678155874421555,0.108678155874421555
35017207,0xe086dbde3194147721aacbbaa6858632d9af56875fa8d7db59aa200f7b70750f,10,26,0x70fc6b95bc9647a87705f0b847ea7e55c5304892d547c92ce0bc40c9c6dbab91,ETH,sell-quotron,988649892283269861,0.988649892283269861
35017207,0xe086dbde3194147721aacbbaa6858632d9af56875fa8d7db59aa200f7b70750f,10,32,0xbc8daf9854280230ad91c55d3a18c2d239a73b3d1dc9824eb0956c754d99e9f1,USDG,sell-quotron,1040917525196309968,1.040917525196309968
35017207,0xe086dbde3194147721aacbbaa6858632d9af56875fa8d7db59aa200f7b70750f,10,39,0x0e18ada400ced8a77b82426983a7cb35804b3919e56a0c5dd1086856fc3acf2f,USDG,sell-quotron,49770635042684804,0.049770635042684804
35017695,0xf1bcf2fa32a41916bea040eba23c1de0daf56966dee661e708e3b87b034052a6,5,11,0x12255da5a22c6b07a0a77055d299320611c945426561b5dd7fff93ffb0c843ec,USDG,sell-quotron,62914308667790213,0.062914308667790213
35017695,0xf1bcf2fa32a41916bea040eba23c1de0daf56966dee661e708e3b87b034052a6,5,14,0xbc8daf9854280230ad91c55d3a18c2d239a73b3d1dc9824eb0956c754d99e9f1,USDG,sell-quotron,1168949062529616627,1.168949062529616627
35017695,0xf1bcf2fa32a41916bea040eba23c1de0daf56966dee661e708e3b87b034052a6,5,20,0x70fc6b95bc9647a87705f0b847ea7e55c5304892d547c92ce0bc40c9c6dbab91,ETH,sell-quotron,1230513881488735771,1.230513881488735771
35018152,0x755314424ef617c3d5d38249a044f72d1caa052c6a4de8f1c0dc19409b5ec37b,2,6,0xbc8daf9854280230ad91c55d3a18c2d239a73b3d1dc9824eb0956c754d99e9f1,USDG,sell-quotron,1398043443341353119,1.398043443341353119
35018152,0x755314424ef617c3d5d38249a044f72d1caa052c6a4de8f1c0dc19409b5ec37b,2,11,0x0e18ada400ced8a77b82426983a7cb35804b3919e56a0c5dd1086856fc3acf2f,USDG,sell-quotron,75885789968690327,0.075885789968690327
35018152,0x755314424ef617c3d5d38249a044f72d1caa052c6a4de8f1c0dc19409b5ec37b,2,14,0x6598930795838a2dff245ef362d9132963c9e3bce815bd346edead74268d7c5c,USDG,sell-quotron,70668202203798825,0.070668202203798825
35018152,0x755314424ef617c3d5d38249a044f72d1caa052c6a4de8f1c0dc19409b5ec37b,2,18,0x70fc6b95bc9647a87705f0b847ea7e55c5304892d547c92ce0bc40c9c6dbab91,ETH,sell-quotron,1393813144722570245,1.393813144722570245
35018362,0x65ea9a860cfb4c56d2dc756047566edf45aae0a9e316a01d0c31d04acb7abb74,2,13,0x70fc6b95bc9647a87705f0b847ea7e55c5304892d547c92ce0bc40c9c6dbab91,ETH,buy-quotron,162636332109414363,0.162636332109414363
35018699,0xc1458bcd3d1972f4f333484b45c950ecedaf2ddef58e7fc8d682f498fd508454,3,12,0x70fc6b95bc9647a87705f0b847ea7e55c5304892d547c92ce0bc40c9c6dbab91,ETH,sell-quotron,1169627042044302570,1.16962704204430257
35018907,0x7c9bad04c7f573e3a05e6066712853d5da69f14df1634a284ab466e66b7a4a20,7,22,0x0e18ada400ced8a77b82426983a7cb35804b3919e56a0c5dd1086856fc3acf2f,USDG,sell-quotron,51485714168952322,0.051485714168952322
35018907,0x7c9bad04c7f573e3a05e6066712853d5da69f14df1634a284ab466e66b7a4a20,7,25,0x12255da5a22c6b07a0a77055d299320611c945426561b5dd7fff93ffb0c843ec,USDG,sell-quotron,53336761160191631,0.053336761160191631
35018907,0x7c9bad04c7f573e3a05e6066712853d5da69f14df1634a284ab466e66b7a4a20,7,28,0xbc8daf9854280230ad91c55d3a18c2d239a73b3d1dc9824eb0956c754d99e9f1,USDG,sell-quotron,1439843561514013428,1.439843561514013428
35018907,0x7c9bad04c7f573e3a05e6066712853d5da69f14df1634a284ab466e66b7a4a20,7,33,0x6598930795838a2dff245ef362d9132963c9e3bce815bd346edead74268d7c5c,USDG,sell-quotron,102292334267675679,0.102292334267675679
35018907,0x7c9bad04c7f573e3a05e6066712853d5da69f14df1634a284ab466e66b7a4a20,7,37,0x70fc6b95bc9647a87705f0b847ea7e55c5304892d547c92ce0bc40c9c6dbab91,ETH,sell-quotron,394090391369153136,0.394090391369153136
35019896,0xfb92b746a4923f1fe356a0a2cacd96d871d2383b861b3cbf4730fbeae5976271,8,61,0x6598930795838a2dff245ef362d9132963c9e3bce815bd346edead74268d7c5c,USDG,sell-quotron,37900595662854443,0.037900595662854443
35019896,0xfb92b746a4923f1fe356a0a2cacd96d871d2383b861b3cbf4730fbeae5976271,8,64,0xbc8daf9854280230ad91c55d3a18c2d239a73b3d1dc9824eb0956c754d99e9f1,USDG,sell-quotron,227082427254321726,0.227082427254321726
35019896,0xfb92b746a4923f1fe356a0a2cacd96d871d2383b861b3cbf4730fbeae5976271,8,67,0x12255da5a22c6b07a0a77055d299320611c945426561b5dd7fff93ffb0c843ec,USDG,sell-quotron,12598712483757205,0.012598712483757205
35019896,0xfb92b746a4923f1fe356a0a2cacd96d871d2383b861b3cbf4730fbeae5976271,8,70,0x0e18ada400ced8a77b82426983a7cb35804b3919e56a0c5dd1086856fc3acf2f,USDG,sell-quotron,12567714997641178,0.012567714997641178
35019896,0xfb92b746a4923f1fe356a0a2cacd96d871d2383b861b3cbf4730fbeae5976271,8,74,0x70fc6b95bc9647a87705f0b847ea7e55c5304892d547c92ce0bc40c9c6dbab91,ETH,sell-quotron,212932292714348204,0.212932292714348204
35020524,0x0c6fe24cb6d5d10805208721ea452e62841f2a4209c4975ea3708f2831a41386,23,48,0x12255da5a22c6b07a0a77055d299320611c945426561b5dd7fff93ffb0c843ec,USDG,buy-quotron,24256391037728710,0.02425639103772871
35021147,0x096324084c2cd8a9482e0ebd401c1729d01942a5cd957774d7781ebbe897d4ab,8,24,0x70fc6b95bc9647a87705f0b847ea7e55c5304892d547c92ce0bc40c9c6dbab91,ETH,buy-quotron,77904126596846227,0.077904126596846227
35023100,0xb26fe8163bf152e744e61b78782b6e60ad74b06a426cece98dd56bbace2504db,3,13,0x70fc6b95bc9647a87705f0b847ea7e55c5304892d547c92ce0bc40c9c6dbab91,ETH,buy-quotron,1025328166162423872,1.025328166162423872
35028792,0xefaba82d2ab78db51a8f80f280c650b2f83248bec3a3c74a827fc5dcea30f8d5,1,7,0x70fc6b95bc9647a87705f0b847ea7e55c5304892d547c92ce0bc40c9c6dbab91,ETH,sell-quotron,1030140192143721650,1.03014019214372165
35029873,0x55ed137c47761a45a935c757739fec29ef98988b5d249cdfea97f5d76cb3ffd9,3,15,0x70fc6b95bc9647a87705f0b847ea7e55c5304892d547c92ce0bc40c9c6dbab91,ETH,sell-quotron,783488148384702235,0.783488148384702235
35032467,0x64c7ec0fd785746ce013ab9aaa8c62342a88b5f6cde82f96c37e028ea38408d1,7,44,0xbc8daf9854280230ad91c55d3a18c2d239a73b3d1dc9824eb0956c754d99e9f1,USDG,sell-quotron,1797590373075545148,1.797590373075545148
35033147,0xb9c3ae167abd6bf331f1ab426f9f00cb2d18eabb29d135c0c38a6d28272fe13b,10,23,0xbc8daf9854280230ad91c55d3a18c2d239a73b3d1dc9824eb0956c754d99e9f1,USDG,sell-quotron,174618034358787019,0.174618034358787019
35033147,0xb9c3ae167abd6bf331f1ab426f9f00cb2d18eabb29d135c0c38a6d28272fe13b,10,26,0x12255da5a22c6b07a0a77055d299320611c945426561b5dd7fff93ffb0c843ec,USDG,sell-quotron,52591850255028548,0.052591850255028548
35033147,0xb9c3ae167abd6bf331f1ab426f9f00cb2d18eabb29d135c0c38a6d28272fe13b,10,29,0x6598930795838a2dff245ef362d9132963c9e3bce815bd346edead74268d7c5c,USDG,sell-quotron,127879163023722186,0.127879163023722186
35033147,0xb9c3ae167abd6bf331f1ab426f9f00cb2d18eabb29d135c0c38a6d28272fe13b,10,32,0x0e18ada400ced8a77b82426983a7cb35804b3919e56a0c5dd1086856fc3acf2f,USDG,sell-quotron,50627475668832260,0.05062747566883226
35033147,0xb9c3ae167abd6bf331f1ab426f9f00cb2d18eabb29d135c0c38a6d28272fe13b,10,36,0x70fc6b95bc9647a87705f0b847ea7e55c5304892d547c92ce0bc40c9c6dbab91,ETH,sell-quotron,591965843448082771,0.591965843448082771
35033148,0x56f5390e4c25280a4bf39a9d4f28608cbb363e661b35cf3ac946350f196f587c,12,62,0x12255da5a22c6b07a0a77055d299320611c945426561b5dd7fff93ffb0c843ec,USDG,buy-quotron,43812508263184285,0.043812508263184285
35033224,0x617cd60db6d05f7ad5f8f7355680b10c78b1607d2db6d6a81db2f9a07bde0553,6,29,0x70fc6b95bc9647a87705f0b847ea7e55c5304892d547c92ce0bc40c9c6dbab91,ETH,buy-quotron,240576180948890232,0.240576180948890232
35033224,0x617cd60db6d05f7ad5f8f7355680b10c78b1607d2db6d6a81db2f9a07bde0553,6,34,0xbc8daf9854280230ad91c55d3a18c2d239a73b3d1dc9824eb0956c754d99e9f1,USDG,buy-quotron,828651289935066356,0.828651289935066356
35034257,0x9efa818c93370e4a5a4d8a61c1e30e762f4960913d54e654292d07cf64868e81,7,42,0xbc8daf9854280230ad91c55d3a18c2d239a73b3d1dc9824eb0956c754d99e9f1,USDG,sell-quotron,732430853853121543,0.732430853853121543
35034257,0x9efa818c93370e4a5a4d8a61c1e30e762f4960913d54e654292d07cf64868e81,7,45,0x12255da5a22c6b07a0a77055d299320611c945426561b5dd7fff93ffb0c843ec,USDG,sell-quotron,51013250487259226,0.051013250487259226
35034257,0x9efa818c93370e4a5a4d8a61c1e30e762f4960913d54e654292d07cf64868e81,7,49,0x70fc6b95bc9647a87705f0b847ea7e55c5304892d547c92ce0bc40c9c6dbab91,ETH,sell-quotron,219661267478317056,0.219661267478317056
35034258,0xf2289da5f6f3cb88ccc2e1d08079e78c064b10c2b4a2a7c0137411652c2dd38c,19,72,0x12255da5a22c6b07a0a77055d299320611c945426561b5dd7fff93ffb0c843ec,USDG,buy-quotron,41754497955711864,0.041754497955711864
35035247,0x53de9cf5403f54dde773c47395d00023887c6769da1b84d38e8e29f11dffcde1,7,14,0x0e18ada400ced8a77b82426983a7cb35804b3919e56a0c5dd1086856fc3acf2f,USDG,buy-quotron,22177898410242403,0.022177898410242403
35035247,0x53de9cf5403f54dde773c47395d00023887c6769da1b84d38e8e29f11dffcde1,7,20,0x70fc6b95bc9647a87705f0b847ea7e55c5304892d547c92ce0bc40c9c6dbab91,ETH,buy-quotron,13643439867464576,0.013643439867464576
35035247,0x53de9cf5403f54dde773c47395d00023887c6769da1b84d38e8e29f11dffcde1,7,22,0x0e18ada400ced8a77b82426983a7cb35804b3919e56a0c5dd1086856fc3acf2f,USDG,buy-quotron,4865818567750593,0.004865818567750593
35035247,0x53de9cf5403f54dde773c47395d00023887c6769da1b84d38e8e29f11dffcde1,7,31,0x12255da5a22c6b07a0a77055d299320611c945426561b5dd7fff93ffb0c843ec,USDG,buy-quotron,4019524718238019,0.004019524718238019
35035247,0x53de9cf5403f54dde773c47395d00023887c6769da1b84d38e8e29f11dffcde1,7,37,0x0e18ada400ced8a77b82426983a7cb35804b3919e56a0c5dd1086856fc3acf2f,USDG,buy-quotron,97153608511284,0.000097153608511284
35035511,0x2d2f6ce2e3412dad8802cb5bca961ede7d0cdfac00a98ed1f9db5418814ae897,6,17,0x6598930795838a2dff245ef362d9132963c9e3bce815bd346edead74268d7c5c,USDG,sell-quotron,73586237432733366,0.073586237432733366
35035511,0x2d2f6ce2e3412dad8802cb5bca961ede7d0cdfac00a98ed1f9db5418814ae897,6,20,0xbc8daf9854280230ad91c55d3a18c2d239a73b3d1dc9824eb0956c754d99e9f1,USDG,sell-quotron,24847785626320948,0.024847785626320948
35035511,0x2d2f6ce2e3412dad8802cb5bca961ede7d0cdfac00a98ed1f9db5418814ae897,6,23,0x12255da5a22c6b07a0a77055d299320611c945426561b5dd7fff93ffb0c843ec,USDG,sell-quotron,51456578115900778,0.051456578115900778
35035511,0x2d2f6ce2e3412dad8802cb5bca961ede7d0cdfac00a98ed1f9db5418814ae897,6,26,0x0e18ada400ced8a77b82426983a7cb35804b3919e56a0c5dd1086856fc3acf2f,USDG,sell-quotron,49634324548136254,0.049634324548136254
35035511,0x2d2f6ce2e3412dad8802cb5bca961ede7d0cdfac00a98ed1f9db5418814ae897,6,30,0x729d3926864156f4ba2d3c00e6278459e4f3065ede667eafd16db7548678356e,ETH,sell-quotron,132217211074512379,0.132217211074512379
35035511,0x2d2f6ce2e3412dad8802cb5bca961ede7d0cdfac00a98ed1f9db5418814ae897,6,33,0x70fc6b95bc9647a87705f0b847ea7e55c5304892d547c92ce0bc40c9c6dbab91,ETH,sell-quotron,647453040375233966,0.647453040375233966
35035513,0x947c45ed2975b94fca9002289b13d6063180eb42399ab96cc32fdaec5043f0d7,1,0,0x12255da5a22c6b07a0a77055d299320611c945426561b5dd7fff93ffb0c843ec,USDG,buy-quotron,39161576878161066,0.039161576878161066
35036003,0x3a8446f0bf015fa45d7b7a87e95154bd53066cd6bc8efe7813848417bb0adabe,2,4,0x70fc6b95bc9647a87705f0b847ea7e55c5304892d547c92ce0bc40c9c6dbab91,ETH,buy-quotron,137847731818495524,0.137847731818495524
35037439,0x34c79d4b851926d59d1b1ce03c514b5465b36ce3a17a20ca5bea755932d61735,5,14,0x70fc6b95bc9647a87705f0b847ea7e55c5304892d547c92ce0bc40c9c6dbab91,ETH,sell-quotron,641288550803808168,0.641288550803808168
35037440,0x9501c461bfb3e352d2ffb20e7b736f209f618916ea03244f47fe3a8a99306527,7,17,0x70fc6b95bc9647a87705f0b847ea7e55c5304892d547c92ce0bc40c9c6dbab91,ETH,buy-quotron,71987164333121618,0.071987164333121618
35038985,0xba49cb6249188e383e3e68d810884deeaeef53be120deeab76559c1df3f7df90,11,63,0x70fc6b95bc9647a87705f0b847ea7e55c5304892d547c92ce0bc40c9c6dbab91,ETH,sell-quotron,210795829590903550,0.21079582959090355
35039059,0xc222b50b42634c6042d17d1b1823cfc65cae4aa859c797b077d8ef32cd796805,1,7,0x729d3926864156f4ba2d3c00e6278459e4f3065ede667eafd16db7548678356e,ETH,sell-quotron,1024665063002298661,1.024665063002298661
35039631,0x5e5c4050fe444242d8aef447d3e01cb41ca40db7dd3682277cb5c2277e4ff4bc,2,7,0x70fc6b95bc9647a87705f0b847ea7e55c5304892d547c92ce0bc40c9c6dbab91,ETH,buy-quotron,4129046068500311,0.004129046068500311
35044508,0xef5e60427d81b207236282f11ede33dcedf0428a9aaadca5386d1c67c3e8c67c,2,24,0x70fc6b95bc9647a87705f0b847ea7e55c5304892d547c92ce0bc40c9c6dbab91,ETH,buy-quotron,2409604848872591967,2.409604848872591967
35044508,0xef5e60427d81b207236282f11ede33dcedf0428a9aaadca5386d1c67c3e8c67c,2,31,0x0e18ada400ced8a77b82426983a7cb35804b3919e56a0c5dd1086856fc3acf2f,USDG,buy-quotron,63544164084912547,0.063544164084912547
35044508,0xef5e60427d81b207236282f11ede33dcedf0428a9aaadca5386d1c67c3e8c67c,2,34,0x12255da5a22c6b07a0a77055d299320611c945426561b5dd7fff93ffb0c843ec,USDG,buy-quotron,63544164084912548,0.063544164084912548
35044932,0x385d77bddd8198a72f67f07f9b0d9c353a5b3b063d0c69d23dec505e1be98233,1,13,0x70fc6b95bc9647a87705f0b847ea7e55c5304892d547c92ce0bc40c9c6dbab91,ETH,sell-quotron,1391151957856709655,1.391151957856709655
35045138,0xe9bb1a22d817b82cedfad957310cecc4c4cdd976955684d376ce2c3fe6e6c580,1,22,0x70fc6b95bc9647a87705f0b847ea7e55c5304892d547c92ce0bc40c9c6dbab91,ETH,buy-quotron,3000000000000000000,3
35046270,0xfee8f4e8d762203015a16571b96177062cedbdbf4502d39ad79a3c54d8679ce4,6,30,0x729d3926864156f4ba2d3c00e6278459e4f3065ede667eafd16db7548678356e,ETH,buy-quotron,3464629029227344897,3.464629029227344897
35046270,0xfee8f4e8d762203015a16571b96177062cedbdbf4502d39ad79a3c54d8679ce4,6,65,0x70fc6b95bc9647a87705f0b847ea7e55c5304892d547c92ce0bc40c9c6dbab91,ETH,buy-quotron,5593224641955256143,5.593224641955256143
35046271,0x41ade4dd4385d93ee6dd23282e9ed935370067efc6000b583983524e2878982c,9,38,0x70fc6b95bc9647a87705f0b847ea7e55c5304892d547c92ce0bc40c9c6dbab91,ETH,sell-quotron,134643054804759638,0.134643054804759638
35046271,0x41ade4dd4385d93ee6dd23282e9ed935370067efc6000b583983524e2878982c,9,41,0x0e18ada400ced8a77b82426983a7cb35804b3919e56a0c5dd1086856fc3acf2f,USDG,buy-quotron,134643054804759638,0.134643054804759638
35046273,0x334a629158e6756d27f48ef01da1054af2a6578a39a629f234685bf12f1b9926,3,8,0x70fc6b95bc9647a87705f0b847ea7e55c5304892d547c92ce0bc40c9c6dbab91,ETH,sell-quotron,47247726953115080,0.04724772695311508
35046273,0x334a629158e6756d27f48ef01da1054af2a6578a39a629f234685bf12f1b9926,3,9,0x12255da5a22c6b07a0a77055d299320611c945426561b5dd7fff93ffb0c843ec,USDG,buy-quotron,47247726953115080,0.04724772695311508
35046274,0xd27b0a73d89dddbe8c1204bf9f78e50d2ae1d1e05e492b3b4f27e823d3737554,5,5,0x12255da5a22c6b07a0a77055d299320611c945426561b5dd7fff93ffb0c843ec,USDG,sell-quotron,7977464709154828,0.007977464709154828
35046274,0xd27b0a73d89dddbe8c1204bf9f78e50d2ae1d1e05e492b3b4f27e823d3737554,5,6,0xbc8daf9854280230ad91c55d3a18c2d239a73b3d1dc9824eb0956c754d99e9f1,USDG,buy-quotron,7977464709154828,0.007977464709154828
35046771,0x255d8f6748cad6ee7399d7c738e103eef4db29700f5101de6c6c8d031f436493,8,50,0x70fc6b95bc9647a87705f0b847ea7e55c5304892d547c92ce0bc40c9c6dbab91,ETH,sell-quotron,1927042564910058657,1.927042564910058657
35046840,0x74e9efd327b5fbdac9b4036e73ee1601bff51d4483e9cfef4d8c3e0c25fa513f,1,6,0x70fc6b95bc9647a87705f0b847ea7e55c5304892d547c92ce0bc40c9c6dbab91,ETH,sell-quotron,895319611274552624,0.895319611274552624
35047225,0x4dd8f4ef85a71aa5dcd35db60c1f84859d712e4532e8840ae106eb8443570c43,5,77,0x729d3926864156f4ba2d3c00e6278459e4f3065ede667eafd16db7548678356e,ETH,sell-quotron,94779585124180643,0.094779585124180643
35048196,0x5b0ac16658ddf0d92a40a6ecdd84f05aceec2ac3b13f496575cafade63e051ea,2,0,0x729d3926864156f4ba2d3c00e6278459e4f3065ede667eafd16db7548678356e,ETH,sell-quotron,86800141069761624,0.086800141069761624
35049168,0xdc73be492ce93af961d32564c78c6dc8104f6ec6107e51e099c603d5a541fa08,6,22,0x12255da5a22c6b07a0a77055d299320611c945426561b5dd7fff93ffb0c843ec,USDG,sell-quotron,28292310049300765,0.028292310049300765
35049168,0xdc73be492ce93af961d32564c78c6dc8104f6ec6107e51e099c603d5a541fa08,6,25,0x0e18ada400ced8a77b82426983a7cb35804b3919e56a0c5dd1086856fc3acf2f,USDG,sell-quotron,27560817847017191,0.027560817847017191
35049168,0xdc73be492ce93af961d32564c78c6dc8104f6ec6107e51e099c603d5a541fa08,6,29,0x70fc6b95bc9647a87705f0b847ea7e55c5304892d547c92ce0bc40c9c6dbab91,ETH,sell-quotron,866335177882024809,0.866335177882024809
35049168,0xdc73be492ce93af961d32564c78c6dc8104f6ec6107e51e099c603d5a541fa08,6,32,0x729d3926864156f4ba2d3c00e6278459e4f3065ede667eafd16db7548678356e,ETH,sell-quotron,161514726420135744,0.161514726420135744
35049252,0xdf88dbd486fd0fa5c8a32fc8a62042cdbc04c961998b3dcd21755bb2623cd525,1,6,0x0e18ada400ced8a77b82426983a7cb35804b3919e56a0c5dd1086856fc3acf2f,USDG,sell-quotron,77110945863526947,0.077110945863526947
35049252,0xdf88dbd486fd0fa5c8a32fc8a62042cdbc04c961998b3dcd21755bb2623cd525,1,9,0x12255da5a22c6b07a0a77055d299320611c945426561b5dd7fff93ffb0c843ec,USDG,sell-quotron,75319661176881652,0.075319661176881652
35049252,0xdf88dbd486fd0fa5c8a32fc8a62042cdbc04c961998b3dcd21755bb2623cd525,1,13,0x729d3926864156f4ba2d3c00e6278459e4f3065ede667eafd16db7548678356e,ETH,sell-quotron,544625354006740017,0.544625354006740017
35049252,0xdf88dbd486fd0fa5c8a32fc8a62042cdbc04c961998b3dcd21755bb2623cd525,1,16,0x70fc6b95bc9647a87705f0b847ea7e55c5304892d547c92ce0bc40c9c6dbab91,ETH,sell-quotron,2301444181961623051,2.301444181961623051
35049548,0x7ada1eb1f8ad0af60f64e8dd9f9c4fad888396b1d1345b2d24607bb1ab1cdcba,1,6,0x70fc6b95bc9647a87705f0b847ea7e55c5304892d547c92ce0bc40c9c6dbab91,ETH,sell-quotron,744991896682181039,0.744991896682181039
35049631,0xae9cb003cca12a23cb91255ceb466833efd6f1b1903543af07446b5ff00137dd,3,9,0x6598930795838a2dff245ef362d9132963c9e3bce815bd346edead74268d7c5c,USDG,sell-quotron,403854207468946952,0.403854207468946952
35049631,0xae9cb003cca12a23cb91255ceb466833efd6f1b1903543af07446b5ff00137dd,3,12,0x12255da5a22c6b07a0a77055d299320611c945426561b5dd7fff93ffb0c843ec,USDG,sell-quotron,109166915195803435,0.109166915195803435
35049631,0xae9cb003cca12a23cb91255ceb466833efd6f1b1903543af07446b5ff00137dd,3,15,0x0e18ada400ced8a77b82426983a7cb35804b3919e56a0c5dd1086856fc3acf2f,USDG,sell-quotron,217243685834159963,0.217243685834159963
35049631,0xae9cb003cca12a23cb91255ceb466833efd6f1b1903543af07446b5ff00137dd,3,19,0x729d3926864156f4ba2d3c00e6278459e4f3065ede667eafd16db7548678356e,ETH,sell-quotron,1459672931890475528,1.459672931890475528
35049631,0xae9cb003cca12a23cb91255ceb466833efd6f1b1903543af07446b5ff00137dd,3,26,0x70fc6b95bc9647a87705f0b847ea7e55c5304892d547c92ce0bc40c9c6dbab91,ETH,sell-quotron,2176874686905900472,2.176874686905900472
35049637,0xbc31b2267a53662d038465f4458123101919f6595c5ae7d7c6456da8149299cc,8,36,0xbc8daf9854280230ad91c55d3a18c2d239a73b3d1dc9824eb0956c754d99e9f1,USDG,sell-quotron,6109386976000336,0.006109386976000336
35049637,0xbc31b2267a53662d038465f4458123101919f6595c5ae7d7c6456da8149299cc,8,37,0x0e18ada400ced8a77b82426983a7cb35804b3919e56a0c5dd1086856fc3acf2f,USDG,buy-quotron,6109386976000336,0.006109386976000336
35049640,0x9dfe196cb37d6b9aa4a382d4e1b0ae0178215d8febe1d3c0a2977b280d2befde,2,14,0x70fc6b95bc9647a87705f0b847ea7e55c5304892d547c92ce0bc40c9c6dbab91,ETH,buy-quotron,1053122793192616148,1.053122793192616148
35049641,0xdd27830c673c38bd765ae45ee32de42954557fad8349917735054747b847d1db,5,14,0x70fc6b95bc9647a87705f0b847ea7e55c5304892d547c92ce0bc40c9c6dbab91,ETH,sell-quotron,60492825269686473,0.060492825269686473
35049641,0xdd27830c673c38bd765ae45ee32de42954557fad8349917735054747b847d1db,5,17,0x0e18ada400ced8a77b82426983a7cb35804b3919e56a0c5dd1086856fc3acf2f,USDG,buy-quotron,60492825269686473,0.060492825269686473
35049642,0x6f29939dfc529e4681d1efc38232c5a41327604fc34eee6d9c95ab35add0b43d,7,29,0x70fc6b95bc9647a87705f0b847ea7e55c5304892d547c92ce0bc40c9c6dbab91,ETH,sell-quotron,38318692697634067,0.038318692697634067
35049642,0x6f29939dfc529e4681d1efc38232c5a41327604fc34eee6d9c95ab35add0b43d,7,30,0x12255da5a22c6b07a0a77055d299320611c945426561b5dd7fff93ffb0c843ec,USDG,buy-quotron,38318692697634067,0.038318692697634067
35050434,0xd02815e95218d69801537b5ea2d159fd4edd004bfa9104ed8fc7c04f029dfa5e,2,6,0x6598930795838a2dff245ef362d9132963c9e3bce815bd346edead74268d7c5c,USDG,sell-quotron,28517987400015159,0.028517987400015159
35050434,0xd02815e95218d69801537b5ea2d159fd4edd004bfa9104ed8fc7c04f029dfa5e,2,9,0x12255da5a22c6b07a0a77055d299320611c945426561b5dd7fff93ffb0c843ec,USDG,sell-quotron,62503948764457473,0.062503948764457473
35050434,0xd02815e95218d69801537b5ea2d159fd4edd004bfa9104ed8fc7c04f029dfa5e,2,12,0x0e18ada400ced8a77b82426983a7cb35804b3919e56a0c5dd1086856fc3acf2f,USDG,sell-quotron,62000865431432757,0.062000865431432757
35050434,0xd02815e95218d69801537b5ea2d159fd4edd004bfa9104ed8fc7c04f029dfa5e,2,16,0x729d3926864156f4ba2d3c00e6278459e4f3065ede667eafd16db7548678356e,ETH,sell-quotron,146491092099893894,0.146491092099893894
35050434,0xd02815e95218d69801537b5ea2d159fd4edd004bfa9104ed8fc7c04f029dfa5e,2,19,0x70fc6b95bc9647a87705f0b847ea7e55c5304892d547c92ce0bc40c9c6dbab91,ETH,sell-quotron,987062469555055504,0.987062469555055504
35050438,0xbec31a39142bec873f30665a7daf08d979588e84be8d3604476b878382833f30,1,4,0x12255da5a22c6b07a0a77055d299320611c945426561b5dd7fff93ffb0c843ec,USDG,buy-quotron,7282183611320495,0.007282183611320495
35050605,0x7eb55d1b01dd69ba92319eed21c52e75bbaa969037fcbc5d6b5c9ba850c96d37,1,10,0x70fc6b95bc9647a87705f0b847ea7e55c5304892d547c92ce0bc40c9c6dbab91,ETH,buy-quotron,1011823860126239046,1.011823860126239046
35050606,0x53ce1a459740b37681a5a1e0890039a4c75ac390d8c1241c253c43e9b58efe73,3,4,0x70fc6b95bc9647a87705f0b847ea7e55c5304892d547c92ce0bc40c9c6dbab91,ETH,sell-quotron,47290418783817382,0.047290418783817382
35050606,0x53ce1a459740b37681a5a1e0890039a4c75ac390d8c1241c253c43e9b58efe73,3,7,0x12255da5a22c6b07a0a77055d299320611c945426561b5dd7fff93ffb0c843ec,USDG,buy-quotron,47290418783817382,0.047290418783817382
35050607,0x04caee8e4ab74247fce1d2be5bfdf3a866fe6edfcce774e8eb2199e8d09e83c4,4,4,0x70fc6b95bc9647a87705f0b847ea7e55c5304892d547c92ce0bc40c9c6dbab91,ETH,sell-quotron,38330354854964747,0.038330354854964747
35050607,0x04caee8e4ab74247fce1d2be5bfdf3a866fe6edfcce774e8eb2199e8d09e83c4,4,5,0x0e18ada400ced8a77b82426983a7cb35804b3919e56a0c5dd1086856fc3acf2f,USDG,buy-quotron,38330354854964747,0.038330354854964747
35051004,0x669d46f0e47849df02eb050609851cfba2cb8e7a210c8798af9efe404f95172f,14,61,0x70fc6b95bc9647a87705f0b847ea7e55c5304892d547c92ce0bc40c9c6dbab91,ETH,buy-quotron,479913226847192894,0.479913226847192894
35051006,0x6c40587236724adbcf0735d22a77ee0ea0b2437f4b16f71f1f511020270f9857,1,0,0x70fc6b95bc9647a87705f0b847ea7e55c5304892d547c92ce0bc40c9c6dbab91,ETH,sell-quotron,35914559908744241,0.035914559908744241
35051006,0x6c40587236724adbcf0735d22a77ee0ea0b2437f4b16f71f1f511020270f9857,1,1,0x0e18ada400ced8a77b82426983a7cb35804b3919e56a0c5dd1086856fc3acf2f,USDG,buy-quotron,35914559908744241,0.035914559908744241
35051202,0x92cebec05e5d87e81c90b86a7e5711b841f60841d96e867e949ebe8a8eb58322,2,21,0x70fc6b95bc9647a87705f0b847ea7e55c5304892d547c92ce0bc40c9c6dbab91,ETH,sell-quotron,662304352762034971,0.662304352762034971
35051375,0x831d676f33c07cacd107dfcdc35e555240c151684282b119cbb73a3dea6b85ea,2,8,0x70fc6b95bc9647a87705f0b847ea7e55c5304892d547c92ce0bc40c9c6dbab91,ETH,buy-quotron,426707080028469919,0.426707080028469919
35054864,0xc46c8f1cc316968426402c06981f2a8bad49c67545ab582f0b681729c05dfa6b,1,7,0x70fc6b95bc9647a87705f0b847ea7e55c5304892d547c92ce0bc40c9c6dbab91,ETH,sell-quotron,130415986951732794,0.130415986951732794
35057311,0x695d7c7ba84c1e7f0bded7dd8c39690c027b2b670f08badb06562acd3655a7fa,3,25,0x70fc6b95bc9647a87705f0b847ea7e55c5304892d547c92ce0bc40c9c6dbab91,ETH,sell-quotron,58338722831585044,0.058338722831585044
35057629,0x0091447a51e7fc0c39887c5a2706bc05a65ca74347ebabb46f84e5d55dd3ae92,4,11,0x12255da5a22c6b07a0a77055d299320611c945426561b5dd7fff93ffb0c843ec,USDG,sell-quotron,43699562734861861,0.043699562734861861
35057629,0x0091447a51e7fc0c39887c5a2706bc05a65ca74347ebabb46f84e5d55dd3ae92,4,14,0x0e18ada400ced8a77b82426983a7cb35804b3919e56a0c5dd1086856fc3acf2f,USDG,sell-quotron,65940287908897442,0.065940287908897442
35057629,0x0091447a51e7fc0c39887c5a2706bc05a65ca74347ebabb46f84e5d55dd3ae92,4,18,0x70fc6b95bc9647a87705f0b847ea7e55c5304892d547c92ce0bc40c9c6dbab91,ETH,sell-quotron,777941708865711186,0.777941708865711186
35057737,0x657783e84f9834894e0523e5899457c5683bfcd4aba8dad53de7373f8337ed89,4,12,0x70fc6b95bc9647a87705f0b847ea7e55c5304892d547c92ce0bc40c9c6dbab91,ETH,buy-quotron,422619759599057594,0.422619759599057594
35062057,0x870999a3c64d9c8fb15475a6f9aa015f3899d3e97ab643ba31d07e2fbc969cbf,6,24,0x70fc6b95bc9647a87705f0b847ea7e55c5304892d547c92ce0bc40c9c6dbab91,ETH,sell-quotron,181184782225918446,0.181184782225918446
35063981,0xdf1e757e7850ed41682b056371af49bc47ded7a2ea9c305f59ec0909a461746e,2,4,0x70fc6b95bc9647a87705f0b847ea7e55c5304892d547c92ce0bc40c9c6dbab91,ETH,buy-quotron,184838669990871960,0.18483866999087196
35063981,0xdf1e757e7850ed41682b056371af49bc47ded7a2ea9c305f59ec0909a461746e,2,7,0x0e18ada400ced8a77b82426983a7cb35804b3919e56a0c5dd1086856fc3acf2f,USDG,buy-quotron,61600567418957928,0.061600567418957928
35063981,0xdf1e757e7850ed41682b056371af49bc47ded7a2ea9c305f59ec0909a461746e,2,10,0x12255da5a22c6b07a0a77055d299320611c945426561b5dd7fff93ffb0c843ec,USDG,buy-quotron,61625212574956712,0.061625212574956712
35065700,0xb54457cce6bfb2c237abb9d5a44b7f1b142ad349ac3b05497fe77fbb4409d0c6,3,5,0x70fc6b95bc9647a87705f0b847ea7e55c5304892d547c92ce0bc40c9c6dbab91,ETH,buy-quotron,119016947849267800,0.1190169478492678
35065775,0x2a3c52f96fc1c106c7b71f48f72552ede79fc0d1c9ceda001efe608a4afe5b69,22,47,0x12d26766632d986c7efe362c9b6bb7b7bf1551490f8847489e7236a060a99063,USDG,sell-quotron,5924688699478786,0.005924688699478786
35065775,0x2a3c52f96fc1c106c7b71f48f72552ede79fc0d1c9ceda001efe608a4afe5b69,22,50,0x12255da5a22c6b07a0a77055d299320611c945426561b5dd7fff93ffb0c843ec,USDG,sell-quotron,30426548995599834,0.030426548995599834
35065775,0x2a3c52f96fc1c106c7b71f48f72552ede79fc0d1c9ceda001efe608a4afe5b69,22,53,0x0e18ada400ced8a77b82426983a7cb35804b3919e56a0c5dd1086856fc3acf2f,USDG,sell-quotron,19597169081454993,0.019597169081454993
35065775,0x2a3c52f96fc1c106c7b71f48f72552ede79fc0d1c9ceda001efe608a4afe5b69,22,57,0x70fc6b95bc9647a87705f0b847ea7e55c5304892d547c92ce0bc40c9c6dbab91,ETH,sell-quotron,75550458127123818,0.075550458127123818
35066764,0x7cffa0da4fd5f14ccea1dc5a56822de88445a0ea595d277e20a16f8d795bd950,9,39,0x70fc6b95bc9647a87705f0b847ea7e55c5304892d547c92ce0bc40c9c6dbab91,ETH,buy-quotron,145508978588696577,0.145508978588696577
35066764,0x7cffa0da4fd5f14ccea1dc5a56822de88445a0ea595d277e20a16f8d795bd950,9,42,0x12255da5a22c6b07a0a77055d299320611c945426561b5dd7fff93ffb0c843ec,USDG,buy-quotron,40754077416383632,0.040754077416383632
35066764,0x7cffa0da4fd5f14ccea1dc5a56822de88445a0ea595d277e20a16f8d795bd950,9,45,0x0e18ada400ced8a77b82426983a7cb35804b3919e56a0c5dd1086856fc3acf2f,USDG,buy-quotron,46588565996354544,0.046588565996354544
35069022,0x0585c5adeeb08cdb83031b65e9a28708f614f2890af2ea21cf72736683634cc0,3,36,0x70fc6b95bc9647a87705f0b847ea7e55c5304892d547c92ce0bc40c9c6dbab91,ETH,buy-quotron,4131286262316451805,4.131286262316451805
35069023,0xf5a6b99c0be9caa9d64b198fde3a536020a8b3897c7418ab55df110792093f44,8,27,0x70fc6b95bc9647a87705f0b847ea7e55c5304892d547c92ce0bc40c9c6dbab91,ETH,sell-quotron,108540863878131454,0.108540863878131454
35069023,0xf5a6b99c0be9caa9d64b198fde3a536020a8b3897c7418ab55df110792093f44,8,30,0x0e18ada400ced8a77b82426983a7cb35804b3919e56a0c5dd1086856fc3acf2f,USDG,buy-quotron,108540863878131454,0.108540863878131454
35069024,0x3e283d8a45f110a69976138b0422e5a7ed2e116b57f0ceb5ae20395e95b315d8,5,14,0x70fc6b95bc9647a87705f0b847ea7e55c5304892d547c92ce0bc40c9c6dbab91,ETH,sell-quotron,62646558319489545,0.062646558319489545
35069024,0x3e283d8a45f110a69976138b0422e5a7ed2e116b57f0ceb5ae20395e95b315d8,5,17,0x12255da5a22c6b07a0a77055d299320611c945426561b5dd7fff93ffb0c843ec,USDG,buy-quotron,62646558319489545,0.062646558319489545
35070093,0x9939e253e51850c31c04fb5373a06a9ef26f3abf8bf70df1e605f7454174a136,1,4,0x729d3926864156f4ba2d3c00e6278459e4f3065ede667eafd16db7548678356e,ETH,buy-quotron,964945109854426541,0.964945109854426541
35070157,0x853931de93b2f99c3cda6de87a04ad8a60fa0c511f676c7a6927aa7bf217ad1b,1,7,0x70fc6b95bc9647a87705f0b847ea7e55c5304892d547c92ce0bc40c9c6dbab91,ETH,sell-quotron,999082198406573348,0.999082198406573348
35072753,0xe823a1bc131736a39e14b11c8efc9d8787026b6f0213219e98943573d2cf031e,7,78,0x70fc6b95bc9647a87705f0b847ea7e55c5304892d547c92ce0bc40c9c6dbab91,ETH,sell-quotron,1260109974510695482,1.260109974510695482
35074706,0x90fc2321824382d4987a799433cff3eccecc5c37541d102def8d97fe0d8dfa4d,1,7,0x70fc6b95bc9647a87705f0b847ea7e55c5304892d547c92ce0bc40c9c6dbab91,ETH,sell-quotron,1262660858123857601,1.262660858123857601
35075675,0x7732bea26d3c9d941e35770b83653a27bdfbc8b3cb15dd351fb2406a5d273a93,5,26,0x70fc6b95bc9647a87705f0b847ea7e55c5304892d547c92ce0bc40c9c6dbab91,ETH,buy-quotron,307580378519688145,0.307580378519688145
35076374,0xb22fcd15763401962f05b795edab0f6517ec489cd02733bb34c360ce28d5b48d,3,15,0x729d3926864156f4ba2d3c00e6278459e4f3065ede667eafd16db7548678356e,ETH,sell-quotron,287656288543282388,0.287656288543282388
35076374,0xb22fcd15763401962f05b795edab0f6517ec489cd02733bb34c360ce28d5b48d,3,18,0x70fc6b95bc9647a87705f0b847ea7e55c5304892d547c92ce0bc40c9c6dbab91,ETH,sell-quotron,538411525428726030,0.53841152542872603
35076374,0xb22fcd15763401962f05b795edab0f6517ec489cd02733bb34c360ce28d5b48d,3,23,0x0e18ada400ced8a77b82426983a7cb35804b3919e56a0c5dd1086856fc3acf2f,USDG,sell-quotron,160524806181598850,0.16052480618159885
35076374,0xb22fcd15763401962f05b795edab0f6517ec489cd02733bb34c360ce28d5b48d,3,26,0x12255da5a22c6b07a0a77055d299320611c945426561b5dd7fff93ffb0c843ec,USDG,sell-quotron,109867210267559529,0.109867210267559529
35077126,0xa6b612d295538e6d04e3845ddfd1978e47f4beb5831b416813475b0e5474fd68,7,46,0x0e18ada400ced8a77b82426983a7cb35804b3919e56a0c5dd1086856fc3acf2f,USDG,sell-quotron,30997028038912910,0.03099702803891291
35077126,0xa6b612d295538e6d04e3845ddfd1978e47f4beb5831b416813475b0e5474fd68,7,49,0x12255da5a22c6b07a0a77055d299320611c945426561b5dd7fff93ffb0c843ec,USDG,sell-quotron,15434973339315775,0.015434973339315775
35077126,0xa6b612d295538e6d04e3845ddfd1978e47f4beb5831b416813475b0e5474fd68,7,53,0x70fc6b95bc9647a87705f0b847ea7e55c5304892d547c92ce0bc40c9c6dbab91,ETH,sell-quotron,222533534120572278,0.222533534120572278
35077126,0xa6b612d295538e6d04e3845ddfd1978e47f4beb5831b416813475b0e5474fd68,7,56,0x729d3926864156f4ba2d3c00e6278459e4f3065ede667eafd16db7548678356e,ETH,sell-quotron,344863483370915303,0.344863483370915303
35077449,0xf0e97ed3237c6b874770aa83dbf977f081717974c8046308b6f5e5fdf8df3c9f,2,12,0x0e18ada400ced8a77b82426983a7cb35804b3919e56a0c5dd1086856fc3acf2f,USDG,sell-quotron,51004665867413594,0.051004665867413594
35077449,0xf0e97ed3237c6b874770aa83dbf977f081717974c8046308b6f5e5fdf8df3c9f,2,15,0x6598930795838a2dff245ef362d9132963c9e3bce815bd346edead74268d7c5c,USDG,sell-quotron,124299915292812413,0.124299915292812413
35077449,0xf0e97ed3237c6b874770aa83dbf977f081717974c8046308b6f5e5fdf8df3c9f,2,18,0x12255da5a22c6b07a0a77055d299320611c945426561b5dd7fff93ffb0c843ec,USDG,sell-quotron,25635646996764307,0.025635646996764307
35077449,0xf0e97ed3237c6b874770aa83dbf977f081717974c8046308b6f5e5fdf8df3c9f,2,22,0x729d3926864156f4ba2d3c00e6278459e4f3065ede667eafd16db7548678356e,ETH,sell-quotron,475898604027036295,0.475898604027036295
35077449,0xf0e97ed3237c6b874770aa83dbf977f081717974c8046308b6f5e5fdf8df3c9f,2,25,0x70fc6b95bc9647a87705f0b847ea7e55c5304892d547c92ce0bc40c9c6dbab91,ETH,sell-quotron,326081769194579609,0.326081769194579609
35084853,0x43f475e543954d2e5e8b958ea4563025f69a50115436eb66226ec950190de2b7,4,55,0x70fc6b95bc9647a87705f0b847ea7e55c5304892d547c92ce0bc40c9c6dbab91,ETH,buy-quotron,1262660858123857601,1.262660858123857601
35084955,0x92af3247e70757ba0ec015e46d6f7b03d244d101ae1f488d210930eb36d3d5b8,21,54,0x70fc6b95bc9647a87705f0b847ea7e55c5304892d547c92ce0bc40c9c6dbab91,ETH,buy-quotron,3333477096030947700,3.3334770960309477
35084956,0x419e2465de4f06a167c297c612ca86f189f766154d2d3b319f056f5eb5293d78,18,41,0x70fc6b95bc9647a87705f0b847ea7e55c5304892d547c92ce0bc40c9c6dbab91,ETH,sell-quotron,119259617011646455,0.119259617011646455
35084956,0x419e2465de4f06a167c297c612ca86f189f766154d2d3b319f056f5eb5293d78,18,44,0x0e18ada400ced8a77b82426983a7cb35804b3919e56a0c5dd1086856fc3acf2f,USDG,buy-quotron,119259617011646455,0.119259617011646455
35084957,0x80801b395252d5a90026c67268ea7a82c0c5df420053442e4c1111d57a5e0573,18,22,0x70fc6b95bc9647a87705f0b847ea7e55c5304892d547c92ce0bc40c9c6dbab91,ETH,sell-quotron,77943411634046375,0.077943411634046375
35084957,0x80801b395252d5a90026c67268ea7a82c0c5df420053442e4c1111d57a5e0573,18,25,0x12255da5a22c6b07a0a77055d299320611c945426561b5dd7fff93ffb0c843ec,USDG,buy-quotron,77943411634046375,0.077943411634046375
35085208,0xb5cbfe51adfe32b8a8fe8be3896c2c4e43d350fd72fdabe181b665c9fe7f0c84,3,8,0x70fc6b95bc9647a87705f0b847ea7e55c5304892d547c92ce0bc40c9c6dbab91,ETH,sell-quotron,769481374616487643,0.769481374616487643
35086327,0xc642588ea0209290b48b3e8a6f9c1ec9357ea0f3125f951d77350c63ea06fc1f,2,8,0x0e18ada400ced8a77b82426983a7cb35804b3919e56a0c5dd1086856fc3acf2f,USDG,buy-quotron,30463391049973281,0.030463391049973281
35086978,0x9a974b038f0588b9f9177594dc492efbd72b9256bb0f529353f958d3717eb726,1,4,0x12255da5a22c6b07a0a77055d299320611c945426561b5dd7fff93ffb0c843ec,USDG,sell-quotron,26382706698942876,0.026382706698942876
35086978,0x9a974b038f0588b9f9177594dc492efbd72b9256bb0f529353f958d3717eb726,1,7,0x0e18ada400ced8a77b82426983a7cb35804b3919e56a0c5dd1086856fc3acf2f,USDG,sell-quotron,26971060590831029,0.026971060590831029
35086978,0x9a974b038f0588b9f9177594dc492efbd72b9256bb0f529353f958d3717eb726,1,11,0x70fc6b95bc9647a87705f0b847ea7e55c5304892d547c92ce0bc40c9c6dbab91,ETH,sell-quotron,1034735810062775484,1.034735810062775484
35087292,0x2b5ced0636bbb0805c2ebbf5cac5a411ae75cd23165eb84c78e46ee26fce8042,1,6,0x0e18ada400ced8a77b82426983a7cb35804b3919e56a0c5dd1086856fc3acf2f,USDG,sell-quotron,50812959313375422,0.050812959313375422
35087292,0x2b5ced0636bbb0805c2ebbf5cac5a411ae75cd23165eb84c78e46ee26fce8042,1,10,0x70fc6b95bc9647a87705f0b847ea7e55c5304892d547c92ce0bc40c9c6dbab91,ETH,sell-quotron,966281782055126596,0.966281782055126596
35090545,0x8e8edacc4d680a4a45e70fd503db9bd38534439bab2bca30ae4e885d1a525e2e,3,49,0x729d3926864156f4ba2d3c00e6278459e4f3065ede667eafd16db7548678356e,ETH,sell-quotron,371787258734318760,0.37178725873431876
35090545,0x8e8edacc4d680a4a45e70fd503db9bd38534439bab2bca30ae4e885d1a525e2e,3,51,0x70fc6b95bc9647a87705f0b847ea7e55c5304892d547c92ce0bc40c9c6dbab91,ETH,sell-quotron,1405491981989488373,1.405491981989488373
35090548,0x2f53aa6630f7900d7f278242409f20634581241d780d689171583eb0e4e31cd9,3,8,0x12255da5a22c6b07a0a77055d299320611c945426561b5dd7fff93ffb0c843ec,USDG,sell-quotron,24317563921099630,0.02431756392109963
35090548,0x2f53aa6630f7900d7f278242409f20634581241d780d689171583eb0e4e31cd9,3,11,0x70fc6b95bc9647a87705f0b847ea7e55c5304892d547c92ce0bc40c9c6dbab91,ETH,buy-quotron,24317563921099630,0.02431756392109963
35091407,0xdf22b1fcd85871c679ae2276b58e4ed78ea81ec7fe2ab0427c249c3251f14b5e,6,27,0x6598930795838a2dff245ef362d9132963c9e3bce815bd346edead74268d7c5c,USDG,sell-quotron,102987546338632116,0.102987546338632116
35091407,0xdf22b1fcd85871c679ae2276b58e4ed78ea81ec7fe2ab0427c249c3251f14b5e,6,30,0x12d26766632d986c7efe362c9b6bb7b7bf1551490f8847489e7236a060a99063,USDG,sell-quotron,8468327496215911,0.008468327496215911
35091407,0xdf22b1fcd85871c679ae2276b58e4ed78ea81ec7fe2ab0427c249c3251f14b5e,6,33,0x12255da5a22c6b07a0a77055d299320611c945426561b5dd7fff93ffb0c843ec,USDG,sell-quotron,60725227406091541,0.060725227406091541
35091407,0xdf22b1fcd85871c679ae2276b58e4ed78ea81ec7fe2ab0427c249c3251f14b5e,6,36,0x0e18ada400ced8a77b82426983a7cb35804b3919e56a0c5dd1086856fc3acf2f,USDG,sell-quotron,112396449472814168,0.112396449472814168
35091407,0xdf22b1fcd85871c679ae2276b58e4ed78ea81ec7fe2ab0427c249c3251f14b5e,6,40,0x70fc6b95bc9647a87705f0b847ea7e55c5304892d547c92ce0bc40c9c6dbab91,ETH,sell-quotron,102112638974766678,0.102112638974766678
35091407,0xdf22b1fcd85871c679ae2276b58e4ed78ea81ec7fe2ab0427c249c3251f14b5e,6,43,0x729d3926864156f4ba2d3c00e6278459e4f3065ede667eafd16db7548678356e,ETH,sell-quotron,76027697944017717,0.076027697944017717
35091412,0x0d5a39de6c0e569d093cdf9024a51edd9124651c31381b5656c0f8e8cc608c65,9,75,0xbc8daf9854280230ad91c55d3a18c2d239a73b3d1dc9824eb0956c754d99e9f1,USDG,sell-quotron,4644192797816083,0.004644192797816083
35091412,0x0d5a39de6c0e569d093cdf9024a51edd9124651c31381b5656c0f8e8cc608c65,9,76,0x12255da5a22c6b07a0a77055d299320611c945426561b5dd7fff93ffb0c843ec,USDG,buy-quotron,4644192797816083,0.004644192797816083
35091419,0x43f756752ad5b4f1ad35ddf916923193b1262aed06c9292a72398cf8eaacffa1,2,16,0x70fc6b95bc9647a87705f0b847ea7e55c5304892d547c92ce0bc40c9c6dbab91,ETH,buy-quotron,1091384158294808673,1.091384158294808673
35091421,0xcd397dea888448088b964c1b970d178f14b33a923665828dce51363898164306,1,0,0x70fc6b95bc9647a87705f0b847ea7e55c5304892d547c92ce0bc40c9c6dbab91,ETH,sell-quotron,28591739811007262,0.028591739811007262
35091421,0xcd397dea888448088b964c1b970d178f14b33a923665828dce51363898164306,1,1,0x12255da5a22c6b07a0a77055d299320611c945426561b5dd7fff93ffb0c843ec,USDG,buy-quotron,28591739811007262,0.028591739811007262
35091772,0x945e46ff49a9dad0f9146d4e6974f5a92da17b0fd8bf266d987cb9631b8ebfa1,9,36,0x70fc6b95bc9647a87705f0b847ea7e55c5304892d547c92ce0bc40c9c6dbab91,ETH,sell-quotron,229604467250875978,0.229604467250875978
35093909,0xb2244c0c7c3ad41d01f362569562a34e6bbc5d8eecedfdf3214f3af65f9984d7,1,3,0x0e18ada400ced8a77b82426983a7cb35804b3919e56a0c5dd1086856fc3acf2f,USDG,buy-quotron,86783424000000000,0.086783424
35093909,0xb2244c0c7c3ad41d01f362569562a34e6bbc5d8eecedfdf3214f3af65f9984d7,1,6,0x12255da5a22c6b07a0a77055d299320611c945426561b5dd7fff93ffb0c843ec,USDG,buy-quotron,37192896000000000,0.037192896
35095673,0x9fdcc6788bc6ffa183bdecbb14f27154766ec6cabb638015432dfdc8e225015b,6,198,0x70fc6b95bc9647a87705f0b847ea7e55c5304892d547c92ce0bc40c9c6dbab91,ETH,sell-quotron,285083544691303770,0.28508354469130377
35095673,0x9fdcc6788bc6ffa183bdecbb14f27154766ec6cabb638015432dfdc8e225015b,6,203,0x0e18ada400ced8a77b82426983a7cb35804b3919e56a0c5dd1086856fc3acf2f,USDG,sell-quotron,10080087882358128,0.010080087882358128
35095673,0x9fdcc6788bc6ffa183bdecbb14f27154766ec6cabb638015432dfdc8e225015b,6,206,0x12255da5a22c6b07a0a77055d299320611c945426561b5dd7fff93ffb0c843ec,USDG,sell-quotron,22358623930571478,0.022358623930571478
35097672,0xcefb3c5126a6e1ad8eece0d52565dea306b49a97794e7d20acd8fa09e40d02df,1,7,0x70fc6b95bc9647a87705f0b847ea7e55c5304892d547c92ce0bc40c9c6dbab91,ETH,buy-quotron,908759165787743535,0.908759165787743535
35097672,0xcefb3c5126a6e1ad8eece0d52565dea306b49a97794e7d20acd8fa09e40d02df,1,12,0x12255da5a22c6b07a0a77055d299320611c945426561b5dd7fff93ffb0c843ec,USDG,buy-quotron,50542722799951732,0.050542722799951732
35097672,0xcefb3c5126a6e1ad8eece0d52565dea306b49a97794e7d20acd8fa09e40d02df,1,15,0x0e18ada400ced8a77b82426983a7cb35804b3919e56a0c5dd1086856fc3acf2f,USDG,buy-quotron,50542722799951733,0.050542722799951733
35107397,0xf87589a8308caeefe650f876c6ae1f1cd70e49a8c11483644362cd4a8c4ef11e,6,8,0x70fc6b95bc9647a87705f0b847ea7e55c5304892d547c92ce0bc40c9c6dbab91,ETH,buy-quotron,311600769177651240,0.31160076917765124
35107828,0x60ca4d8107f4a307856e00ad67f03bbadf8839c382e9d9dc748482c8a64466ba,2,6,0x70fc6b95bc9647a87705f0b847ea7e55c5304892d547c92ce0bc40c9c6dbab91,ETH,sell-quotron,819561323329978872,0.819561323329978872
35107828,0x60ca4d8107f4a307856e00ad67f03bbadf8839c382e9d9dc748482c8a64466ba,2,9,0x12255da5a22c6b07a0a77055d299320611c945426561b5dd7fff93ffb0c843ec,USDG,sell-quotron,46913057279652731,0.046913057279652731
35107828,0x60ca4d8107f4a307856e00ad67f03bbadf8839c382e9d9dc748482c8a64466ba,2,12,0x0e18ada400ced8a77b82426983a7cb35804b3919e56a0c5dd1086856fc3acf2f,USDG,sell-quotron,44904011721211798,0.044904011721211798
35111346,0x208030579c04f41da2a996dbae109237767d01f65509a953d9fa231b6ad3c894,2,12,0x0e18ada400ced8a77b82426983a7cb35804b3919e56a0c5dd1086856fc3acf2f,USDG,sell-quotron,39792743683183753,0.039792743683183753
35111346,0x208030579c04f41da2a996dbae109237767d01f65509a953d9fa231b6ad3c894,2,15,0x12255da5a22c6b07a0a77055d299320611c945426561b5dd7fff93ffb0c843ec,USDG,sell-quotron,26318086754402540,0.02631808675440254
35111346,0x208030579c04f41da2a996dbae109237767d01f65509a953d9fa231b6ad3c894,2,19,0x70fc6b95bc9647a87705f0b847ea7e55c5304892d547c92ce0bc40c9c6dbab91,ETH,sell-quotron,476520122933359286,0.476520122933359286
35114761,0xeaa795839f121d29e04bc3178ebd64350707dc6eef03a26cb7bba000e8e2f85d,3,8,0x70fc6b95bc9647a87705f0b847ea7e55c5304892d547c92ce0bc40c9c6dbab91,ETH,buy-quotron,676755921649716768,0.676755921649716768
35114761,0xeaa795839f121d29e04bc3178ebd64350707dc6eef03a26cb7bba000e8e2f85d,3,11,0x0e18ada400ced8a77b82426983a7cb35804b3919e56a0c5dd1086856fc3acf2f,USDG,buy-quotron,82026919254985974,0.082026919254985974
35114761,0xeaa795839f121d29e04bc3178ebd64350707dc6eef03a26cb7bba000e8e2f85d,3,14,0x12255da5a22c6b07a0a77055d299320611c945426561b5dd7fff93ffb0c843ec,USDG,buy-quotron,61527367155560008,0.061527367155560008
35118643,0xf36f326ba961e6ba240f43b763f14b656cd4cf9f6e7185a7554b9a33acff5f4b,2,10,0x70fc6b95bc9647a87705f0b847ea7e55c5304892d547c92ce0bc40c9c6dbab91,ETH,sell-quotron,205682797802176909,0.205682797802176909
35123986,0x17b0bdf250bd950365000fe98dab3d7b2b01cf18dfe9c36cc64f58688addb3e3,3,6,0x70fc6b95bc9647a87705f0b847ea7e55c5304892d547c92ce0bc40c9c6dbab91,ETH,buy-quotron,12200591828774522,0.012200591828774522
35124282,0xae39d532978b699e3e706244d1ed7a1cdc7f705968a7cabc6b34a2eeb00c6d8e,5,28,0x12255da5a22c6b07a0a77055d299320611c945426561b5dd7fff93ffb0c843ec,USDG,sell-quotron,56361489654237898,0.056361489654237898
35124282,0xae39d532978b699e3e706244d1ed7a1cdc7f705968a7cabc6b34a2eeb00c6d8e,5,31,0x0e18ada400ced8a77b82426983a7cb35804b3919e56a0c5dd1086856fc3acf2f,USDG,sell-quotron,69520732649971914,0.069520732649971914
35124282,0xae39d532978b699e3e706244d1ed7a1cdc7f705968a7cabc6b34a2eeb00c6d8e,5,35,0x70fc6b95bc9647a87705f0b847ea7e55c5304892d547c92ce0bc40c9c6dbab91,ETH,sell-quotron,417588880491534179,0.417588880491534179
35127459,0x030fc7ad3ba2c587d1691eae355bf858bdc2032f499c945abaf8f4e3f3c2e01e,3,7,0x0e18ada400ced8a77b82426983a7cb35804b3919e56a0c5dd1086856fc3acf2f,USDG,buy-quotron,22443325693281015,0.022443325693281015
35127459,0x030fc7ad3ba2c587d1691eae355bf858bdc2032f499c945abaf8f4e3f3c2e01e,3,10,0x12255da5a22c6b07a0a77055d299320611c945426561b5dd7fff93ffb0c843ec,USDG,buy-quotron,33679019126126375,0.033679019126126375
35127490,0x0ce5d7b31cd90ce8a1e19ecad56854e580bb1dc0936d17e2ab1c549f1d96a1eb,13,46,0x70fc6b95bc9647a87705f0b847ea7e55c5304892d547c92ce0bc40c9c6dbab91,ETH,buy-quotron,1002248010000000000,1.00224801
35127748,0xa1d0e34eb7373f58f83d31ff9c7a2dfa1a18fa2a7f24c9b7341d4b414043b805,4,19,0x70fc6b95bc9647a87705f0b847ea7e55c5304892d547c92ce0bc40c9c6dbab91,ETH,buy-quotron,455461207970851463,0.455461207970851463
35129011,0xc245ac4ac12f88779f6daa6c21069845504269bbb57b383238b818ba938782bc,2,18,0x70fc6b95bc9647a87705f0b847ea7e55c5304892d547c92ce0bc40c9c6dbab91,ETH,sell-quotron,597426442899782892,0.597426442899782892
35129027,0xb31da73de2e7e724b16f956e59cacdecb9bf68a265e87ed200353760fa14ce58,3,4,0x0e18ada400ced8a77b82426983a7cb35804b3919e56a0c5dd1086856fc3acf2f,USDG,buy-quotron,100000000000000000,0.1
35129027,0xb31da73de2e7e724b16f956e59cacdecb9bf68a265e87ed200353760fa14ce58,3,9,0x12255da5a22c6b07a0a77055d299320611c945426561b5dd7fff93ffb0c843ec,USDG,buy-quotron,50000000000000000,0.05
35129027,0xb31da73de2e7e724b16f956e59cacdecb9bf68a265e87ed200353760fa14ce58,3,12,0x70fc6b95bc9647a87705f0b847ea7e55c5304892d547c92ce0bc40c9c6dbab91,ETH,buy-quotron,850000000000000000,0.85
35131018,0xe5e5cd99595e390dfd87b703e3c8beabf18e25013d977a388a759736414f133c,6,25,0x0e18ada400ced8a77b82426983a7cb35804b3919e56a0c5dd1086856fc3acf2f,USDG,sell-quotron,47162649963368482,0.047162649963368482
35131018,0xe5e5cd99595e390dfd87b703e3c8beabf18e25013d977a388a759736414f133c,6,28,0x12255da5a22c6b07a0a77055d299320611c945426561b5dd7fff93ffb0c843ec,USDG,sell-quotron,32481851736816220,0.03248185173681622
35131018,0xe5e5cd99595e390dfd87b703e3c8beabf18e25013d977a388a759736414f133c,6,32,0x70fc6b95bc9647a87705f0b847ea7e55c5304892d547c92ce0bc40c9c6dbab91,ETH,sell-quotron,533174004661189295,0.533174004661189295
35136681,0x31e1425e10e1dddbdc9e758b80463e274fc2c8e6b7db71ec7edff3ac474b40db,1,6,0x0e18ada400ced8a77b82426983a7cb35804b3919e56a0c5dd1086856fc3acf2f,USDG,sell-quotron,28891598731866814,0.028891598731866814
35136681,0x31e1425e10e1dddbdc9e758b80463e274fc2c8e6b7db71ec7edff3ac474b40db,1,9,0x12255da5a22c6b07a0a77055d299320611c945426561b5dd7fff93ffb0c843ec,USDG,sell-quotron,14807843342023105,0.014807843342023105
35136681,0x31e1425e10e1dddbdc9e758b80463e274fc2c8e6b7db71ec7edff3ac474b40db,1,13,0x70fc6b95bc9647a87705f0b847ea7e55c5304892d547c92ce0bc40c9c6dbab91,ETH,sell-quotron,533413155878269772,0.533413155878269772
35138699,0x6826f726d4cee74c790dd74cf0d1c00a0a3ca6ebe95aac36569088fc1b4ebac2,2,4,0x70fc6b95bc9647a87705f0b847ea7e55c5304892d547c92ce0bc40c9c6dbab91,ETH,buy-quotron,924692740777019063,0.924692740777019063
35139039,0x59f53e66e11ba75c8777fca96e6568e11c1b7a4c7aa9ce6aea08635a139d311f,4,21,0x70fc6b95bc9647a87705f0b847ea7e55c5304892d547c92ce0bc40c9c6dbab91,ETH,buy-quotron,193904090791787578,0.193904090791787578
35139039,0x59f53e66e11ba75c8777fca96e6568e11c1b7a4c7aa9ce6aea08635a139d311f,4,25,0x12255da5a22c6b07a0a77055d299320611c945426561b5dd7fff93ffb0c843ec,USDG,buy-quotron,53000451483088605,0.053000451483088605
35139039,0x59f53e66e11ba75c8777fca96e6568e11c1b7a4c7aa9ce6aea08635a139d311f,4,28,0x0e18ada400ced8a77b82426983a7cb35804b3919e56a0c5dd1086856fc3acf2f,USDG,buy-quotron,76268942378103115,0.076268942378103115
35144453,0x5d62f424a440cc5e148bb8d9809897e68f14f0bb948ff393122c6ae681540496,4,12,0x70fc6b95bc9647a87705f0b847ea7e55c5304892d547c92ce0bc40c9c6dbab91,ETH,buy-quotron,365692115341154458,0.365692115341154458
35145797,0xc85e4ec1893bf1e904076978109a9918fb42985ba929761b51969c4057000fdc,4,15,0x0e18ada400ced8a77b82426983a7cb35804b3919e56a0c5dd1086856fc3acf2f,USDG,sell-quotron,47746337078366657,0.047746337078366657
35145797,0xc85e4ec1893bf1e904076978109a9918fb42985ba929761b51969c4057000fdc,4,18,0x12255da5a22c6b07a0a77055d299320611c945426561b5dd7fff93ffb0c843ec,USDG,sell-quotron,48943861665457277,0.048943861665457277
35145797,0xc85e4ec1893bf1e904076978109a9918fb42985ba929761b51969c4057000fdc,4,22,0x70fc6b95bc9647a87705f0b847ea7e55c5304892d547c92ce0bc40c9c6dbab91,ETH,sell-quotron,849983149429713510,0.84998314942971351
35146530,0x0b324ad287f2c54fbaa957f42298e8581d31b364c301cd4d4420444310be231b,3,27,0x70fc6b95bc9647a87705f0b847ea7e55c5304892d547c92ce0bc40c9c6dbab91,ETH,sell-quotron,211746374078469603,0.211746374078469603
35146684,0x75028b15965a708a535756d1b43983c79c16e3999b8e4c938cc55e1b1e9dbc78,8,27,0x70fc6b95bc9647a87705f0b847ea7e55c5304892d547c92ce0bc40c9c6dbab91,ETH,sell-quotron,207202658994586159,0.207202658994586159
35150611,0xb56a095e861131b772227733c6ab611db394a80a3ce0f620d0f9fb5c959e723b,2,7,0x70fc6b95bc9647a87705f0b847ea7e55c5304892d547c92ce0bc40c9c6dbab91,ETH,buy-quotron,1777279240000000000,1.77727924
35151691,0xaeb5a4fb57b6e604fa7a1c0de756d623bf2dfd2f1c178698c1e5ba5552ebfd87,7,31,0x70fc6b95bc9647a87705f0b847ea7e55c5304892d547c92ce0bc40c9c6dbab91,ETH,sell-quotron,25368717020740484,0.025368717020740484
35154630,0x20d342c270aa9521f43e892b3dd1405b3106c4d6cf7748b46bbe14770c367bee,11,23,0x0e18ada400ced8a77b82426983a7cb35804b3919e56a0c5dd1086856fc3acf2f,USDG,buy-quotron,25897700977044356,0.025897700977044356
35154630,0x20d342c270aa9521f43e892b3dd1405b3106c4d6cf7748b46bbe14770c367bee,11,26,0x12255da5a22c6b07a0a77055d299320611c945426561b5dd7fff93ffb0c843ec,USDG,buy-quotron,35763491825442207,0.035763491825442207
35161729,0x8c2eb34b1060a141b7f6438fc2c59eff1a4e7083f37491b80434977be554d906,4,3,0x70fc6b95bc9647a87705f0b847ea7e55c5304892d547c92ce0bc40c9c6dbab91,ETH,buy-quotron,9413826029385603315,9.413826029385603315
35161729,0xb0a6338c3d2fc2cb2da4bb9b20c1c34e1eb4d38ada5d23d23ccfb90dcb85a608,6,29,0x70fc6b95bc9647a87705f0b847ea7e55c5304892d547c92ce0bc40c9c6dbab91,ETH,sell-quotron,1121399860011383185,1.121399860011383185
35161729,0xb0a6338c3d2fc2cb2da4bb9b20c1c34e1eb4d38ada5d23d23ccfb90dcb85a608,6,36,0x6598930795838a2dff245ef362d9132963c9e3bce815bd346edead74268d7c5c,USDG,buy-quotron,1121399860011383185,1.121399860011383185
35161730,0x04499bebbafb3d978497119b5fe552567567076d58d9ca36a4275ab1134a6da6,5,10,0x70fc6b95bc9647a87705f0b847ea7e55c5304892d547c92ce0bc40c9c6dbab91,ETH,sell-quotron,1338597531972162441,1.338597531972162441
35161730,0x04499bebbafb3d978497119b5fe552567567076d58d9ca36a4275ab1134a6da6,5,14,0x729d3926864156f4ba2d3c00e6278459e4f3065ede667eafd16db7548678356e,ETH,buy-quotron,1338597531972162440,1.33859753197216244
35161730,0x0aee08c08f99c8143313836c1f16d0f49bd6e7732cc83338aaddfb2f786aba7c,14,23,0x70fc6b95bc9647a87705f0b847ea7e55c5304892d547c92ce0bc40c9c6dbab91,ETH,sell-quotron,270689893313836821,0.270689893313836821
35161730,0x0aee08c08f99c8143313836c1f16d0f49bd6e7732cc83338aaddfb2f786aba7c,14,26,0x0e18ada400ced8a77b82426983a7cb35804b3919e56a0c5dd1086856fc3acf2f,USDG,buy-quotron,270689893313836821,0.270689893313836821
35161731,0xbe1db68ec9ed54e99427b182ff1c44d0e211f01c3f72e1d18996522e84880ad8,15,21,0x12255da5a22c6b07a0a77055d299320611c945426561b5dd7fff93ffb0c843ec,USDG,buy-quotron,115206080759191457,0.115206080759191457
35161731,0xbe1db68ec9ed54e99427b182ff1c44d0e211f01c3f72e1d18996522e84880ad8,15,24,0x70fc6b95bc9647a87705f0b847ea7e55c5304892d547c92ce0bc40c9c6dbab91,ETH,sell-quotron,115321013665939415,0.115321013665939415
35161733,0xf9657507c1f55c38803a53600248220b3d76dc71e16980ad706f3870ba154c46,2,0,0x70fc6b95bc9647a87705f0b847ea7e55c5304892d547c92ce0bc40c9c6dbab91,ETH,sell-quotron,15704241342196765,0.015704241342196765
35161733,0xf9657507c1f55c38803a53600248220b3d76dc71e16980ad706f3870ba154c46,2,1,0xbc8daf9854280230ad91c55d3a18c2d239a73b3d1dc9824eb0956c754d99e9f1,USDG,buy-quotron,15704241342196765,0.015704241342196765
35166903,0x4a2f094256d9994fa3aed1dc654f18a2930f0711e0f4f04170973fb08839a632,3,3,0x70fc6b95bc9647a87705f0b847ea7e55c5304892d547c92ce0bc40c9c6dbab91,ETH,sell-quotron,1047913457638742670,1.04791345763874267
35167935,0x51ea78c06306cb7d7931fc38b84d4ee6fec9cd7d61ba223bd3f808d5bd30ceef,4,17,0x70fc6b95bc9647a87705f0b847ea7e55c5304892d547c92ce0bc40c9c6dbab91,ETH,sell-quotron,928438033784779176,0.928438033784779176
35167935,0x51ea78c06306cb7d7931fc38b84d4ee6fec9cd7d61ba223bd3f808d5bd30ceef,4,22,0x0e18ada400ced8a77b82426983a7cb35804b3919e56a0c5dd1086856fc3acf2f,USDG,sell-quotron,50570131378568579,0.050570131378568579
35167935,0x51ea78c06306cb7d7931fc38b84d4ee6fec9cd7d61ba223bd3f808d5bd30ceef,4,25,0x12255da5a22c6b07a0a77055d299320611c945426561b5dd7fff93ffb0c843ec,USDG,sell-quotron,24411551945156292,0.024411551945156292
35168494,0x6a77437cc67e3ae1fd2db0d239e011f9c2b636df799ebda97bfcc5204a88afe4,1,6,0x70fc6b95bc9647a87705f0b847ea7e55c5304892d547c92ce0bc40c9c6dbab91,ETH,buy-quotron,1095353336828953277,1.095353336828953277
35168547,0xe0175ec8f7e213aa87d67cd1307cb8a65175a11fb961fd0cc55729ec3b2b1a2a,8,2,0x12d26766632d986c7efe362c9b6bb7b7bf1551490f8847489e7236a060a99063,USDG,buy-quotron,4045705898677723,0.004045705898677723
35169356,0xa764b9b30bf5677987e8bdac05c4f88b4c7c38eedaeedf2b9fbf0f8d1abda1e9,2,6,0x70fc6b95bc9647a87705f0b847ea7e55c5304892d547c92ce0bc40c9c6dbab91,ETH,sell-quotron,1005120375209676514,1.005120375209676514
35174879,0xcb6732ed1a8a2d3f9904cbe00e5238de1f4fbdb88c01353fefa9ab2fbf3a5a45,6,19,0x70fc6b95bc9647a87705f0b847ea7e55c5304892d547c92ce0bc40c9c6dbab91,ETH,sell-quotron,929659902486976730,0.92965990248697673
35174879,0xcb6732ed1a8a2d3f9904cbe00e5238de1f4fbdb88c01353fefa9ab2fbf3a5a45,6,24,0x0e18ada400ced8a77b82426983a7cb35804b3919e56a0c5dd1086856fc3acf2f,USDG,sell-quotron,50010136126480699,0.050010136126480699
35174879,0xcb6732ed1a8a2d3f9904cbe00e5238de1f4fbdb88c01353fefa9ab2fbf3a5a45,6,27,0x12255da5a22c6b07a0a77055d299320611c945426561b5dd7fff93ffb0c843ec,USDG,sell-quotron,24395845615795646,0.024395845615795646
35176096,0xb9c3147e5beb7ce177c1914f85787b282c9653a4f9c6931769807b1d37b5dcd3,3,6,0x70fc6b95bc9647a87705f0b847ea7e55c5304892d547c92ce0bc40c9c6dbab91,ETH,sell-quotron,169773652806425914,0.169773652806425914
35186005,0x2f88412f0764add6a31d41648678e42e5529359bdaeded22ef3c2a6786ccdc27,2,17,0x70fc6b95bc9647a87705f0b847ea7e55c5304892d547c92ce0bc40c9c6dbab91,ETH,sell-quotron,837958888859375308,0.837958888859375308
35186005,0x2f88412f0764add6a31d41648678e42e5529359bdaeded22ef3c2a6786ccdc27,2,19,0xbc8daf9854280230ad91c55d3a18c2d239a73b3d1dc9824eb0956c754d99e9f1,USDG,sell-quotron,8077865856186305,0.008077865856186305
35186005,0x2f88412f0764add6a31d41648678e42e5529359bdaeded22ef3c2a6786ccdc27,2,22,0x0e18ada400ced8a77b82426983a7cb35804b3919e56a0c5dd1086856fc3acf2f,USDG,sell-quotron,37705300050125104,0.037705300050125104
35186221,0x6bc8e38ec5eb4b42fa1ff40d22031157d045a4c43706d972a6683013114507e5,3,16,0x70fc6b95bc9647a87705f0b847ea7e55c5304892d547c92ce0bc40c9c6dbab91,ETH,sell-quotron,63955628273558994,0.063955628273558994
35187342,0x930c9beb6550d4774573b9417e676e5aadfdeec9bf714297efba6882b291cd17,2,9,0x70fc6b95bc9647a87705f0b847ea7e55c5304892d547c92ce0bc40c9c6dbab91,ETH,sell-quotron,127845227758809187,0.127845227758809187
35187697,0x671d54d489074003fa51f5a6a7eed9ed0951034bc33f262b33a3475af69d899a,4,22,0x70fc6b95bc9647a87705f0b847ea7e55c5304892d547c92ce0bc40c9c6dbab91,ETH,buy-quotron,2155437190300734852,2.155437190300734852
35187938,0x0ab9542bac73d45697b0a88cfa1ad157a2dff1021f6dbffcecedf73589e02444,4,11,0x70fc6b95bc9647a87705f0b847ea7e55c5304892d547c92ce0bc40c9c6dbab91,ETH,sell-quotron,194676752257793011,0.194676752257793011
35195209,0x332deb33a610d79753480f1741ef3dd683fc35bc83df692c9a05310db41fbc52,3,8,0x70fc6b95bc9647a87705f0b847ea7e55c5304892d547c92ce0bc40c9c6dbab91,ETH,sell-quotron,965036578570916345,0.965036578570916345
35198323,0x60f3afe20eebfc9b04d49f22bcce2b19d6facfce9647685742731aa5932eee0b,1,4,0x70fc6b95bc9647a87705f0b847ea7e55c5304892d547c92ce0bc40c9c6dbab91,ETH,buy-quotron,539240518678977194,0.539240518678977194
35202254,0x8b89512c9cd0c2759e6a2ed615ef0506bcc4d8e891fb196719ee72cc4e24320c,2,3,0x12255da5a22c6b07a0a77055d299320611c945426561b5dd7fff93ffb0c843ec,USDG,buy-quotron,14114472327509693,0.014114472327509693
35204573,0x623461f88eaa858d16f192b6df6f69e730516ad1ac49eb8ca71993e012f9036c,2,17,0x70fc6b95bc9647a87705f0b847ea7e55c5304892d547c92ce0bc40c9c6dbab91,ETH,sell-quotron,982138621496662099,0.982138621496662099
35204573,0x623461f88eaa858d16f192b6df6f69e730516ad1ac49eb8ca71993e012f9036c,2,22,0x12255da5a22c6b07a0a77055d299320611c945426561b5dd7fff93ffb0c843ec,USDG,sell-quotron,25513702518684483,0.025513702518684483
35209781,0x8d3024d9f158790ec16583d34f187ccd918c6ef202983cb96f417ffb7535784d,3,12,0x70fc6b95bc9647a87705f0b847ea7e55c5304892d547c92ce0bc40c9c6dbab91,ETH,sell-quotron,2056113896790220317,2.056113896790220317
35212939,0xedf78b556ee1a832e5e647099bef91cbc8f1edbdcbe800046ee24a74a0b8f26a,1,2,0x70fc6b95bc9647a87705f0b847ea7e55c5304892d547c92ce0bc40c9c6dbab91,ETH,sell-quotron,721262114489560481,0.721262114489560481
35212939,0xedf78b556ee1a832e5e647099bef91cbc8f1edbdcbe800046ee24a74a0b8f26a,1,7,0x6598930795838a2dff245ef362d9132963c9e3bce815bd346edead74268d7c5c,USDG,sell-quotron,76610954569970883,0.076610954569970883
35212939,0xedf78b556ee1a832e5e647099bef91cbc8f1edbdcbe800046ee24a74a0b8f26a,1,10,0x12255da5a22c6b07a0a77055d299320611c945426561b5dd7fff93ffb0c843ec,USDG,sell-quotron,81316285669394338,0.081316285669394338
35212939,0xedf78b556ee1a832e5e647099bef91cbc8f1edbdcbe800046ee24a74a0b8f26a,1,13,0x0e18ada400ced8a77b82426983a7cb35804b3919e56a0c5dd1086856fc3acf2f,USDG,sell-quotron,135537418068206537,0.135537418068206537
35212943,0x79c32019e966ebb96e932820e907d1196c10bb6a595dc638d3b285c45168917d,1,4,0x12255da5a22c6b07a0a77055d299320611c945426561b5dd7fff93ffb0c843ec,USDG,buy-quotron,6182232827999920,0.00618223282799992
35218098,0x22f099cdb44f7e51e9c3e922c64b178b6b9757c4d2ac9248970c4c4e491e99fd,2,3,0x70fc6b95bc9647a87705f0b847ea7e55c5304892d547c92ce0bc40c9c6dbab91,ETH,buy-quotron,243307463494711763,0.243307463494711763
35221485,0x26ee21c90d6153421a460d093f837988901e8e4c01870d448ab40cc74a8fc7a7,3,15,0x70fc6b95bc9647a87705f0b847ea7e55c5304892d547c92ce0bc40c9c6dbab91,ETH,buy-quotron,1391151957856709655,1.391151957856709655
35237236,0xbe8dfe3d06f521761c642fb2df9bc593f9681b0395f4ef5783e2e46d1d32b24a,4,21,0x70fc6b95bc9647a87705f0b847ea7e55c5304892d547c92ce0bc40c9c6dbab91,ETH,sell-quotron,1424921403829182237,1.424921403829182237
35239389,0xbc2b23630d02e1cba574690321d2e7ad1e4ce7fc0bfd1140044335fc212a0027,1,7,0x70fc6b95bc9647a87705f0b847ea7e55c5304892d547c92ce0bc40c9c6dbab91,ETH,sell-quotron,158085576609161544,0.158085576609161544
35240983,0xabc4794e81903b742960fd49ebc80e1389e175fc698454ae31cb669290e5be31,1,7,0x729d3926864156f4ba2d3c00e6278459e4f3065ede667eafd16db7548678356e,ETH,sell-quotron,2067653145853648483,2.067653145853648483
35247136,0xe15f3072ea89a4f975bc47db43fe7ad7feb11eb0ac3ab9207015a46b8f987b72,2,13,0x70fc6b95bc9647a87705f0b847ea7e55c5304892d547c92ce0bc40c9c6dbab91,ETH,buy-quotron,364268842940611741,0.364268842940611741
35256968,0xebe6234a4669ad95b7c3b406f2fc7afd556db6f94ccfbe061c024a5242c931b4,1,5,0x70fc6b95bc9647a87705f0b847ea7e55c5304892d547c92ce0bc40c9c6dbab91,ETH,buy-quotron,735575437600640986,0.735575437600640986
35256968,0xebe6234a4669ad95b7c3b406f2fc7afd556db6f94ccfbe061c024a5242c931b4,1,10,0x729d3926864156f4ba2d3c00e6278459e4f3065ede667eafd16db7548678356e,ETH,buy-quotron,152249138216166199,0.152249138216166199
35256968,0xebe6234a4669ad95b7c3b406f2fc7afd556db6f94ccfbe061c024a5242c931b4,1,13,0x12255da5a22c6b07a0a77055d299320611c945426561b5dd7fff93ffb0c843ec,USDG,buy-quotron,50760878792129926,0.050760878792129926
35256968,0xebe6234a4669ad95b7c3b406f2fc7afd556db6f94ccfbe061c024a5242c931b4,1,16,0x0e18ada400ced8a77b82426983a7cb35804b3919e56a0c5dd1086856fc3acf2f,USDG,buy-quotron,76141318188194889,0.076141318188194889
35279131,0xa6e039d3913e9962ecd2cafd87a3d3e46aa127bcdcb717b6978bc462d4c9a319,2,3,0x729d3926864156f4ba2d3c00e6278459e4f3065ede667eafd16db7548678356e,ETH,buy-quotron,600660706348521619,0.600660706348521619
35280228,0x4b9f27abcb847b6ae99a9a220d4cab983219a128aa8052549a98d05c4540fd69,8,12,0x12255da5a22c6b07a0a77055d299320611c945426561b5dd7fff93ffb0c843ec,USDG,sell-quotron,14247468036240699,0.014247468036240699
35292413,0x1a6c01142b2cc13d07608cb3f40079cda46d9ed6209de4d9f9586cdd107f70b2,3,14,0x70fc6b95bc9647a87705f0b847ea7e55c5304892d547c92ce0bc40c9c6dbab91,ETH,buy-quotron,1000672374370977744,1.000672374370977744
35304669,0x1e142e870f00abc68179da9deec136170e7597143c49dfa16cea3e383cdb7030,2,9,0x70fc6b95bc9647a87705f0b847ea7e55c5304892d547c92ce0bc40c9c6dbab91,ETH,sell-quotron,345674882211281236,0.345674882211281236
35304846,0xebc4c0bcd351179600c3973c901b44dde248639a37b90ba0e714f04e54800f32,1,0,0x70fc6b95bc9647a87705f0b847ea7e55c5304892d547c92ce0bc40c9c6dbab91,ETH,sell-quotron,52540796289833028,0.052540796289833028
35305864,0x8a9ce03a5afffb802aac858abb0e8241be38431a6fa8b5dd9296619e2dd17867,1,0,0x70fc6b95bc9647a87705f0b847ea7e55c5304892d547c92ce0bc40c9c6dbab91,ETH,sell-quotron,47091122341431260,0.04709112234143126
35306262,0xd8cb98370d7da6b0d43b32dce4e6aae63ec0a054ffeaed202aac48bf8928c7da,2,19,0x70fc6b95bc9647a87705f0b847ea7e55c5304892d547c92ce0bc40c9c6dbab91,ETH,buy-quotron,1583006980438343781,1.583006980438343781
35311621,0xb01067f62c69b0a3ac69185e03b180476186417ca26d1a1918dc300c3452f5c6,1,7,0x70fc6b95bc9647a87705f0b847ea7e55c5304892d547c92ce0bc40c9c6dbab91,ETH,sell-quotron,289699130912687306,0.289699130912687306
35311696,0x07d2c004f040fb5f63a3090778855b889eed2a9b42ba32271e7da1b7ce8f858c,5,21,0x70fc6b95bc9647a87705f0b847ea7e55c5304892d547c92ce0bc40c9c6dbab91,ETH,sell-quotron,830702780317024868,0.830702780317024868
35312667,0xbbed6999c9e8d1017c07a2bb4bb6cf6e2e7be8daff7edf6b7d48cdd61c573b30,2,9,0x70fc6b95bc9647a87705f0b847ea7e55c5304892d547c92ce0bc40c9c6dbab91,ETH,buy-quotron,825000000000000000,0.825
35312667,0xbbed6999c9e8d1017c07a2bb4bb6cf6e2e7be8daff7edf6b7d48cdd61c573b30,2,14,0x729d3926864156f4ba2d3c00e6278459e4f3065ede667eafd16db7548678356e,ETH,buy-quotron,49997500000000000,0.0499975
35312667,0xbbed6999c9e8d1017c07a2bb4bb6cf6e2e7be8daff7edf6b7d48cdd61c573b30,2,17,0x0e18ada400ced8a77b82426983a7cb35804b3919e56a0c5dd1086856fc3acf2f,USDG,buy-quotron,75001500000000000,0.0750015
35312667,0xbbed6999c9e8d1017c07a2bb4bb6cf6e2e7be8daff7edf6b7d48cdd61c573b30,2,20,0x12255da5a22c6b07a0a77055d299320611c945426561b5dd7fff93ffb0c843ec,USDG,buy-quotron,50001000000000000,0.050001
35317388,0x7e66ecd9dc281548bc2e31fbd21e47731732fbb821dad19a5f81d6c7153bd278,9,17,0x12255da5a22c6b07a0a77055d299320611c945426561b5dd7fff93ffb0c843ec,USDG,sell-quotron,27902616023491358,0.027902616023491358
35321061,0x87ed9f231f37a94805c48cf20c4b77ef1d208a721ebc918cc6cba8ba0961846d,11,35,0x70fc6b95bc9647a87705f0b847ea7e55c5304892d547c92ce0bc40c9c6dbab91,ETH,sell-quotron,1037744506322293479,1.037744506322293479
35322944,0xe2ad8207b85d8fee9c2d153a91d77d007064f690b3b5ea7c77a74042354b4e75,2,8,0x70fc6b95bc9647a87705f0b847ea7e55c5304892d547c92ce0bc40c9c6dbab91,ETH,buy-quotron,1322750210497173685,1.322750210497173685
35322944,0xe2ad8207b85d8fee9c2d153a91d77d007064f690b3b5ea7c77a74042354b4e75,2,13,0x12255da5a22c6b07a0a77055d299320611c945426561b5dd7fff93ffb0c843ec,USDG,buy-quotron,33916672064030095,0.033916672064030095
35325163,0x7fd1e24cee1e725523e6f175762d742473a85827afa3778d1b1f0d4f6454cdf0,2,6,0x70fc6b95bc9647a87705f0b847ea7e55c5304892d547c92ce0bc40c9c6dbab91,ETH,sell-quotron,898714740568111856,0.898714740568111856
35325163,0x7fd1e24cee1e725523e6f175762d742473a85827afa3778d1b1f0d4f6454cdf0,2,11,0x12255da5a22c6b07a0a77055d299320611c945426561b5dd7fff93ffb0c843ec,USDG,sell-quotron,50833273470968597,0.050833273470968597
35325163,0x7fd1e24cee1e725523e6f175762d742473a85827afa3778d1b1f0d4f6454cdf0,2,14,0x0e18ada400ced8a77b82426983a7cb35804b3919e56a0c5dd1086856fc3acf2f,USDG,sell-quotron,51632384332516287,0.051632384332516287
35326210,0x7069b2b2dcbb079a868bdf2ffe57229f6c4455f3006ee4580cd517c540f2b60a,6,7,0x70fc6b95bc9647a87705f0b847ea7e55c5304892d547c92ce0bc40c9c6dbab91,ETH,sell-quotron,935115694332633183,0.935115694332633183
35326210,0x7069b2b2dcbb079a868bdf2ffe57229f6c4455f3006ee4580cd517c540f2b60a,6,12,0x0e18ada400ced8a77b82426983a7cb35804b3919e56a0c5dd1086856fc3acf2f,USDG,sell-quotron,49121790462561935,0.049121790462561935
35326744,0x8a9c45f03e7583fbef29f96db08fe4ca54f340d49f98bd0583d39cafcd838b00,5,30,0x70fc6b95bc9647a87705f0b847ea7e55c5304892d547c92ce0bc40c9c6dbab91,ETH,buy-quotron,1019215582664301636,1.019215582664301636
35326762,0xfe3299bac658fb0df1cdbb02054f3858342bed087290563489daf5485383ea8b,5,26,0x12255da5a22c6b07a0a77055d299320611c945426561b5dd7fff93ffb0c843ec,USDG,sell-quotron,10176047087461535,0.010176047087461535
35327012,0xb3bbbf26bf2997595519e3a671aaddb53edff7d7ec66572fe3f881c01dce1440,2,4,0x70fc6b95bc9647a87705f0b847ea7e55c5304892d547c92ce0bc40c9c6dbab91,ETH,sell-quotron,1064425777078477916,1.064425777078477916
35328553,0x37d754086102e87d134ab2863e8f4ad7a61c0cc868428d20273cf7e0017b14c8,6,4,0xbc8daf9854280230ad91c55d3a18c2d239a73b3d1dc9824eb0956c754d99e9f1,USDG,sell-quotron,2764727617657664,0.002764727617657664
35328553,0x37d754086102e87d134ab2863e8f4ad7a61c0cc868428d20273cf7e0017b14c8,6,8,0x70fc6b95bc9647a87705f0b847ea7e55c5304892d547c92ce0bc40c9c6dbab91,ETH,sell-quotron,46584878710953044,0.046584878710953044
35329046,0x1eae0e863847c9df174e61d5b8eb5e5a608963e261917021e083097e8bdecdff,1,2,0x70fc6b95bc9647a87705f0b847ea7e55c5304892d547c92ce0bc40c9c6dbab91,ETH,sell-quotron,970684124426219668,0.970684124426219668
35329046,0x1eae0e863847c9df174e61d5b8eb5e5a608963e261917021e083097e8bdecdff,1,7,0x12255da5a22c6b07a0a77055d299320611c945426561b5dd7fff93ffb0c843ec,USDG,sell-quotron,23068024145682782,0.023068024145682782
35329614,0x4b2ba141d51cd233a2a48d352d359eaa70786a7e4339cbffed97f13fae86eeb5,1,2,0xbc8daf9854280230ad91c55d3a18c2d239a73b3d1dc9824eb0956c754d99e9f1,USDG,sell-quotron,4762415682308895,0.004762415682308895
35329614,0x4b2ba141d51cd233a2a48d352d359eaa70786a7e4339cbffed97f13fae86eeb5,1,5,0x12255da5a22c6b07a0a77055d299320611c945426561b5dd7fff93ffb0c843ec,USDG,sell-quotron,71109308671700899,0.071109308671700899
35329614,0x4b2ba141d51cd233a2a48d352d359eaa70786a7e4339cbffed97f13fae86eeb5,1,8,0x6598930795838a2dff245ef362d9132963c9e3bce815bd346edead74268d7c5c,USDG,sell-quotron,146076104746071057,0.146076104746071057
35329614,0x4b2ba141d51cd233a2a48d352d359eaa70786a7e4339cbffed97f13fae86eeb5,1,11,0x729d3926864156f4ba2d3c00e6278459e4f3065ede667eafd16db7548678356e,ETH,sell-quotron,217887357290611020,0.21788735729061102
35329614,0x4b2ba141d51cd233a2a48d352d359eaa70786a7e4339cbffed97f13fae86eeb5,1,13,0x70fc6b95bc9647a87705f0b847ea7e55c5304892d547c92ce0bc40c9c6dbab91,ETH,sell-quotron,1707731995020191625,1.707731995020191625
35329772,0x8aa654b18c5d199e4ecdb955f4fbd158a701e83a25818b48cc122323a001f5a4,3,17,0x9f6051d51e97a517fba15965be902874ae9bd62bfa42e6cb4af13faef91080c9,SPCX,sell-quotron,11086549130832921,0.011086549130832921
35329772,0x8aa654b18c5d199e4ecdb955f4fbd158a701e83a25818b48cc122323a001f5a4,3,21,0x12255da5a22c6b07a0a77055d299320611c945426561b5dd7fff93ffb0c843ec,USDG,buy-quotron,11086549130832921,0.011086549130832921
35331362,0x80b26384b4b2a96d7df69d0e1b88a5a5287e001f790abfa65ff1e3d02145e8fd,9,22,0x70fc6b95bc9647a87705f0b847ea7e55c5304892d547c92ce0bc40c9c6dbab91,ETH,buy-quotron,610555295105289552,0.610555295105289552
35331362,0x80b26384b4b2a96d7df69d0e1b88a5a5287e001f790abfa65ff1e3d02145e8fd,9,25,0x12255da5a22c6b07a0a77055d299320611c945426561b5dd7fff93ffb0c843ec,USDG,buy-quotron,32134489216067872,0.032134489216067872
35333812,0xf851eae97f05fa62f8f901a0d77758ce4825995ff3aaeb75dbcffca75447e70d,3,604,0x70fc6b95bc9647a87705f0b847ea7e55c5304892d547c92ce0bc40c9c6dbab91,ETH,sell-quotron,742769766172419101,0.742769766172419101
35333812,0xf851eae97f05fa62f8f901a0d77758ce4825995ff3aaeb75dbcffca75447e70d,3,607,0x729d3926864156f4ba2d3c00e6278459e4f3065ede667eafd16db7548678356e,ETH,sell-quotron,143138403410227958,0.143138403410227958
35333812,0xf851eae97f05fa62f8f901a0d77758ce4825995ff3aaeb75dbcffca75447e70d,3,612,0x6598930795838a2dff245ef362d9132963c9e3bce815bd346edead74268d7c5c,USDG,sell-quotron,49448101786510177,0.049448101786510177
35333812,0xf851eae97f05fa62f8f901a0d77758ce4825995ff3aaeb75dbcffca75447e70d,3,615,0x12255da5a22c6b07a0a77055d299320611c945426561b5dd7fff93ffb0c843ec,USDG,sell-quotron,78557350754960649,0.078557350754960649
35333813,0x07c1dd3441f245616ab9438dbe3631e7039a68d7e2f3be9a869b5dbf20c3906d,3,39,0x9f6051d51e97a517fba15965be902874ae9bd62bfa42e6cb4af13faef91080c9,SPCX,sell-quotron,20114000734512377,0.020114000734512377
35333813,0x07c1dd3441f245616ab9438dbe3631e7039a68d7e2f3be9a869b5dbf20c3906d,3,42,0x12255da5a22c6b07a0a77055d299320611c945426561b5dd7fff93ffb0c843ec,USDG,buy-quotron,20114000734512377,0.020114000734512377
35333814,0xfd4ad39c2dee1dfa5e29d68314b03c33054f82508c24f117faedc9eb74fddf27,2,1,0x12255da5a22c6b07a0a77055d299320611c945426561b5dd7fff93ffb0c843ec,USDG,buy-quotron,125091672865520,0.00012509167286552
35333814,0xfd4ad39c2dee1dfa5e29d68314b03c33054f82508c24f117faedc9eb74fddf27,2,8,0x12255da5a22c6b07a0a77055d299320611c945426561b5dd7fff93ffb0c843ec,USDG,buy-quotron,124130893906365,0.000124130893906365
35333814,0xfd4ad39c2dee1dfa5e29d68314b03c33054f82508c24f117faedc9eb74fddf27,2,15,0x12255da5a22c6b07a0a77055d299320611c945426561b5dd7fff93ffb0c843ec,USDG,buy-quotron,123185626487039,0.000123185626487039
35333814,0xfd4ad39c2dee1dfa5e29d68314b03c33054f82508c24f117faedc9eb74fddf27,2,22,0x12255da5a22c6b07a0a77055d299320611c945426561b5dd7fff93ffb0c843ec,USDG,buy-quotron,122255921458089,0.000122255921458089
35333814,0xfd4ad39c2dee1dfa5e29d68314b03c33054f82508c24f117faedc9eb74fddf27,2,29,0x12255da5a22c6b07a0a77055d299320611c945426561b5dd7fff93ffb0c843ec,USDG,buy-quotron,121341829005313,0.000121341829005313
35333814,0xfd4ad39c2dee1dfa5e29d68314b03c33054f82508c24f117faedc9eb74fddf27,2,36,0x12255da5a22c6b07a0a77055d299320611c945426561b5dd7fff93ffb0c843ec,USDG,buy-quotron,120426138351754,0.000120426138351754
35333814,0xfd4ad39c2dee1dfa5e29d68314b03c33054f82508c24f117faedc9eb74fddf27,2,43,0x12255da5a22c6b07a0a77055d299320611c945426561b5dd7fff93ffb0c843ec,USDG,buy-quotron,119526130059559,0.000119526130059559
35333814,0xfd4ad39c2dee1dfa5e29d68314b03c33054f82508c24f117faedc9eb74fddf27,2,50,0x12255da5a22c6b07a0a77055d299320611c945426561b5dd7fff93ffb0c843ec,USDG,buy-quotron,118641852781914,0.000118641852781914
35333814,0xfd4ad39c2dee1dfa5e29d68314b03c33054f82508c24f117faedc9eb74fddf27,2,57,0x12255da5a22c6b07a0a77055d299320611c945426561b5dd7fff93ffb0c843ec,USDG,buy-quotron,117756065804364,0.000117756065804364
35333814,0xfd4ad39c2dee1dfa5e29d68314b03c33054f82508c24f117faedc9eb74fddf27,2,64,0x12255da5a22c6b07a0a77055d299320611c945426561b5dd7fff93ffb0c843ec,USDG,buy-quotron,116886077223042,0.000116886077223042
35333814,0xfd4ad39c2dee1dfa5e29d68314b03c33054f82508c24f117faedc9eb74fddf27,2,71,0x12255da5a22c6b07a0a77055d299320611c945426561b5dd7fff93ffb0c843ec,USDG,buy-quotron,116014626857269,0.000116014626857269
35333814,0xfd4ad39c2dee1dfa5e29d68314b03c33054f82508c24f117faedc9eb74fddf27,2,78,0x12255da5a22c6b07a0a77055d299320611c945426561b5dd7fff93ffb0c843ec,USDG,buy-quotron,115176357512709,0.000115176357512709
35333814,0xfd4ad39c2dee1dfa5e29d68314b03c33054f82508c24f117faedc9eb74fddf27,2,85,0x12255da5a22c6b07a0a77055d299320611c945426561b5dd7fff93ffb0c843ec,USDG,buy-quotron,114319375005254,0.000114319375005254
35333814,0xfd4ad39c2dee1dfa5e29d68314b03c33054f82508c24f117faedc9eb74fddf27,2,92,0x12255da5a22c6b07a0a77055d299320611c945426561b5dd7fff93ffb0c843ec,USDG,buy-quotron,113495656332252,0.000113495656332252
35333814,0xfd4ad39c2dee1dfa5e29d68314b03c33054f82508c24f117faedc9eb74fddf27,2,99,0x12255da5a22c6b07a0a77055d299320611c945426561b5dd7fff93ffb0c843ec,USDG,buy-quotron,112670595473772,0.000112670595473772
35333814,0xfd4ad39c2dee1dfa5e29d68314b03c33054f82508c24f117faedc9eb74fddf27,2,106,0x12255da5a22c6b07a0a77055d299320611c945426561b5dd7fff93ffb0c843ec,USDG,buy-quotron,111861553863116,0.000111861553863116
35333814,0xfd4ad39c2dee1dfa5e29d68314b03c33054f82508c24f117faedc9eb74fddf27,2,113,0x12255da5a22c6b07a0a77055d299320611c945426561b5dd7fff93ffb0c843ec,USDG,buy-quotron,111051214172216,0.000111051214172216
35333814,0xfd4ad39c2dee1dfa5e29d68314b03c33054f82508c24f117faedc9eb74fddf27,2,120,0x12255da5a22c6b07a0a77055d299320611c945426561b5dd7fff93ffb0c843ec,USDG,buy-quotron,110256955247772,0.000110256955247772
35333814,0xfd4ad39c2dee1dfa5e29d68314b03c33054f82508c24f117faedc9eb74fddf27,2,127,0x12255da5a22c6b07a0a77055d299320611c945426561b5dd7fff93ffb0c843ec,USDG,buy-quotron,109461441370732,0.000109461441370732
35333814,0xfd4ad39c2dee1dfa5e29d68314b03c33054f82508c24f117faedc9eb74fddf27,2,134,0x12255da5a22c6b07a0a77055d299320611c945426561b5dd7fff93ffb0c843ec,USDG,buy-quotron,108682068559355,0.000108682068559355
35333814,0xfd4ad39c2dee1dfa5e29d68314b03c33054f82508c24f117faedc9eb74fddf27,2,141,0x12255da5a22c6b07a0a77055d299320611c945426561b5dd7fff93ffb0c843ec,USDG,buy-quotron,107901482957422,0.000107901482957422
35333814,0xfd4ad39c2dee1dfa5e29d68314b03c33054f82508c24f117faedc9eb74fddf27,2,148,0x12255da5a22c6b07a0a77055d299320611c945426561b5dd7fff93ffb0c843ec,USDG,buy-quotron,107137097517521,0.000107137097517521
35333814,0xfd4ad39c2dee1dfa5e29d68314b03c33054f82508c24f117faedc9eb74fddf27,2,155,0x12255da5a22c6b07a0a77055d299320611c945426561b5dd7fff93ffb0c843ec,USDG,buy-quotron,106388954178312,0.000106388954178312
35333814,0xfd4ad39c2dee1dfa5e29d68314b03c33054f82508c24f117faedc9eb74fddf27,2,162,0x12255da5a22c6b07a0a77055d299320611c945426561b5dd7fff93ffb0c843ec,USDG,buy-quotron,105639672169629,0.000105639672169629
35333814,0xfd4ad39c2dee1dfa5e29d68314b03c33054f82508c24f117faedc9eb74fddf27,2,169,0x12255da5a22c6b07a0a77055d299320611c945426561b5dd7fff93ffb0c843ec,USDG,buy-quotron,104889258673613,0.000104889258673613
35333814,0xfd4ad39c2dee1dfa5e29d68314b03c33054f82508c24f117faedc9eb74fddf27,2,176,0x12255da5a22c6b07a0a77055d299320611c945426561b5dd7fff93ffb0c843ec,USDG,buy-quotron,104155159823580,0.00010415515982358
35333814,0xfd4ad39c2dee1dfa5e29d68314b03c33054f82508c24f117faedc9eb74fddf27,2,183,0x12255da5a22c6b07a0a77055d299320611c945426561b5dd7fff93ffb0c843ec,USDG,buy-quotron,103437416053067,0.000103437416053067
35333814,0xfd4ad39c2dee1dfa5e29d68314b03c33054f82508c24f117faedc9eb74fddf27,2,190,0x12255da5a22c6b07a0a77055d299320611c945426561b5dd7fff93ffb0c843ec,USDG,buy-quotron,102718611793047,0.000102718611793047
35333814,0xfd4ad39c2dee1dfa5e29d68314b03c33054f82508c24f117faedc9eb74fddf27,2,197,0x12255da5a22c6b07a0a77055d299320611c945426561b5dd7fff93ffb0c843ec,USDG,buy-quotron,102016217311773,0.000102016217311773
35333814,0xfd4ad39c2dee1dfa5e29d68314b03c33054f82508c24f117faedc9eb74fddf27,2,204,0x12255da5a22c6b07a0a77055d299320611c945426561b5dd7fff93ffb0c843ec,USDG,buy-quotron,101312799993650,0.00010131279999365
35333814,0xfd4ad39c2dee1dfa5e29d68314b03c33054f82508c24f117faedc9eb74fddf27,2,211,0x12255da5a22c6b07a0a77055d299320611c945426561b5dd7fff93ffb0c843ec,USDG,buy-quotron,100608366171099,0.000100608366171099
35333814,0xfd4ad39c2dee1dfa5e29d68314b03c33054f82508c24f117faedc9eb74fddf27,2,218,0x12255da5a22c6b07a0a77055d299320611c945426561b5dd7fff93ffb0c843ec,USDG,buy-quotron,99920410101185,0.000099920410101185
35333814,0xfd4ad39c2dee1dfa5e29d68314b03c33054f82508c24f117faedc9eb74fddf27,2,225,0x12255da5a22c6b07a0a77055d299320611c945426561b5dd7fff93ffb0c843ec,USDG,buy-quotron,99248970058518,0.000099248970058518
35333814,0xfd4ad39c2dee1dfa5e29d68314b03c33054f82508c24f117faedc9eb74fddf27,2,232,0x12255da5a22c6b07a0a77055d299320611c945426561b5dd7fff93ffb0c843ec,USDG,buy-quotron,98576580013687,0.000098576580013687
35333814,0xfd4ad39c2dee1dfa5e29d68314b03c33054f82508c24f117faedc9eb74fddf27,2,239,0x12255da5a22c6b07a0a77055d299320611c945426561b5dd7fff93ffb0c843ec,USDG,buy-quotron,97903245752541,0.000097903245752541
35333814,0xfd4ad39c2dee1dfa5e29d68314b03c33054f82508c24f117faedc9eb74fddf27,2,246,0x12255da5a22c6b07a0a77055d299320611c945426561b5dd7fff93ffb0c843ec,USDG,buy-quotron,97246492571217,0.000097246492571217
35333814,0xfd4ad39c2dee1dfa5e29d68314b03c33054f82508c24f117faedc9eb74fddf27,2,253,0x12255da5a22c6b07a0a77055d299320611c945426561b5dd7fff93ffb0c843ec,USDG,buy-quotron,96588830112626,0.000096588830112626
35333814,0xfd4ad39c2dee1dfa5e29d68314b03c33054f82508c24f117faedc9eb74fddf27,2,260,0x12255da5a22c6b07a0a77055d299320611c945426561b5dd7fff93ffb0c843ec,USDG,buy-quotron,95930263916813,0.000095930263916813
35334604,0x25d1ece1a913b5a530fa8f278c07d63b2f61a871a2d8fb9871690fba4e818660,3,10,0x70fc6b95bc9647a87705f0b847ea7e55c5304892d547c92ce0bc40c9c6dbab91,ETH,buy-quotron,129121283734523237,0.129121283734523237
35334604,0x25d1ece1a913b5a530fa8f278c07d63b2f61a871a2d8fb9871690fba4e818660,3,13,0x12255da5a22c6b07a0a77055d299320611c945426561b5dd7fff93ffb0c843ec,USDG,buy-quotron,18445897676360463,0.018445897676360463
35345096,0x5ecfc4019bd99042a853ba21eadfc1c964e8d5179a9e3b3e7b242ff9b02511bb,2,10,0x12d26766632d986c7efe362c9b6bb7b7bf1551490f8847489e7236a060a99063,USDG,sell-quotron,7510621016955877,0.007510621016955877
35345096,0x5ecfc4019bd99042a853ba21eadfc1c964e8d5179a9e3b3e7b242ff9b02511bb,2,13,0x6598930795838a2dff245ef362d9132963c9e3bce815bd346edead74268d7c5c,USDG,sell-quotron,43264007317341609,0.043264007317341609
35345096,0x5ecfc4019bd99042a853ba21eadfc1c964e8d5179a9e3b3e7b242ff9b02511bb,2,16,0x12255da5a22c6b07a0a77055d299320611c945426561b5dd7fff93ffb0c843ec,USDG,sell-quotron,47137731683644418,0.047137731683644418
35345096,0x5ecfc4019bd99042a853ba21eadfc1c964e8d5179a9e3b3e7b242ff9b02511bb,2,19,0x729d3926864156f4ba2d3c00e6278459e4f3065ede667eafd16db7548678356e,ETH,sell-quotron,297683920287856345,0.297683920287856345
35345096,0x5ecfc4019bd99042a853ba21eadfc1c964e8d5179a9e3b3e7b242ff9b02511bb,2,21,0x70fc6b95bc9647a87705f0b847ea7e55c5304892d547c92ce0bc40c9c6dbab91,ETH,sell-quotron,536493646111107440,0.53649364611110744
35345099,0x4640685b41f84f360bb99d556f88d2eb16f2e8f5e568ae945fe5274128df2fb7,2,2,0x9f6051d51e97a517fba15965be902874ae9bd62bfa42e6cb4af13faef91080c9,SPCX,sell-quotron,10057035054371108,0.010057035054371108
35345099,0x4640685b41f84f360bb99d556f88d2eb16f2e8f5e568ae945fe5274128df2fb7,2,6,0x12255da5a22c6b07a0a77055d299320611c945426561b5dd7fff93ffb0c843ec,USDG,buy-quotron,10057035054371108,0.010057035054371108
35345229,0xfa89a673d00e0dd8049769d507a393c7197b7275e28aae36183dd6f1cbc4440e,2,4,0xbc8daf9854280230ad91c55d3a18c2d239a73b3d1dc9824eb0956c754d99e9f1,USDG,sell-quotron,3494157125469822,0.003494157125469822
35345229,0xfa89a673d00e0dd8049769d507a393c7197b7275e28aae36183dd6f1cbc4440e,2,7,0x12255da5a22c6b07a0a77055d299320611c945426561b5dd7fff93ffb0c843ec,USDG,sell-quotron,20035423516358365,0.020035423516358365
35345229,0xfa89a673d00e0dd8049769d507a393c7197b7275e28aae36183dd6f1cbc4440e,2,10,0x6598930795838a2dff245ef362d9132963c9e3bce815bd346edead74268d7c5c,USDG,sell-quotron,20869965899498082,0.020869965899498082
35345229,0xfa89a673d00e0dd8049769d507a393c7197b7275e28aae36183dd6f1cbc4440e,2,13,0x729d3926864156f4ba2d3c00e6278459e4f3065ede667eafd16db7548678356e,ETH,sell-quotron,38059214209334796,0.038059214209334796
35345229,0xfa89a673d00e0dd8049769d507a393c7197b7275e28aae36183dd6f1cbc4440e,2,15,0x70fc6b95bc9647a87705f0b847ea7e55c5304892d547c92ce0bc40c9c6dbab91,ETH,sell-quotron,41191104582241646,0.041191104582241646
35345232,0x9eb316d37c9efffb9a307054faaf47b832516668a9f3cb063d5d0a04e682852a,3,11,0x12255da5a22c6b07a0a77055d299320611c945426561b5dd7fff93ffb0c843ec,USDG,buy-quotron,3751850855892824,0.003751850855892824
35347919,0xffc14c27d9f79f238da451c0c3c50fc7b61bba50fbe7815daed5b8a6e0751d77,11,34,0x70fc6b95bc9647a87705f0b847ea7e55c5304892d547c92ce0bc40c9c6dbab91,ETH,buy-quotron,413033822709021285,0.413033822709021285
35350864,0x10e2ef444cda40ebaafd3ff0b2dea6668592936c958d2047e17f2663302b4463,2,5,0x70fc6b95bc9647a87705f0b847ea7e55c5304892d547c92ce0bc40c9c6dbab91,ETH,buy-quotron,912751803128465680,0.91275180312846568
35351448,0x8a27a046d38f33917af5c5bbba5f542822c562446c437c47ee1c94db3d500288,7,75,0x70fc6b95bc9647a87705f0b847ea7e55c5304892d547c92ce0bc40c9c6dbab91,ETH,sell-quotron,3234530292166907,0.003234530292166907
35354505,0xc057169f81f53784232ff2ee57c287efe30cf0405a174b0f9a0094b227516217,3,5,0x70fc6b95bc9647a87705f0b847ea7e55c5304892d547c92ce0bc40c9c6dbab91,ETH,buy-quotron,194676752257793011,0.194676752257793011
35358135,0xcfeaf9997daa18ad955245ab351f4675cffb4a46256d2c9e95c84bf41dae2106,4,14,0x70fc6b95bc9647a87705f0b847ea7e55c5304892d547c92ce0bc40c9c6dbab91,ETH,buy-quotron,418949033073055762,0.418949033073055762
35359683,0x32d1e421c087d540492bf6ad63c05727dc59d488ac51ff04ddc6196a1bdf5bbd,7,17,0x70fc6b95bc9647a87705f0b847ea7e55c5304892d547c92ce0bc40c9c6dbab91,ETH,buy-quotron,268887917494265181,0.268887917494265181
