v1_terminal_id,v2_terminal_id,recipient,v2_state,liquid_cutoff_block,hardwired_ownership_cutoff_block,leaf
1,1,0x4A22064846B49393A26256a2a23402D4311421D8,dark,34984482,,0x0b0b8a05c5f612e442f75b8c9042a6b96d72094ccf90e8b2a1c1c46e04357eb4
4,4,0x516aC603F68B405a4e382F08Bd5646bB07a29db3,dark,34984482,,0x87995d33593fc6e996789e5924bbbf36e5884affaa7844d4ee09a5b93e6e53fb
5,5,0x05d3cD6859FCd219b4482Fb1D72743f07df8D606,dark,34984482,,0x9d2f910b590cb8e9081ab0f3c0729a306280d6606e649205d2568cb2065af5cd
6,6,0xe9132a6E4a610b796AbBA5fD4210911FafA55a22,dark,34984482,,0x36dd59f987aa205d1e73ef3ba40a44443546f3c5051559148e055b65aed740b9
19,19,0xf9193ec28E3BCA91F66265e269c2913625293c9D,dark,34984482,,0x2a5b11dd7b26544c7836fceee8c6aee0b6a82896abf3f99fb57af58b2459c247
21,21,0x03FDef14113fFCe886A4B61FA08A0C747E87aA96,dark,34984482,,0xe63830081afad8a3278ded1eac6f3154905b64ee81bd7c354c6df1a4feb742b8
24,24,0x2EfED473D498d749DF0912C01EBB632D9EDacc19,dark,34984482,,0xf7f9bf859ef1a9f891a4c1403459f47f8a83b418e2522ba342db420eddeca0e5
33,33,0x29909b9c97845D5eb998B4AA41664a46c5dc35C6,dark,34984482,,0x4180534f6b9814a50ab15e774032cd0a66f6b2aeeee36768805c709ad4ebc497
36,36,0x39243FD5EC3762020bbfc1F980b920C88C3A493a,dark,34984482,,0x74e2fccdbb589f679e82260072594624e81589bf79784153b510cc827599103d
37,37,0xaF9B245B0A1EfC3E94eB7ED5d09A841649712390,dark,34984482,,0xf1e739ade218d12f9a3077e1164b1eff6588868f91f856ea794d6004371991c5
41,41,0x03FDef14113fFCe886A4B61FA08A0C747E87aA96,dark,34984482,,0x51be66fa09557c3d3fb01026f5985e86bab7cbc63d5435c9b7078c46506245f6
44,44,0xa64c6369C0d4c61AeeE1f8997bCfB4022F2C614b,dark,34984482,,0xf54c2c17b99352f4373b0add88b165e0de50a730c98c2a597550c1336ca358b0
45,45,0x8bE3F73A170EB7244e357c8D1Dd41696958340D6,dark,34984482,,0x3786c267596e2a060f485464cbcb722634bc07afb19f58cf1f5f95b6c2783441
47,47,0xA4Fd253F9309DEC87393c92A6E305DD2D395A20a,dark,34984482,,0x97f73a03bd67ceda1ec5c86b385cef9cbba67d2e07fcd4706ea70dd7c1bf4dbe
48,48,0x18342C47E3Fc11aCeba1274EB04241f893F3989d,dark,34984482,,0x027fe5e73548854bbdade54fb37988e485c837ea387c238343a9c71cf0553b4d
51,51,0x9Fc71AdF531476BCf08FcD31e6eFF5F52c2f9Daf,dark,34984482,,0xd3acdfe6b7bbf0c4450de05f9e487f8deb1124db13bccfeff82f7122c81a056b
52,52,0x8bE3F73A170EB7244e357c8D1Dd41696958340D6,dark,34984482,,0xd093498f98d92860344230b85177ed04d77cde84bed6b83accb1acf530894eef
53,53,0x2825CDb4A71AC7942DA889f1ff72d536a8209343,dark,34984482,,0x6af9a4798a63d94b192e2fbfab80cc3630d564d5a48e65561a9f4a144e966967
58,58,0xBdDc59b367915f116c13B24050191502ed7C70b6,dark,34984482,,0x1678e15a70806b129cb2692ffe188694ff268f975246b682993c0c68cf34a75a
65,65,0x46da67cf582331eb8e592023a9E9edef2a321111,dark,34984482,,0xc20711ffa7935c8c045f473475e682a5e919820376ec55dcd102e73c137187dd
74,74,0x39243FD5EC3762020bbfc1F980b920C88C3A493a,dark,34984482,,0x00eff17a94327bf83f8d6ffffb3400e40e3a16fcadb7a60831fa4b08a3a420ea
77,77,0x4CFD59Ad1d7236Af5C98248435B38e96554CD15B,dark,34984482,,0xddf6cf9f20a1c9507badf1ad999f27e2e675bd514b00f478744858b9452b4b76
78,78,0x9563CeFC253B87773786F439589cF96B333526e8,dark,34984482,,0x5e245cc137867e680706c52a869c478d4c13aad8b02d856ccea16c3dc39ee494
81,81,0x27dA6F24Cd437BC0A00469E19aD8342b7f2e50E3,dark,34984482,,0xc028983b71c5fac2857dad0e9f59dd4bc35d0e1edac5d88c36fc94a34cea6e9d
89,89,0xf2a2Fea9DF87E9EF80876Fa740EFc556F27cD8EE,dark,34984482,,0x48dea9f8e27fefb5fe7ae87382a9ee1aa745f00ccf87b31f1dc3bdd06161f8e2
97,97,0x46da67cf582331eb8e592023a9E9edef2a321111,dark,34984482,,0xd2ef04f8702b9870d8c2655ecabe6a4a7b58894db4e97dc95341e4fb53ce1f34
101,101,0xA4Fd253F9309DEC87393c92A6E305DD2D395A20a,dark,34984482,,0x22fe95d82385d0e86afd08319848e01a500bf25bfc0809ab858092f9eb69af4c
102,102,0x27CE7c5A7af04C9E112f1a353973F669Aa5DB0A6,dark,34984482,,0x5ed7d99634881e71f5c14ce591784e36333a8f3b857c1af6b686912119a39251
104,104,0xe9132a6E4a610b796AbBA5fD4210911FafA55a22,dark,34984482,,0x29bb48f149a905de65c4eb16d58f439736d127682e87059a37bb113ff204bdb4
107,107,0x39243FD5EC3762020bbfc1F980b920C88C3A493a,dark,34984482,,0xf7c96e5abaae3954d6b34e1774e51d1febd04d2fcf38bf6880873daed15a405c
108,108,0x27dA6F24Cd437BC0A00469E19aD8342b7f2e50E3,dark,34984482,,0x217fd7c786282f8fbf8be31285a13644514a0bb3e29d4addafaa71ae7ff838aa
109,109,0xB28CAf14827255d4C791a853732bFF9C938b2cc2,dark,34984482,,0x81c8af367c87894f6a6cec0edfc7c27437289ab9f1cb0e39c246ed436818c542
110,110,0xa6bb40f4B684C3bd8A08b081ECA34d3f4fA0bd0f,dark,34984482,,0x801287e5194c8cee4b1b626a76d1903c55fe202bdd091505fc8e12bec7a3b0ae
111,111,0xA4Fd253F9309DEC87393c92A6E305DD2D395A20a,dark,34984482,,0xc1efa8091270d80352a49961374fa3450e98cea1df92dd958c9980f78e9d0503
112,112,0x622B0ed5cB7cF6b0ee9e14CE958A272f06602537,dark,34984482,,0x4557ecea81597c1aa8bd4f103f9bc62b1d996d855c88c494392a949676febe74
113,113,0xA4Fd253F9309DEC87393c92A6E305DD2D395A20a,dark,34984482,,0x90cca94f3e094b3f539a965611b10c5ba1a5229cdc746bc9744655cf853e680a
118,118,0x9c8FF2Cb10EB8306c98765ae3f9B2E8a4C6233EE,dark,34984482,,0x460eadecf89802b0eab3f34e29875d23c283a5a6e356a2e4876ad86b700707c3
122,122,0x226c1cf05631AB8eb374acdBeA87b25f159f72bE,dark,34984482,,0xcc83e09cefc1a0c48f318fda54c6c394a45a2705eb64e14d13eaf6e1030e97eb
126,126,0x2538372ef861fA766C9AcF8Cb735CcA3415276D2,dark,34984482,,0x5a756b8d3f42761687168391099d9cccb3ae07bc0aa20ae62178aa039cb85650
128,128,0x16F5EF133d0D15B196A778d22BF1ec56f8f37C05,dark,34984482,,0x01c5b4d14ea2b7b051654952f9656c2470860a0112e4051155df6ffed9c37c60
131,131,0xb5F0452bB5358b3e2b73a8518EfED4BF647c8D1E,dark,34984482,,0x1043769f0d40ac4c67f1340ea54e0f6e3ca33e4c8039e5409fc5d68d71474802
133,133,0xaFa0aDb782345AAA73d9341F6b5C0Da0afcedeC6,dark,34984482,,0xff8c637f703068142fd66c06d752ce1152433b87144f6facbff04b42a97bdd18
136,136,0xb5F0452bB5358b3e2b73a8518EfED4BF647c8D1E,dark,34984482,,0x0044d43afc3242cb8c8e6799100c646eb6cf599da1cab677b6dde31156c86d26
141,141,0xEeAec2b48DD972067e3130EC1c2E4769BC6788f3,dark,34984482,,0x98aed7693e991ce95e14c80f04be66665c28e4e5b06e39b9bce16a7f6e1edd24
145,145,0xA4Fd253F9309DEC87393c92A6E305DD2D395A20a,dark,34984482,,0x4e1e89c9ed414baef6bf91c989ff7f7a098766487ad1ef2438cdf79bb1e8833e
152,152,0xbb19A9546B1736f40507434043291FBf69652825,dark,34984482,,0x52d84e16399b643fba76ead337284dd500b7fc3424651b0a4cc8d25f94681ab6
153,153,0xA4Fd253F9309DEC87393c92A6E305DD2D395A20a,dark,34984482,,0x604c762e4d4c4c5bc5d2b277688fc9686ded2adbcaed3096bb877640d8c95fd4
157,157,0x05d3cD6859FCd219b4482Fb1D72743f07df8D606,dark,34984482,,0xeee51205aa24e4bfff1e91e1f8e96e8b2c5bd109d6513a024ff293ba1b3104d0
159,159,0xe9132a6E4a610b796AbBA5fD4210911FafA55a22,dark,34984482,,0x8a3b91267c65c4e3619991004f8ddd303989177cf909c00f5423feaf14c4961d
165,165,0xb265580A69C9B40AE89BeFd737Dccfa1F477893D,dark,34984482,,0xffd3eb3555c4a5e1b5db99670e663b60a16dc1016d43edba5de0c72cdf1d1b21
166,166,0x9563CeFC253B87773786F439589cF96B333526e8,dark,34984482,,0xf2b6622803eadb198da2bc225f9856d41450dfe8ad18b59964bc8ba3042d3a4d
167,167,0xa64c6369C0d4c61AeeE1f8997bCfB4022F2C614b,dark,34984482,,0x9b53959d1f4b742761391fe6457acc88b32661bebb818969e890ac2984788ff0
172,172,0x2825CDb4A71AC7942DA889f1ff72d536a8209343,dark,34984482,,0xe7ad22f0fabe329b75589812f3d96841e2957ed400b171668814f755307841de
173,173,0x42b722fb26469B3c2D60b68d3d836be745c10517,dark,34984482,,0x4f670c9108707196c794fc1a0340b80b26264354ec26a30576eef07869982b2e
174,174,0x4CFD59Ad1d7236Af5C98248435B38e96554CD15B,dark,34984482,,0xde4ff79acd9d9dd6780f44dad2e2e47c42154e00c6b995ec149073bf85bb5962
179,179,0xA83B73f5644cdE337b61dA79589f10Ea15548811,dark,34984482,,0xed062514a7c69bb05df5575ba0a0e91ef3bcbf8a27cbd59504e8a954301b64e2
180,180,0xe9132a6E4a610b796AbBA5fD4210911FafA55a22,dark,34984482,,0x7d14f946d805b07743e7303728bc7fde0fccc5fb8d6851d478a9e2bfc51b8771
181,181,0x6b06FD0181285Dd1BD4b3cfacE9E4a6685DE0C1a,dark,34984482,,0x05c83abfe4a7a2362c1b85aae8441dda62be2a94064b4eb190d527a22e91aafc
184,184,0xa64c6369C0d4c61AeeE1f8997bCfB4022F2C614b,dark,34984482,,0x0eacadcca3324fad30fc033b0c3f36364a44bf9b824c76d19b9ca89d2cfb20fc
186,186,0x3D6c568199d0DA4dEfF969b962B97A305e7d1073,dark,34984482,,0x80bd0a77e832c7352a2d65147e7f6a8e676255d0f9da6a59009b9d646a1ed3eb
189,189,0x9c8FF2Cb10EB8306c98765ae3f9B2E8a4C6233EE,dark,34984482,,0x60dfc1c9225dc1a054a3a7e9cd38fa6186f68eb1da9b58da127dc1f739b2100a
195,195,0xB37FCb9607B2636Ce692061AD3de99AEC5d8435c,dark,34984482,,0x077bdabf04016ce53cd7615bf71f1e5cdcd0e0c1eeb1ea1dcc082026beb12a89
203,203,0x70d94AA3AD899b5456E8B1199049F98E2aB36A55,dark,34984482,,0xeddbd3c88e71edb7d05625dd0cbc250d55f3eb51e0f9998fa7ca2d850328cc82
208,208,0xa64c6369C0d4c61AeeE1f8997bCfB4022F2C614b,dark,34984482,,0x7a6760bbce04c759862f45579b656b1078e219cf35d25295f5d67e563cbe3155
209,209,0x8DDf5ce5C373F18c3cae5C720250deE928C5C07d,dark,34984482,,0xb7db941d563d7dbd0ccbb477fa970e19ce369e51dad244045be1160d13ba6a8d
210,210,0x4CFD59Ad1d7236Af5C98248435B38e96554CD15B,dark,34984482,,0x1df0d7329ef877d9b99361b9649bb26c6f20ef89c373589c009c7d382e62594e
211,211,0x9c8FF2Cb10EB8306c98765ae3f9B2E8a4C6233EE,dark,34984482,,0x296626dadab8f058b36fef8d4f5f9bdc0decd9dcec976f78a32aa5b3bab32816
213,213,0x46da67cf582331eb8e592023a9E9edef2a321111,dark,34984482,,0xb9b980ce82b0a583fdfc1052deb413fd2c33fe5cca4e66c6502d06878c0e5c53
217,217,0x9563CeFC253B87773786F439589cF96B333526e8,dark,34984482,,0xd7d7aa850206f8845757e72000b045c74d055acfb452b989901a2dd5cfe8dd61
222,222,0xbb19A9546B1736f40507434043291FBf69652825,dark,34984482,,0x8dc33f5369c0c1c02da8c85c91262750510cf44f2fcd16a974b4bd1dc6d17f8d
223,223,0xaFa0aDb782345AAA73d9341F6b5C0Da0afcedeC6,dark,34984482,,0xbbcfc03e0cfbe1ef30f794c7cbbee2662247638a181259d2df92b83fe4915bd8
228,228,0x9556fbd010dcF8DAFa5c6082C9c146e537d9Af74,dark,34984482,,0xf102f939447439a3fb550f224476e6306e1685ceca91969bfd2dfaf1529da86a
229,229,0xFEC90aBF3CB869Ef58821C85e418589D57BbD749,dark,34984482,,0x764861fc0daea84691deb5ab8025a48dcf99b6ec372b7744cc979dfc5ed8724b
230,230,0x8ABd6925DccE4b8b7f6F8F0f51bD0CF1B2707357,dark,34984482,,0x8afbaf6c6419da918c09e75e3b3b00a131b1bf08230d77173fb9114579ef3e70
231,231,0x85df2102762f9fD88C7bE78DC22cEf45420491c2,dark,34984482,,0xdba8a14cc8865f3ed1feeb231468d8995f6f985fe5a4be923c20a403c6cec278
232,232,0x27dA6F24Cd437BC0A00469E19aD8342b7f2e50E3,dark,34984482,,0x2bd84f30fb49599261f6d89e959a033a31210598ecb35c79553c7e823b35d099
236,236,0xBdDc59b367915f116c13B24050191502ed7C70b6,dark,34984482,,0xd3fad4c21a2d2a2006e086f2e4af4a80a87cb9c141e37e0f8977521aaeb4d6fd
240,240,0x16F5EF133d0D15B196A778d22BF1ec56f8f37C05,dark,34984482,,0x41d02ef7932b000ee2bd53353a063d3f9142b08a18ef2efe35e5c7d23c3cb8ab
249,249,0xf2a2Fea9DF87E9EF80876Fa740EFc556F27cD8EE,dark,34984482,,0x30c878269db51e6ac01ca7da78400de6430f95f4917ec6645217ec6a58101507
250,250,0xa6bb40f4B684C3bd8A08b081ECA34d3f4fA0bd0f,dark,34984482,,0x898fc93297e955c80ce9558c34496d0f48768050104f8d03a2b7036aecee90c2
253,253,0x4CFD59Ad1d7236Af5C98248435B38e96554CD15B,dark,34984482,,0xdb579f9a9bc92fa79a2ed2250e3fc41889bb35e94a05be1f92db629df7aaaac6
254,254,0x03E3fd5638D4085e7787624e5dC89F16017dcB59,dark,34984482,,0x54952ceb12dc273aa4e03a50711764889009120e86e57a1e7d734283dcbc3809
258,258,0xe9132a6E4a610b796AbBA5fD4210911FafA55a22,dark,34984482,,0x107a8c69647f316504979118cbcb4836559bb1ca78da4929616447bacc2f9df3
259,259,0x07F204F9A0007Bdb6F17e453bB1c2509d5A988C5,dark,34984482,,0xb048e654547d0af165ce22a835179804b222ce58b30b8b309089466983a5c21f
264,264,0xBdDc59b367915f116c13B24050191502ed7C70b6,dark,34984482,,0x366eae59c532b920626cd809807284fa494ed05e254ab5deff62de68ebdf0958
265,265,0xf99A3402B06f7C3aDB6Dc9360Fe1213DdDDDdddD,dark,34984482,,0x91da5cd52707b2a90819f1c126e68373e3a0dfcfc44a8fffe2c4d5e608450238
268,268,0xd69a84c652280478bef1E7d6Ade0e8B79eD2558B,dark,34984482,,0x35590c480e548847962b5bfd47762cea0012aaa81d4bb8004ccd9643a52ba432
269,269,0x78abB89ba802f0B3794298339D668B4f2C280455,dark,34984482,,0xde8409460586f17aacf296036009701e324c99befb4bead142242d5d63404d3a
270,270,0xb5F0452bB5358b3e2b73a8518EfED4BF647c8D1E,dark,34984482,,0x99b692c4e72acded1306cac12443c1e32c6dad32be938b2401ea22781b20b210
271,271,0x4CFD59Ad1d7236Af5C98248435B38e96554CD15B,dark,34984482,,0x392df427b44d01fb39dafab1aadb9018720fff4c542f4c1bf39bc08c289945ae
277,277,0x2EfED473D498d749DF0912C01EBB632D9EDacc19,dark,34984482,,0xcf763efb06355015cd6a84c78255be6f95c549d7b6c50abf09f597e236507348
281,281,0xeC9d6b52914dd1c4A3AF8F8D46EDfde7F60eA813,dark,34984482,,0x8f9ebdfaffbe7f742deab3ff282d92f5adc7974f45b3219959890501e9b331fb
286,286,0xa64c6369C0d4c61AeeE1f8997bCfB4022F2C614b,dark,34984482,,0xb870db551124a55634e89a3bd73f8e44a539ad9fdd6301fa03ec6da473dbca1a
287,287,0x39243FD5EC3762020bbfc1F980b920C88C3A493a,dark,34984482,,0x6da0c4e9bd9e68de59f1d34ccfc6323bee32deb323f92050fc21ad7be1742453
289,289,0x41211C627B79F3daB4eE89BCA89150C06eFe26Ed,dark,34984482,,0x26333b3e47f7c7c98678bd4bf17783cebe9f12db68a881a59d4157c869d35663
294,294,0xf99A3402B06f7C3aDB6Dc9360Fe1213DdDDDdddD,dark,34984482,,0xacb77e94bbb51f6b813c43d9850fb26c069396f60bf6293ed2d6e18e7c839d6b
296,296,0xeC9d6b52914dd1c4A3AF8F8D46EDfde7F60eA813,dark,34984482,,0xfea273c31e2b388fa8d26d65bc59ed32e23d7a6dac60053c9f298ea440912fb6
299,299,0x27dA6F24Cd437BC0A00469E19aD8342b7f2e50E3,dark,34984482,,0x0b7dc6a528068fff03e51bd2fc75ae3f1936e718481c9a31fbfb93d29029d531
300,300,0x8bE3F73A170EB7244e357c8D1Dd41696958340D6,dark,34984482,,0x0a58c315aa7bc6c0bcab5f2932fb23e1bbd96da38821bc62a43215ce4a53def1
301,301,0xbb19A9546B1736f40507434043291FBf69652825,dark,34984482,,0x091ef2835900125c6262a016b36565c2544bd513b9db46d13a0c06b50a98f0ec
304,304,0xaFa0aDb782345AAA73d9341F6b5C0Da0afcedeC6,dark,34984482,,0x06d5a88cc026df5be54e81129c4557497cee68bd478b7eb8c9829fd066afe4c0
305,305,0xBdDc59b367915f116c13B24050191502ed7C70b6,dark,34984482,,0x8c28ecf40147cc93b4182f169a6ba30a0bb0029a77abb3ee75081dbf6614e4ac
310,310,0x4f10e3F8679209DBab2654E15cBc1E0bbba66718,dark,34984482,,0xfe3ef1ad9a7a81789fa1bb72b2500e602e4631aeeb2734289bf11d80fdcf69f9
312,312,0x4B75fC23Dc360538bef714662F4138A4Dcd518B3,dark,34984482,,0xba4f195c1a4d50d117e1b3a4b87f8695177326a9c4e6d3e881574da9cfe83266
317,317,0x71F9CCd68bf1f5F9b571f509E0765A04ca4fFad2,dark,34984482,,0x3cf5013a96ac672ff5d6dca31acf4efcff403125697c8b5467b4f620da0ac8a9
319,319,0x8797A47a9200b52Ee90B4c5b5fA5A0DeD56dD5F5,dark,34984482,,0xc82ee92ba5e997198cf1dccdb460c27eca08e6a91dfd6c2ee676befe74706401
320,320,0x39243FD5EC3762020bbfc1F980b920C88C3A493a,dark,34984482,,0xd9a430495df27850d27d975a8a65ac41cca1fad56800782fb96e5aba9e7b9313
325,325,0x392cfB3f7b84A135D2fd6792CB549f2c38cF4018,dark,34984482,,0x393dd3e7fef9da7ae4ab75b887b27139b98723401903dae66e2cf5b3d088359d
326,326,0xbb19A9546B1736f40507434043291FBf69652825,dark,34984482,,0xd79f13eb54d78fa90e11736dccd18393f3f771497fc02d9f976dea131762b22f
332,332,0x29909b9c97845D5eb998B4AA41664a46c5dc35C6,dark,34984482,,0x876bc9ef70951f4b49a40da44faf53d6700ea9d4a13ca8f98459a7ec439b4008
337,337,0x7A8936abf4Bf77Db0B9cdc16eeb882CAdA259Fb3,dark,34984482,,0xd793ba9d386e0289b72b01f4bcf59373b9b49fa4073f0db88c1b4b9f43310ec2
339,339,0x8bE3F73A170EB7244e357c8D1Dd41696958340D6,dark,34984482,,0x6a90ca2fe60bc7768a07ecb480145120b724b317418c380d7e4eb767d6ee242b
344,344,0x4A22064846B49393A26256a2a23402D4311421D8,dark,34984482,,0x83e487a936f0a86ab14ecdd8e34b3eb86fd0d1ff1328890ca448d311dc22bb2a
346,346,0x05d3cD6859FCd219b4482Fb1D72743f07df8D606,dark,34984482,,0x9ae18c70cf33991fc0428e38b13815cd6997ea7db2ca0d554714e727a4626ebe
347,347,0x03E3fd5638D4085e7787624e5dC89F16017dcB59,dark,34984482,,0x6fef7f6913917b4ab8d020b87e27c152e8569f0d1179119f84c5771f6e9313c9
350,350,0x878ED5d91329eB8E024381f4a66218A60B6cC1A4,dark,34984482,,0xef3627103e2fdd55dbaa256a1e9b92b101f5ecb2d3fc0b0b00d69dc47d0d9162
351,351,0xB28CAf14827255d4C791a853732bFF9C938b2cc2,dark,34984482,,0xb7d63e1cfe8723d9f8b049d051763e23f21a537e74b30dcd1e67961b71920d21
353,353,0x2825CDb4A71AC7942DA889f1ff72d536a8209343,dark,34984482,,0x6ffa71acade9c1831fc299b525f2ce432348573c676a0c256e31710e57ddd08b
356,356,0xe9132a6E4a610b796AbBA5fD4210911FafA55a22,dark,34984482,,0x0c441d4c3c9cc53e0f84990f207d2cdd9fef09094474a2342193af2f4c96c83e
358,358,0x29909b9c97845D5eb998B4AA41664a46c5dc35C6,dark,34984482,,0xd91e1683cb08cf080804d618ae018d6f3e322ffa1bcb0128890dc1e5425235ad
361,361,0x18342C47E3Fc11aCeba1274EB04241f893F3989d,dark,34984482,,0x125f254a57e75c22ee18ceca2eb1afc29d2a85b979881c6e9dce5c5c4e66dbb7
362,362,0xa64c6369C0d4c61AeeE1f8997bCfB4022F2C614b,dark,34984482,,0xe4c1fd5f9c8979594ee588fce9c87f8ffd30ca5ebe47107a58fbe8772a474619
364,364,0xedE5aC95c306aDF9cDd1726FCab07aE709872Ac1,dark,34984482,,0x732e96325019eb1dcdb5b9451c9c4336c52ebee0b56f2b87a472c39d27050a58
365,365,0xf23817F6D701F514861fE44371756E3226DE8fEf,dark,34984482,,0x0e980905960ab0a9bb1b98fd19fce51fa74f18c81569c5eb322b55935471fbe9
367,367,0xe2a8bA53Fc9Ef83604b1368c906b53EF4f70D252,dark,34984482,,0xd18ca30b8ac6502eccceb93d577195b48f57e042186e640262d2ca84863740a5
368,368,0x9689B11B77D799181612227e474AF7da3F49A3e3,dark,34984482,,0x1d349631066fe976e5d148934c81e5f9d8709a79f00ab7050ce1499c374f2314
370,370,0x03E3fd5638D4085e7787624e5dC89F16017dcB59,dark,34984482,,0x7d93f60379ec69fbf8d33d5242cf6ca7456b046361b83540398e1d23a68c6493
372,372,0x1ff67d19f75ad2F9375db66d6d27F29BCe8b56D1,dark,34984482,,0x466f0c0958cdaf0503fef6dd6dfea1b9f03d71528bebe5ada0c3d42126e32bc1
375,375,0xb265580A69C9B40AE89BeFd737Dccfa1F477893D,dark,34984482,,0x46e7936b13d5300dda20fc34bedde949b47e3699532c98cf9d9917be14c8d39a
383,383,0x27dA6F24Cd437BC0A00469E19aD8342b7f2e50E3,dark,34984482,,0x70c8b530e74f17bdf9ee8b363815a1884aa23ea96aeceed0e065310702ac843f
391,391,0x9Fc71AdF531476BCf08FcD31e6eFF5F52c2f9Daf,dark,34984482,,0x3857464ec43161eb8d809e9bacda4f5fee2ac87a6013ab667d7db1146be04bbb
394,394,0x6b06FD0181285Dd1BD4b3cfacE9E4a6685DE0C1a,dark,34984482,,0xe5f9ef080393ea29d789f6d3b64c32873a2e7c1f7a490d52e34532763bcf6227
396,396,0xb265580A69C9B40AE89BeFd737Dccfa1F477893D,dark,34984482,,0x675c64907eaffca92d27957482f784d889d1a8748f4a9abd16dc8290db07eb13
398,398,0x4CFD59Ad1d7236Af5C98248435B38e96554CD15B,dark,34984482,,0x1bbb3e4a52b2882c12fe54279696901070de95fa9c78742e8b454e9b96a6b695
400,400,0xaFa0aDb782345AAA73d9341F6b5C0Da0afcedeC6,dark,34984482,,0x4e03e433ff73220bf520a169958c7e814faa7b88bb40acd476879eba6543c6b4
402,402,0x4CFD59Ad1d7236Af5C98248435B38e96554CD15B,dark,34984482,,0x59c4d74d16dd19544e6fe0113443a26659b285a2411b4f25788f19ccefbbfa1c
406,406,0x516aC603F68B405a4e382F08Bd5646bB07a29db3,dark,34984482,,0x6e9be3b23f7a472bf5eb8452e884d8eed2ada89aa01ed1692c2d089aa2282c07
409,409,0x9c8FF2Cb10EB8306c98765ae3f9B2E8a4C6233EE,dark,34984482,,0xd5bc85b8ec909b3c3413954aa1a35b74071d465bede5967aebf3be6aed38c6e0
413,413,0xF56fB2cFDF43eB2cB264CB1d7Ae0CE932b81eeFd,dark,34984482,,0xa5b64f9e424f263a9132dbcc8f726e651471b698e48d0e35599589407d4ceeed
414,414,0x39243FD5EC3762020bbfc1F980b920C88C3A493a,dark,34984482,,0x2f6dd04eee0a9b422f34ec3afe4062e79775e42dd5e890095c493bc7bae77083
415,415,0x8bE3F73A170EB7244e357c8D1Dd41696958340D6,dark,34984482,,0x2b3c983efde7deaa1592d6f8ec5bf1fa0e5ac5c931eec693417769c23b318783
423,423,0xBdDc59b367915f116c13B24050191502ed7C70b6,dark,34984482,,0x5b1e6ea315737538bb890e3de1592d81266e65c4ce94bcaa673e4fa14eccd475
425,425,0x2EfED473D498d749DF0912C01EBB632D9EDacc19,dark,34984482,,0xe00a3cf21af867f8701de7a594fcb111c463ae9a8586aad5b96ed21590d06bb7
429,429,0xa64c6369C0d4c61AeeE1f8997bCfB4022F2C614b,dark,34984482,,0xaaafa0b04345d883ddbabc15b1340f6e8a8edc55e2ef2e67ca6c6202d0643d8f
435,435,0xA7f5c35464f41cCC9a227642AE0dA88c79564B32,dark,34984482,,0x9323e3403fc5b1a916783c17616501131a16a95563d10a54fa612a0a52b72836
439,439,0x39243FD5EC3762020bbfc1F980b920C88C3A493a,dark,34984482,,0x15e7673aeb83a68ddc14737699f542d9390f386543511eba0165224ca7297ad9
442,442,0x16F5EF133d0D15B196A778d22BF1ec56f8f37C05,dark,34984482,,0x0ba47a03173680a0f9776090b1e6f3f6e19dee60ca02864639371b2c26c0d481
444,444,0x1ff67d19f75ad2F9375db66d6d27F29BCe8b56D1,dark,34984482,,0x443e337941262d6b4f4ab1388a2df6777315e3395b4935db9b569efa7b8bc0a7
447,447,0xCa16b6208EfA84e543D48904f853265Bc2705Cc1,dark,34984482,,0x09a441e1bc0479a2686febf7ee3636bfd66b68b2f48bc6ffa1db296037a37349
452,452,0xA4074Ba612888227A9b9ac15cf7918F087A0DC47,dark,34984482,,0xa4b0990907ecdbcd8f7506f35192053be1bc862abdbc044ebc3e8460a7b45e24
453,453,0xe9132a6E4a610b796AbBA5fD4210911FafA55a22,dark,34984482,,0xbb51a6bd70de7b52b5601944c1ec7daef0f49d974e633c3a7177e143e440e37d
457,457,0x46da67cf582331eb8e592023a9E9edef2a321111,dark,34984482,,0x4c1d89c00ca4ef8d41c4cb1ce0af0f6464fb8a36b8ff385f650411ec81a92e29
458,458,0x13a78895e2da9f3E373463EAF943a97f4432781A,dark,34984482,,0x68e750ea8f3b31ea885c66eb68c54c83b73d933f54f6493397393251c427dbdf
460,460,0xc5e2B8f0E92fbB2095a13942482050aF0B836FeF,dark,34984482,,0x40caf1b6571185c570c2bb7b0c8509d7f9fa9ffa8582b0dd86d64494ed0b974f
465,465,0xd69a84c652280478bef1E7d6Ade0e8B79eD2558B,dark,34984482,,0xdc36ed88c620f456548604c6ef8f1aaacbe767490b91ea2334a8698baf397b41
466,466,0xbc1b79317926c9a991556f8aad586a51a01f71A3,dark,34984482,,0x673804c4ad8a4e57d9eed5d5473e499d6188f99f7f91c19fde3160cad27b3806
468,468,0x1ff67d19f75ad2F9375db66d6d27F29BCe8b56D1,dark,34984482,,0xdd2a031dd4a08b2561cd0aa1aed1bb1d3f07f591160f22257db17126f5fe0cbd
470,470,0xa64c6369C0d4c61AeeE1f8997bCfB4022F2C614b,dark,34984482,,0x7c1240de66464712177a0be1ccdbb8ddbd46c1f148f1aec69c7a2e160d5ce1f9
479,479,0x9c8FF2Cb10EB8306c98765ae3f9B2E8a4C6233EE,dark,34984482,,0x9e4ee1a95e421071aabfad86f3860074e245660f2be83db1ba9c651a0614e7b3
480,480,0x9Fc71AdF531476BCf08FcD31e6eFF5F52c2f9Daf,dark,34984482,,0xaed409d6372e3b394876d132aa923b15862a1c6bcdf24bebe80a3002931d743e
481,481,0xA7f5c35464f41cCC9a227642AE0dA88c79564B32,dark,34984482,,0x68c071439834cf4e871e07d60780319c67ea9e3069532c522ec99cb7eb76344b
486,486,0x4B21a4B2e88fE128f4851750811DFA9C64236a83,dark,34984482,,0x6e9fcddb261c98e0a238b1856f8e44cbc7429867ba266ea0cdca4a1faa8329db
491,491,0xFEC90aBF3CB869Ef58821C85e418589D57BbD749,dark,34984482,,0xf4201077ea9fcb85ee4e041fad5fc50bdbfd3d5f5637c59528955ca5da812939
492,492,0xB568c1f18D80CbaFB3267976c0B95EFe76B2b38F,dark,34984482,,0xc0b301987d534ee1a7f271824981fdf55297820c8694b055a1d64eae38c2fb52
493,493,0x1ff67d19f75ad2F9375db66d6d27F29BCe8b56D1,dark,34984482,,0xba0ba5c45674859b7b2ba420e2f41d6e565499b69aa5d0cef0466afbe711ee29
496,496,0x18342C47E3Fc11aCeba1274EB04241f893F3989d,dark,34984482,,0xffd865e113af84d274a099385928904c4dc9770327fabec8a109c63fec59689e
497,497,0xa6bb40f4B684C3bd8A08b081ECA34d3f4fA0bd0f,dark,34984482,,0xe86c7fb37127c261c770aca5f146fde05220e1ae8cdce459542fdfcfd91a103c
501,501,0xe9132a6E4a610b796AbBA5fD4210911FafA55a22,dark,34984482,,0xc6d5de7a5347e202e56db96fac2db8ca79f61b3cbbafd591986ce8a6d8b9a3b6
503,503,0xf2a2Fea9DF87E9EF80876Fa740EFc556F27cD8EE,dark,34984482,,0x392b0243c69c70bad7d5a4719629a940fcf77fdffe879dbe738175269f27daf7
510,510,0xb9d666c6E61826545E2c8e26B46e11f501354591,dark,34984482,,0xfd99fb3f35ee966134714c8ab802b20bb68ad7b188b49e0cbf0ff13e42e42452
512,512,0x2825CDb4A71AC7942DA889f1ff72d536a8209343,dark,34984482,,0xe41526dcd90d5317bf1a64a692f71acae5d24031e253f911fdaabdfc77940752
516,516,0xd69a84c652280478bef1E7d6Ade0e8B79eD2558B,dark,34984482,,0xdb193a72fa4e3da7151c675957f1d4a1ee8cc301544de8bbb5582dd41c81d1df
518,518,0x27dA6F24Cd437BC0A00469E19aD8342b7f2e50E3,dark,34984482,,0x47fc998991bdf771a01453612830ed594e4bbf47ce719edbe6a977138abe74bb
531,531,0xf2a2Fea9DF87E9EF80876Fa740EFc556F27cD8EE,dark,34984482,,0xba2cefc06abed03569c387d28988ce88120695f7a8037d40d62cae9acd9a3d33
532,532,0x03FDef14113fFCe886A4B61FA08A0C747E87aA96,dark,34984482,,0xc4b659090a03a6740756eacc85ecad2d7fd585a6b424ff997066d7a2c2604e4a
533,533,0x2EfED473D498d749DF0912C01EBB632D9EDacc19,dark,34984482,,0x3bd03a93c187173c4b58f0796a36fa0caff3537a8c34d2ecaec7cb0b4f5228bb
536,536,0x4B21a4B2e88fE128f4851750811DFA9C64236a83,dark,34984482,,0x32c166e3dcef4f4241c182a553ae16bc92c6beb4892c6baf2c282ba85325acfd
537,537,0xf2a2Fea9DF87E9EF80876Fa740EFc556F27cD8EE,dark,34984482,,0x1876cefb1c0e5a4bf7bbb89569b8946a4558f1e4725e3963924e42236d0943a7
538,538,0x2EfED473D498d749DF0912C01EBB632D9EDacc19,dark,34984482,,0x122358347b6fabac7314ecda2041d91506a5772d86ed9a7925a3b042f98d94e5
543,543,0x9Fc71AdF531476BCf08FcD31e6eFF5F52c2f9Daf,dark,34984482,,0xc5fa6e3f643cc8becf41b488e114953db5e5f0c03371174ea1d57b233098500c
546,546,0xef65cF8a7DbeB1fbF9E7EC5341B96c16424fD4De,dark,34984482,,0xe2128e930140d9d14823a92bc18d6587719033ac5e77e1c0d263e609456c5c68
548,548,0x8DDf5ce5C373F18c3cae5C720250deE928C5C07d,dark,34984482,,0x886ced373411fb845ecd326af75cc3d9aa70fa6519c05148f96524e370672d7e
549,549,0xA7f5c35464f41cCC9a227642AE0dA88c79564B32,dark,34984482,,0x94d4f502cb7d0feefd9175115ace1aad9a839d5c61933af5b9aa18a2651da10d
550,550,0xA4074Ba612888227A9b9ac15cf7918F087A0DC47,dark,34984482,,0xefa0831012442f81f0d25058be8684c793445fa18826ace99734b635188379d9
555,555,0xf99A3402B06f7C3aDB6Dc9360Fe1213DdDDDdddD,dark,34984482,,0x42432a116c57f1d3b0c2779c78c23a94a747a3193b565587e581698d4cfe5e09
556,556,0x07F204F9A0007Bdb6F17e453bB1c2509d5A988C5,dark,34984482,,0x1d918fe7a7dd7e7ae06baddf23d136519de463ab45b0ea0bc993a45372955522
560,560,0xa6bb40f4B684C3bd8A08b081ECA34d3f4fA0bd0f,dark,34984482,,0x983d9ead8073e878c4585612e8517fa947139118ec648c43aaab454e1f886b6d
563,563,0x2825CDb4A71AC7942DA889f1ff72d536a8209343,dark,34984482,,0xefd56c7ad6d036f9e15057466ca5e9d3659ee84ba38d5aac72a8d336296f8888
566,566,0xa64c6369C0d4c61AeeE1f8997bCfB4022F2C614b,dark,34984482,,0x49f71f6c4b1e1a0125054f9d7b17133a26f95e42a2f9163cb31c646858a3425a
568,568,0x39243FD5EC3762020bbfc1F980b920C88C3A493a,dark,34984482,,0xd3a936d1558ffb8300bf7fc35b83035a4c12ef99c0eb04da09e6bd1af7e89c4c
569,569,0xEEdF66927405f7E5f98c623C303D1aA39d93Ce40,dark,34984482,,0xaf012404cecea0d8e283f14831c2d05f7b8698bd59f4eba380e84c57b965851b
572,572,0x516aC603F68B405a4e382F08Bd5646bB07a29db3,dark,34984482,,0xa859227493bef0b236d0ce51cf7fb702f8ab60310e789d2e02982d8bde24ebcb
575,575,0x9Fc71AdF531476BCf08FcD31e6eFF5F52c2f9Daf,dark,34984482,,0x749c19a4d08ffb217bb85c43eca1c1aebf55d8c5ca18801667c9d09b11fed464
576,576,0x1ff67d19f75ad2F9375db66d6d27F29BCe8b56D1,dark,34984482,,0x4ee2ef1c935cb189873d9bc26b73e634d28c4cc81d2197b47a2ed2b5f1592218
578,578,0xb265580A69C9B40AE89BeFd737Dccfa1F477893D,dark,34984482,,0x858b2c0b0ad1efaa233867a9398466920260e9a40f5a26ea09d983605a5bb03d
580,580,0xaFa0aDb782345AAA73d9341F6b5C0Da0afcedeC6,dark,34984482,,0x71d68f37f56a97f4e6e38098258dd2867b0a947c6e3a2583d2842557e3275055
587,587,0xFF60c38F0343a8b8De07c9770266764c452A368F,dark,34984482,,0xb5e68558a243e8785f73cfefcdf546eb11fddae92b3dcb9510802f12ca777c5d
592,592,0xA4Fd253F9309DEC87393c92A6E305DD2D395A20a,dark,34984482,,0x05a2a009a90392df0848a1ae5499a3c65525879ebb408815aaac89eaf9a7aa2b
596,596,0xb5F0452bB5358b3e2b73a8518EfED4BF647c8D1E,dark,34984482,,0x2e191eeeb2607ef5916a0b11dcd962162ec9f648006bb5a2b6bd4cebbb6b01ad
597,597,0xC077107af1B6c41AA70338b7352CEFFf7bA78292,dark,34984482,,0x4544e74cb6fb43f869ffdd1e7765606255c30baf699687bb00f7f34dad8da36a
600,600,0x561A7818742874bd14f05B3f999BaB1FeAf4c84a,dark,34984482,,0x4a4eca63e071a1866d65dc3ce8e7537d0573f32de42d4e4695f836b061bd3806
601,601,0x4D562Dd8BF1D9A3bd6C21b95d20D9382166ADA56,dark,34984482,,0x40efd08a9e46a82a1371a29474d305a847fd959a792ea5d88bf2ee050002d55a
603,603,0x29909b9c97845D5eb998B4AA41664a46c5dc35C6,dark,34984482,,0x3d0b3e96eac637e87f08a749a60fa4d31121453038a26e4cb1e21e67d2a24409
607,607,0x3D874EAB2766bcF5ed67aA1E142722Ab347D17B5,dark,34984482,,0x76fcc770a3430383805ae913e855a9281866a9029ce38cec0aeaba46648a9754
610,610,0x2825CDb4A71AC7942DA889f1ff72d536a8209343,dark,34984482,,0xa27223033e0e7e51abfc736eb33e838704051d5d19192544ee2fb465904b999a
617,617,0xaFa0aDb782345AAA73d9341F6b5C0Da0afcedeC6,dark,34984482,,0x9d6802681df89d4fa0ea69fcd706d99697c4740dee4ee4f0bffa7eed418d5279
618,618,0x8ABd6925DccE4b8b7f6F8F0f51bD0CF1B2707357,dark,34984482,,0x4862f68d99b57c19092ff38118451ce7633255e9a347c91be70b618fec6aac5b
620,620,0x4CFD59Ad1d7236Af5C98248435B38e96554CD15B,dark,34984482,,0x3bf314d6f84f95b5daae0e62f05050372f9a1b129ef93249519b2caa1a1335f5
621,621,0xA83B73f5644cdE337b61dA79589f10Ea15548811,dark,34984482,,0x4d82cbb20ec1c3dd9a599e92646ff3e670f91c2c5be479d9447edae5aadb7d3f
622,622,0x0B5dD26f44D36141d97A3bF6841e7bA63C092AF9,dark,34984482,,0x7fdf72c4fb6f5d3fef6c9c64c0ef839f949bb16eec0886011be42fc17a665bd3
623,623,0xE96E9F95a5f4200dC7e27E966E4d6D84168a9BB1,dark,34984482,,0xfe320a99730bf51d70c783b9a1a1675850b9f3f8861466cf400362950db5f465
625,625,0x8bE3F73A170EB7244e357c8D1Dd41696958340D6,dark,34984482,,0x82f156c89303898365dd79c8dbcd66594602567ddeb165a9ba995cdb3669b1b7
627,627,0x29909b9c97845D5eb998B4AA41664a46c5dc35C6,dark,34984482,,0x8a46db6f498cb9c859828cd30e35f152c6fce83f82278fd59ce9e5dcadc4a8ca
630,630,0xe9132a6E4a610b796AbBA5fD4210911FafA55a22,dark,34984482,,0x9eeeae6310454ac98fe552fcc9d5e46d9ae3c28d3f9581193e8b0f3257dcf87a
632,632,0x7A8936abf4Bf77Db0B9cdc16eeb882CAdA259Fb3,dark,34984482,,0xea040832119663e6bfaf831c28369931532fe51d8f4b3ecac2d0a1764f5e0d61
637,637,0xA4074Ba612888227A9b9ac15cf7918F087A0DC47,dark,34984482,,0xdcdfd33a1438f83d93826df4466527da06a95f71f05b1f582b1b343c279f264e
646,646,0xCa1a2fB7f3179D887504966b25d1606978AdcD42,dark,34984482,,0x760856f4549c6386ffab14adf6b537b5abedb3571b5043540ba30050ba6c14d3
651,651,0x2538372ef861fA766C9AcF8Cb735CcA3415276D2,dark,34984482,,0x281b931b7497ffba44c8f1518246133bec41385c8ab2311c860ae5ca0e392603
654,654,0xA83B73f5644cdE337b61dA79589f10Ea15548811,dark,34984482,,0xf9780f628af4df544752c7671b17359b8732b6e35eea0839398ea6af792a517e
655,655,0x698f616E44c87064f61e63ed36a390Eca448f673,dark,34984482,,0x40683547466c8dd28ea956d569ca8bdce3378a8069fd8c7eb4c6c69ff840c449
657,657,0xAF74d99DaDd5A520318F44Aa3A4156C94aad307d,dark,34984482,,0x4f3ea23a995c581cda8f0887b4b1cc888bac1956cca181cd0d5999400aaacdf0
663,663,0xA7f5c35464f41cCC9a227642AE0dA88c79564B32,dark,34984482,,0x76d7b06de83368dab2f08f728748cf512c613343883a8660c74d54dad82276a3
666,666,0x2EfED473D498d749DF0912C01EBB632D9EDacc19,dark,34984482,,0x4a2acbfb7ff405c9340c6acdbbef7b775d07ce339d4ff744a753f814b371d2cd
684,684,0xa64c6369C0d4c61AeeE1f8997bCfB4022F2C614b,dark,34984482,,0x65b166b79362587d18ab65838aec6cdef65d3eeb3c3b06debe31b33c69cb334e
686,686,0x8ABd6925DccE4b8b7f6F8F0f51bD0CF1B2707357,dark,34984482,,0x9bd5510865a2519dc3b745d7cdbfb1d55680742a987deeb3682537b5e47cb91a
689,689,0xa64c6369C0d4c61AeeE1f8997bCfB4022F2C614b,dark,34984482,,0x6c784bc96b9504c66283f2e806505fcda0947e0ee750222080639321e0515b87
693,693,0x8ABd6925DccE4b8b7f6F8F0f51bD0CF1B2707357,dark,34984482,,0x22fbf9ef5fe1224a318dd8a49e5f6517bfa660bc7dd7dac6482e0884f538ad4f
694,694,0x269123B868C999Ed88CAFA9185f8a982Dd704c91,dark,34984482,,0x382578c52206f2186651c79f75d7952d5ea07626eaab7dd496f5b61da7868573
697,697,0xd56Ea93d330cB6d6BAB0bD309ACCe64683EacAbc,dark,34984482,,0x15e0e5535a15ebdb4d6e768881296748ebee6873373b01c0e95fdd3ecf320ebd
703,703,0xb5F0452bB5358b3e2b73a8518EfED4BF647c8D1E,dark,34984482,,0x6a636c59fd72073c91208542ec64d6c4fee48c4082be21d67f1f6e19de64adb6
704,704,0x39243FD5EC3762020bbfc1F980b920C88C3A493a,dark,34984482,,0xcea6b76bbfe5b4ca3ceb5796cf067f495c7d352d0b1e08a8ac9927da451bbe85
706,706,0x8DDf5ce5C373F18c3cae5C720250deE928C5C07d,dark,34984482,,0x8d66598914604eebcc0feb7f6a997d74d7086278fc75cd5bd6c08dc311b18180
707,707,0x29909b9c97845D5eb998B4AA41664a46c5dc35C6,dark,34984482,,0xa96e0fe83b4aae9018e3520bc0357315928ebba2790dc5e9c3c1ffa1be6c9bfa
710,710,0x29909b9c97845D5eb998B4AA41664a46c5dc35C6,dark,34984482,,0xa9aa6b9e59762a4724da81ce945302e847f7daaa61d745437446df06dbedfc3b
713,713,0x2825CDb4A71AC7942DA889f1ff72d536a8209343,dark,34984482,,0x9166370ec9300b5666e0634479bae1564929b37d49490f20142d070faab51d84
715,715,0x46da67cf582331eb8e592023a9E9edef2a321111,dark,34984482,,0x1cc4682e75c747c2219419824fb8bf89ff273c85595d397bab217aa160de59ac
717,717,0x237d44ff9c9A48bce5Ed6c337db3080Ec7967F56,dark,34984482,,0x8f781f6dcb9aab94060f591099d0c5f87c8ce80f365836a1a2f7a0714fc8c3ab
721,721,0x4B75fC23Dc360538bef714662F4138A4Dcd518B3,dark,34984482,,0x8d7678adc84629dccf6f99fccf06b1cf18217c6abe3b08d7c9a53146bb59fc2b
724,724,0x27dA6F24Cd437BC0A00469E19aD8342b7f2e50E3,dark,34984482,,0x0a2e7e0620fe31c9f0486dea08f8e6896b12d20427c51a3397a2cf690f7be4e6
725,725,0xE3BC9c9e02919863Bf1e1F5646Fa8C1a3E2469f4,dark,34984482,,0xf924e789d3f861b4c13b6adbd588f0ea36749b0d7243e873a68dd27edd20f2d5
726,726,0x9Fc71AdF531476BCf08FcD31e6eFF5F52c2f9Daf,dark,34984482,,0xa1888526722442dd52868e91b852157dbdef1f5c4d7eeaecf85525f965224861
727,727,0x6b06FD0181285Dd1BD4b3cfacE9E4a6685DE0C1a,dark,34984482,,0xc17058fb78f408840d61a4579e8d54230263a9b8c1ad581cbd2198753d8bb2a4
728,728,0x516aC603F68B405a4e382F08Bd5646bB07a29db3,dark,34984482,,0x3229480b054b751f01c5a6601f9730be1000dbc6fe425e1acdc688a19ccd2cc4
729,729,0x05d3cD6859FCd219b4482Fb1D72743f07df8D606,dark,34984482,,0xda52f05fc5755f228d04b177267079a1c20ca3d5beff4c70c53d3e10f87312ef
730,730,0x9Fc71AdF531476BCf08FcD31e6eFF5F52c2f9Daf,dark,34984482,,0x37e03024fd49c08162b305c6f78aab3729049f2683507f0919173572695660bd
733,733,0xA7f5c35464f41cCC9a227642AE0dA88c79564B32,dark,34984482,,0x17286b8de669fec0c57472cbbf18ab498c408b79b6558269b413bd2bb6f8935a
735,735,0x516aC603F68B405a4e382F08Bd5646bB07a29db3,dark,34984482,,0x1fb4ad59a29dbeee957fad739b71dfd8897d0a6090b24eaef6ea1c449935e2bd
736,736,0xbb19A9546B1736f40507434043291FBf69652825,dark,34984482,,0x3b8a87ebefc8f184511be80441fbdbb4990d1a61389259547ee5963ea605499b
737,737,0xb5F0452bB5358b3e2b73a8518EfED4BF647c8D1E,dark,34984482,,0x95842096c9d45e4cfe43ca84eddac3875e40fb1820db5c96f78c6fd1c5fee582
744,744,0x39243FD5EC3762020bbfc1F980b920C88C3A493a,dark,34984482,,0x21e3cf555d821d982545400775f27a1601c7ec3f6150e080d4ead8c5f3167114
747,747,0xA4074Ba612888227A9b9ac15cf7918F087A0DC47,dark,34984482,,0xa99ece6706651fc6f0cf5177a8a2d959d911cd2f12a1e4b997e684a182589dd8
753,753,0xB37FCb9607B2636Ce692061AD3de99AEC5d8435c,dark,34984482,,0xaff8f7a10921c7191c5d36abb497034983b6db86d668ef72b41701661d34eaae
754,754,0x088A68D2044Bd36C3Fb8A3E9C1aaF72C5eBa1349,dark,34984482,,0x80560ed8e2c0e712995960b8f169907bc03e5bd3bd0bb19de43aada719309a16
756,756,0xa64c6369C0d4c61AeeE1f8997bCfB4022F2C614b,dark,34984482,,0x7a2879d2c199d914e56b7091701bf1f45fb8f3d9cd71f3810cf55fb3443fdb16
759,759,0x2825CDb4A71AC7942DA889f1ff72d536a8209343,dark,34984482,,0x72f286c9239aecc1ca47e10e8362eca32130e09bff26867738383109599ae928
764,764,0xbb19A9546B1736f40507434043291FBf69652825,dark,34984482,,0x88fbdfa9f16f10b65f5a635bef99794e4bb90d0125d4a51151c1928bca113ea7
767,767,0xBb952AdB375f5244f015e390F965efc1942E9226,dark,34984482,,0x855d113868eb733b7f8b138e0bdc5d6d12be4971b4bcc2c62e94cb7ba36c23e1
769,769,0x39243FD5EC3762020bbfc1F980b920C88C3A493a,dark,34984482,,0x21f0f928d26d3f7836566d8d473ddb81b0973eb7f901cbccfa3a004034dcfff9
774,774,0xa6bb40f4B684C3bd8A08b081ECA34d3f4fA0bd0f,dark,34984482,,0x9c855ac425df4f4c9f84553e3ef9383310d7e43a2f6316d62c7b61b2928963fc
776,776,0xB37FCb9607B2636Ce692061AD3de99AEC5d8435c,dark,34984482,,0x0b4570143def47736a343ea2107df335953b41de47f8f9cab2f5c6a136abf251
782,782,0xedE5aC95c306aDF9cDd1726FCab07aE709872Ac1,dark,34984482,,0x495eb2651ad2319a661c99af7a4a8378e55a472ad6ed6cc0943142a93539d897
783,783,0x05d3cD6859FCd219b4482Fb1D72743f07df8D606,dark,34984482,,0x480fb41f064162be76ab2b46a63927169bc6e0b700acd5ad05795037edee03eb
787,787,0x8bE3F73A170EB7244e357c8D1Dd41696958340D6,dark,34984482,,0x39e69ca3da11a4cc141b0e2de59e78d276b4dd8427228ce899433aa1124f7158
791,791,0x5a442E8e51f58fd2d48C6E4cCD5144F709BB28D2,dark,34984482,,0xee3037bf502eb749498b58a7aea1e98516acc7d43c8d4d26700d7e8454d06766
792,792,0x1663c5B7AfCC943c4384dFeF7085F1A2dAa41933,dark,34984482,,0x4a5e1134df323503c719bbe3ae215369ca02ad39db670c6d3921c140d99be3b5
794,794,0x39243FD5EC3762020bbfc1F980b920C88C3A493a,dark,34984482,,0xf623d4b9a0136101f30b0ee5de8bed35e305cbe4e92e1099cd89e334bf9f5fbf
796,796,0x18342C47E3Fc11aCeba1274EB04241f893F3989d,dark,34984482,,0xddeb2194a89a30edb332f9c2e7682dca91de2e9b5a3cf226b828a86f08a31974
807,807,0x9c8FF2Cb10EB8306c98765ae3f9B2E8a4C6233EE,dark,34984482,,0x380961f3d05ee6c7981009634f9faa85685aa5f6192f50f704766fc919dd5b5b
810,810,0x516aC603F68B405a4e382F08Bd5646bB07a29db3,dark,34984482,,0x4a1b2cc6738d84e0a6aa53e366302d53e9951a4a48445155350ea06bb54e1f37
814,814,0x3D145930A87880EdfB5687A45783429e1E7EBFa3,dark,34984482,,0x63d2cca37c863b7a92fdfe5bfc4a0eb40073a77d3d4884ada057629f7a9ef197
815,815,0x6A92B04612F647F048c24951673d45471C7E18c7,dark,34984482,,0xaab32fc85efface642afda5685c6b570a64800a4a6d1bc813ee317d725870035
816,816,0xa64c6369C0d4c61AeeE1f8997bCfB4022F2C614b,dark,34984482,,0x83b42355e7d2d8631bbce611dd84a31e39c6fc977d8fd9776d1a356b2b414c57
817,817,0x6A92B04612F647F048c24951673d45471C7E18c7,dark,34984482,,0x15af4c7b3f3f49870c1360e825f626c72b49ad6db5c01e3f9412f95e130157b5
822,822,0x13a78895e2da9f3E373463EAF943a97f4432781A,dark,34984482,,0xe87bd278e6552ce988a25f1d16a18496765c63148ab18e584c90ff807d4500b0
823,823,0x16F5EF133d0D15B196A778d22BF1ec56f8f37C05,dark,34984482,,0xe3c802193ba15a573350068ee30c3ebc9e8210d8708ac314abe5156fc1f9059e
824,824,0x878ED5d91329eB8E024381f4a66218A60B6cC1A4,dark,34984482,,0x6da056b80b153e7feb7e9a9265f0b40df7ab3531f03fbc8265bcb1afdae1666d
825,825,0x8bE3F73A170EB7244e357c8D1Dd41696958340D6,dark,34984482,,0xe8187f7bb7e6ff9a5a0df1429b45e3be61a5c1233a810a0d2d187e4793d935c0
828,828,0x8bE3F73A170EB7244e357c8D1Dd41696958340D6,dark,34984482,,0x9afce638cf11bd1eca21b39e368cd7a7ba01dbada4d10467c80a447dd0521a5c
829,829,0xbb19A9546B1736f40507434043291FBf69652825,dark,34984482,,0xfcc5afc35744466ae9a72f9a7d2132bfa5e1b74d37f89d132559313a14eedefc
831,831,0xbb19A9546B1736f40507434043291FBf69652825,dark,34984482,,0x6dc2e29e45a920657187769e9b6fdf314f06620229472aed88bd67452a27f068
833,833,0xa64c6369C0d4c61AeeE1f8997bCfB4022F2C614b,dark,34984482,,0x61b4b17818895377412dc4831e747f9cb916612bc84503218614da6dec976fff
835,835,0xA4Fd253F9309DEC87393c92A6E305DD2D395A20a,dark,34984482,,0x7ffd69eb8528805139164f902b0cbfb3572169f36f662f822c2675489cc92343
838,838,0x85B605B47A5323912615cb8Af834BB1c4716b794,dark,34984482,,0x1eba2cd1d66799dbd54e56a095b911d88d7bf5bbaf89889e90e2b109fb1e993c
842,842,0xa64c6369C0d4c61AeeE1f8997bCfB4022F2C614b,dark,34984482,,0x9844ed39f0aee7188f759ed8af4a9a89f24ad526b83d11ebf7ef3b990aedd010
844,844,0x9563CeFC253B87773786F439589cF96B333526e8,dark,34984482,,0x85f3b16986c54a2f52f98f9aecbda50a51ec0f770f191bb9277b22e333c967e4
851,851,0x8ABd6925DccE4b8b7f6F8F0f51bD0CF1B2707357,dark,34984482,,0xd11b2c4cf509f6f0e617ab6aeca8b75b939dadf381adb94f17ee8d039a85de17
852,852,0xFEC90aBF3CB869Ef58821C85e418589D57BbD749,dark,34984482,,0x8b15dcb0407bd13c643a9da7097e2462d3aeb71a40cd84ddfbd64fb26bc14ce5
854,854,0x0BD25AAF269cB40d023bE6c80Ab5c8cD08746935,dark,34984482,,0x45d5ff9268a9d0578f0a60d686c11c5d045a918743869a652b553373fe1298f8
855,855,0x516aC603F68B405a4e382F08Bd5646bB07a29db3,dark,34984482,,0xb1a00eae92cc3b9e80b629bd9f97b330cd62441b896f4cde0975a95827779669
856,856,0x29909b9c97845D5eb998B4AA41664a46c5dc35C6,dark,34984482,,0x3feae93e817661b9ce822b01f80527fe9a7c784a1153365d1ea4b030b0529828
857,857,0x8bE3F73A170EB7244e357c8D1Dd41696958340D6,dark,34984482,,0xdd38a8aec521905266d501e56419ba3000590447562f38f9b849e09128b092f4
858,858,0x9563CeFC253B87773786F439589cF96B333526e8,dark,34984482,,0xc420d2d3243cfec20a3481a12224ad2e57f4414ce18c970dbdf05b0ec5f2abf4
860,860,0x46da67cf582331eb8e592023a9E9edef2a321111,dark,34984482,,0xfffa78884ba60ac72fef7aceae4d8fe688e68368788eed1344c9acfdcd8dee92
868,868,0xA4Fd253F9309DEC87393c92A6E305DD2D395A20a,dark,34984482,,0x707cb56c97fd0f8184dba97ad5ac06449a4780265f0a6e813b344af7b4d67ac5
871,871,0xE99CfC98b6013B13EE0C669F09F7804505505Aa0,dark,34984482,,0xb468c935c24b772beaa89128d9daf1011cb3c064db8a68a9ba4d63f592fee164
874,874,0xef65cF8a7DbeB1fbF9E7EC5341B96c16424fD4De,dark,34984482,,0x5154c194a2ba906ad96a3e6b3828e9af370203f925018638d1ec3a23abb3cdf1
877,877,0x4CFD59Ad1d7236Af5C98248435B38e96554CD15B,dark,34984482,,0x0a069ecc747dcea96c6e3bac44d7c4b045394c6c75a265c7c3df2942762c809b
883,883,0x4CFD59Ad1d7236Af5C98248435B38e96554CD15B,dark,34984482,,0x8b842357b8872ac515a90e7dc5ded94f9b2c6e56ba8c5c22e7aa8ea33ff8b24a
891,891,0x29909b9c97845D5eb998B4AA41664a46c5dc35C6,dark,34984482,,0xbbd6b06bc4081c38193c352a9ce5627b4959217a164c50def0beda4612744e10
892,892,0x9689B11B77D799181612227e474AF7da3F49A3e3,dark,34984482,,0x7ad63882da83bda298705fdcdd84908ff19b888427ef20b24ea3aebe4cf6b085
893,893,0xf9897e405dCE1c0bF98Fc0AA0d35D128762cc824,dark,34984482,,0xe10aa4e2bf546e3a2baf9246d8e48233f38fbaeef2d7fbe2f03a7d4d728460c0
895,895,0x39243FD5EC3762020bbfc1F980b920C88C3A493a,dark,34984482,,0xa566998d6a2e59ffd1dfec94313a4c75dd61dbfdf376202781253b6bd73da795
896,896,0xCC73F2E516d6E9406aF17E60f1553a89Fd8853Ca,dark,34984482,,0xcb80913aca3306b1395e23eb41b9b626f58b471b82c09d61d37b7c32a3ce15a7
898,898,0x2825CDb4A71AC7942DA889f1ff72d536a8209343,dark,34984482,,0x617c242665dc93202af0b243cd9dd8f447150470a94e087f48863328e9d5d7df
902,902,0xB37FCb9607B2636Ce692061AD3de99AEC5d8435c,dark,34984482,,0xf9fee7915abbe82262fe327fe36dbdec7652b00191122ab10b6c2d528860eafa
905,905,0x9Fc71AdF531476BCf08FcD31e6eFF5F52c2f9Daf,dark,34984482,,0xa87ad130b11585e86172336dfc184ab9bf9d4335aaf173d9bd6ac8b43eeb3727
911,911,0x1ff67d19f75ad2F9375db66d6d27F29BCe8b56D1,dark,34984482,,0x1b76abbf0373360e9ead4a9a0fb28e4ba3d6cb742ce9cffe0932112190f12d99
913,913,0x46da67cf582331eb8e592023a9E9edef2a321111,dark,34984482,,0xd4639ac199f325733ff9b668d643a33ebab73ab07e29dddb69f3017968548151
920,920,0xa64c6369C0d4c61AeeE1f8997bCfB4022F2C614b,dark,34984482,,0xfbd1bd44f56c07ca0f9b8b3a572cd02da55ea27f6f12fb51c35628facb69e97c
921,921,0xbb19A9546B1736f40507434043291FBf69652825,dark,34984482,,0xba7968b1b12e50721f1f9470c43df12f2f9ea62e9bf72bebc7d27b5973faee63
924,924,0x4CFD59Ad1d7236Af5C98248435B38e96554CD15B,dark,34984482,,0x638321ec2d9cea7fc89353991d54112a55f8f3cc61c3f28e7b1176ba02495c40
927,927,0x37bbFc32408449Ec4251bf3C2fef4F7CD52746ba,dark,34984482,,0x0b7bfbdc7f03a1b64ef231f166874d321ea5f67e89d1af7024bef4ee0dae3503
933,933,0xA4074Ba612888227A9b9ac15cf7918F087A0DC47,dark,34984482,,0x0b684905dc27f778cfe23ad94576d54f7d30d88d9139b64019b2028dcad9950d
936,936,0x4B75fC23Dc360538bef714662F4138A4Dcd518B3,dark,34984482,,0x6799eeda788c1527b0230f4d85d47d31df5a7ad471807bd3106de1e1ae26f563
943,943,0x2EfED473D498d749DF0912C01EBB632D9EDacc19,dark,34984482,,0x0c41720535544a9df24a7164b55f66241eba73c4d8846afcdf8b604c45d9187f
944,944,0xa64c6369C0d4c61AeeE1f8997bCfB4022F2C614b,dark,34984482,,0x4ccfdc353995b07f7754137297a714d5e2dff1d078ff63d29523a9db2d13d658
945,945,0xaFa0aDb782345AAA73d9341F6b5C0Da0afcedeC6,dark,34984482,,0xe6ca070f5f13f89c69a5877170547ee53a99c3e19e5afb0518892c8b4fcd95af
949,949,0x4CFD59Ad1d7236Af5C98248435B38e96554CD15B,dark,34984482,,0xedc9490c3f6c3e2f9e6e92b80098762e116c4a5b7220d90eee6aaab860d57e1a
952,952,0x4B21a4B2e88fE128f4851750811DFA9C64236a83,dark,34984482,,0xc39399e9e1ae4f5a03944dfeb5d5e115bd6debcb6f080a68b4c10c083b2327bc
953,953,0xbc1b79317926c9a991556f8aad586a51a01f71A3,dark,34984482,,0x717ae8bf81a3da9215bbcffc95d065ad73b078aabbc014a64448ecc8d60a58e0
954,954,0xa64c6369C0d4c61AeeE1f8997bCfB4022F2C614b,dark,34984482,,0x4d8164e6fe5de7292784ec40bc2c8a92d65a720ae2f4994495549795f5fdde13
958,958,0xeee2ED5D5699A78cEf90E7245BB92468CCD8702c,dark,34984482,,0x741fe1080e626e3c2ace5430c5e4949d2f706985bdc73d6fe9a25a95e2b4addc
959,959,0x41211C627B79F3daB4eE89BCA89150C06eFe26Ed,dark,34984482,,0x058bc5617783912ef385ee2bece1eaf73578cba357217563555e282f2fd78357
969,969,0x03FDef14113fFCe886A4B61FA08A0C747E87aA96,dark,34984482,,0xd523a0b57c08411d4261278a69b718f86ffeef452debeffd4ef71ac4536a3b2c
971,971,0x4B75fC23Dc360538bef714662F4138A4Dcd518B3,dark,34984482,,0x71cb7514d557ece5ee00c69b2f8e90fd4ef70921816b89f1c183aea81746342f
972,972,0x2825CDb4A71AC7942DA889f1ff72d536a8209343,dark,34984482,,0xbe691b02e82eed0dd2193cd1322a5737d0c7655bc04e189d269a23afbd0a2c34
979,979,0x8bE3F73A170EB7244e357c8D1Dd41696958340D6,dark,34984482,,0xd4fa19dd2d6728691c82475c1d39168e4b56bf543416b70a75ec8fa2ed637818
980,980,0xb5F0452bB5358b3e2b73a8518EfED4BF647c8D1E,dark,34984482,,0x202b40a022e8f9850965850fd52e264d210e8584a6f2b6f49b0b19897d290363
983,983,0xbb19A9546B1736f40507434043291FBf69652825,dark,34984482,,0x4d32fe45ebe86b0e4d529244bab793c3dfeaa6e22adc5e8373945ce8d89d22c8
985,985,0xb9EB251a6C80C88824dbB56473bc13189901bB99,dark,34984482,,0x3ab141621fb8f84c6dfe584d7b63660973204ac7b8caa70ecdb1adaad619c642
989,989,0xbc1b79317926c9a991556f8aad586a51a01f71A3,dark,34984482,,0x558bde7ca164d45b5eabe1f951ec3a6a2c5de237031cb56a9a15289d1788dd0c
996,996,0xaFa0aDb782345AAA73d9341F6b5C0Da0afcedeC6,dark,34984482,,0xeb2c336c81ce7bfdca6eb9ec72f7e8f9285cdab9c91e5d07a38bb5ee8f395556
997,997,0x2825CDb4A71AC7942DA889f1ff72d536a8209343,dark,34984482,,0x3597e8cd8dfb0fb8fb6c4e3fc2a6bfb389d9a7ef4b2b523a5845bb34c7a7a8b5
1003,1003,0x1ff67d19f75ad2F9375db66d6d27F29BCe8b56D1,dark,34984482,,0x815d978a944c98615abc3f2ee41fcb3f68c0ad443b8787617cd4c278aeb60ff0
1005,1005,0x9689B11B77D799181612227e474AF7da3F49A3e3,dark,34984482,,0x6305030af7fb8ba76d2f67982ce719e4206f15029965c3177ea3dce93b7dbfc4
1007,1007,0xC80c6526e1EF095E90Dd9192F380c9EDCA753293,dark,34984482,,0x72b9d76365f0e01685d384067babf8528fbf003ac055422b0613df74d8ba6ce2
1016,1016,0xef65cF8a7DbeB1fbF9E7EC5341B96c16424fD4De,dark,34984482,,0xa8a42b4d39f4cfffbb4f5c7257d41d57c000a7e44e418f83af325ced0d058105
1018,1018,0xB28CAf14827255d4C791a853732bFF9C938b2cc2,dark,34984482,,0xce192d9b657f5ce3d9b900c8f138d129f22191c77addcb1c8d30816e65f617a9
1020,1020,0xe9132a6E4a610b796AbBA5fD4210911FafA55a22,dark,34984482,,0x5f809cd5e90308ebc792a1af445c3a38331a621c3828fb0076c46fe6d206c1e9
1025,1025,0x39243FD5EC3762020bbfc1F980b920C88C3A493a,dark,34984482,,0xabf2935f0867ab09feb3ce509c8639e3855201441d7a8632fa282787fa9854e8
1029,1029,0x2825CDb4A71AC7942DA889f1ff72d536a8209343,dark,34984482,,0x48109a5d641d79a2f877f04878cd301296b1f0e955c9bb71d7db75457782637f
1032,1032,0x16F5EF133d0D15B196A778d22BF1ec56f8f37C05,dark,34984482,,0x32b16a76a0d889f545a8a31064766a280d8a795a8bc6fb06c9fa43c998eab07e
1036,1036,0x8DDf5ce5C373F18c3cae5C720250deE928C5C07d,dark,34984482,,0xd14105aaa786b73a7db3a4b61245b8204cf32e6567de3b5a6fbf5547d09404f4
1040,1040,0x16F5EF133d0D15B196A778d22BF1ec56f8f37C05,dark,34984482,,0x69001c54d2219b1518f20d09971f6b5baafba62f5f4a948226c23d3cb9b4c8aa
1042,1042,0xaFa0aDb782345AAA73d9341F6b5C0Da0afcedeC6,dark,34984482,,0xa879030b6dd9eb5e218a76ea3887146384812c9d004ec4ec865c168dfec4365e
1043,1043,0x4CFD59Ad1d7236Af5C98248435B38e96554CD15B,dark,34984482,,0x5162c33fa6184eea881173de7175fbdaefe4f2c3b8699a9598eab95ac7877bd5
1046,1046,0xb5F0452bB5358b3e2b73a8518EfED4BF647c8D1E,dark,34984482,,0x0d131b1e537aca654b55fd84c5493bc122e16e28c13fc6cb062ed2b79ad2ef47
1047,1047,0x16F5EF133d0D15B196A778d22BF1ec56f8f37C05,dark,34984482,,0x07efcd4a918d94a34bbcf72bbb62d8639006f3dce7203ff6d5e8799cf70456e0
1048,1048,0xb5F0452bB5358b3e2b73a8518EfED4BF647c8D1E,dark,34984482,,0x252e47a7abfbb833f19b60dda92d5bdb8faf4929d0fe71cd1b21b75a8cb0edcc
1051,1051,0xb5F0452bB5358b3e2b73a8518EfED4BF647c8D1E,dark,34984482,,0xcc605684ba3f5f4e55294b12631a1cc47adabc7ed6b85edad63a1524b8b58477
1053,1053,0xa64c6369C0d4c61AeeE1f8997bCfB4022F2C614b,dark,34984482,,0xf62b9c9e62af832ce16a2be876a25f60f05e98203d50ee5b0ce6096109cda62d
1055,1055,0xBdDc59b367915f116c13B24050191502ed7C70b6,dark,34984482,,0x4f189fb7762c5cf6a00146ee696995d13816d6327d84871150ef0a1f9aeeec25
1058,1058,0x7AFBcB572e7b0E67879EE3cCCef8Ec012dFD6856,dark,34984482,,0x3df71f379e8688fc225cae560dd5400afa671f8deefc94a6162d8dff2e7ff9b1
1060,1060,0x9c8FF2Cb10EB8306c98765ae3f9B2E8a4C6233EE,dark,34984482,,0x99f2ad1e78473bec197b113db4940b9dc6e3719cf60df03bf8a401e2df06c5cc
1061,1061,0x18342C47E3Fc11aCeba1274EB04241f893F3989d,dark,34984482,,0x0a407e150db7ed4b0c54cf9a3b32aee3a83cdd569028a1549423978fb23854ca
1062,1062,0xaFa0aDb782345AAA73d9341F6b5C0Da0afcedeC6,dark,34984482,,0xacee65d4eb74358259e2fb1b2713aecddc1375789a314d0959b46d1d8f403772
1064,1064,0xA4074Ba612888227A9b9ac15cf7918F087A0DC47,dark,34984482,,0x6fabc891b8217ca0f997dbdc07bba333f2baef29a4b3bdcb625eb8f4fbf5ccb5
1067,1067,0xFF60c38F0343a8b8De07c9770266764c452A368F,dark,34984482,,0xd1f55e8367fe4d86749eb9aa548c44011dc955f1f89cc42eab1a6d3958dc4c32
1073,1073,0xa6bb40f4B684C3bd8A08b081ECA34d3f4fA0bd0f,dark,34984482,,0x8627adfefdb4a67f27d4915b090625ea44941f94856fefd3084b5663c11bfc60
1077,1077,0x39243FD5EC3762020bbfc1F980b920C88C3A493a,dark,34984482,,0x929412718b0da9feb61efa3b869baa56b0fc8e8fe9d16375d20eb66f6c8a1442
1079,1079,0xedE5aC95c306aDF9cDd1726FCab07aE709872Ac1,dark,34984482,,0x69e3f6debd9d343681b7ae80a472dca60243c80943c20c204b820dd07983de45
1081,1081,0x2EfED473D498d749DF0912C01EBB632D9EDacc19,dark,34984482,,0xa43d6e2a84658c6cb2a32339d231d4f920b8e2c4d66834dbc0ec82e5c0b4e971
1082,1082,0xD478046CBFFbE03cd6d4064C56bb492b85aE80d4,dark,34984482,,0x0730ffe9d52d1cb2ddbe0405029408e1e1120ad5eb63256b2a63ff1a8e7b7c4d
1087,1087,0xa05Ec35F7D1eBa823cff2ED26AeAED419683742f,dark,34984482,,0x8121cdd80ec3791bc13bd47b8f78cd709a662a32b99b9b60bc0a6b6664026887
1090,1090,0xB28CAf14827255d4C791a853732bFF9C938b2cc2,dark,34984482,,0xb5e978d7b5260b112eb13a58612a9054173955372d6215969650ded4ef8d4328
1096,1096,0x4CFD59Ad1d7236Af5C98248435B38e96554CD15B,dark,34984482,,0xaff8bf0362fc49921c456e41bc85f5228fb7c84c80f43cb973e7bc32f9e9110a
1098,1098,0xbb19A9546B1736f40507434043291FBf69652825,dark,34984482,,0x00af2cd7b1549b8a881c52ca37786a750aa083013f5af966eb96d76ee5b5c2bb
1100,1100,0xE99CfC98b6013B13EE0C669F09F7804505505Aa0,dark,34984482,,0x7bc3d3835174f55f07335c9811b344229dba6f02804ede1aa1ee057219b50171
1105,1105,0x344E5151d0Ad323Fc422d2a3B5d4fDC0200CcB4A,dark,34984482,,0xf54a5a042c4242627c313c43d67f302d6db101f3f0efc24b83b7bccf52b10d5d
1108,1108,0x4B75fC23Dc360538bef714662F4138A4Dcd518B3,dark,34984482,,0xc2cb93f1413973403d0c2569672bd53097163abaf088338f2334181f2807c0e1
1110,1110,0x03E3fd5638D4085e7787624e5dC89F16017dcB59,dark,34984482,,0xd14fb2d365d547346da2f614c6f89efb393fd4b7970e0af9c03afcb4cafb3775
1112,1112,0x59C619B8d8aB49CbEc9E44ec4deF046DC6B084A6,dark,34984482,,0x242fd0da7af4caa6092c4bb2f1b5aaf30f4487d57fdfdb5d57caf08c45bdb563
1114,1114,0xA4074Ba612888227A9b9ac15cf7918F087A0DC47,dark,34984482,,0xf88818400fec1eadb53518d0bab8b977fe54dce668eb68c6517da122f4fe5af6
1116,1116,0x0a5280F6c9aaD5B5b3D6fE20737871cB5bC52B07,dark,34984482,,0xf3cbc356566942f772eeb203f86f342e5c3b0082f75c53375f9880fdcc1bbfbd
1117,1117,0xFEC90aBF3CB869Ef58821C85e418589D57BbD749,dark,34984482,,0xeebadc0abc872c534bed72908868a673979c130ebeaf071e4a5e782abc1f3413
1118,1118,0x18342C47E3Fc11aCeba1274EB04241f893F3989d,dark,34984482,,0xd7aea584bc8ddd26c4328e17017bacafe4bcc218c8401c5bd376df2d3011b84a
1119,1119,0x9Fc71AdF531476BCf08FcD31e6eFF5F52c2f9Daf,dark,34984482,,0x65a1307a1bdb9fdf5c584d2e373cfd20bd25e8084973efe54e166789171bf233
1120,1120,0xaFa0aDb782345AAA73d9341F6b5C0Da0afcedeC6,dark,34984482,,0xb8b45c2c2e913de3bb63cf03b0f3a9f0056230a245c18e1f1b48a3bafc2a558f
1121,1121,0x4B75fC23Dc360538bef714662F4138A4Dcd518B3,dark,34984482,,0xd6c6c9e83abe4d5f0923ecfd9e8b7a2da73cf8bedaa13ad441e2ae91e5d3031f
1137,1137,0x516aC603F68B405a4e382F08Bd5646bB07a29db3,dark,34984482,,0x4ecdb4c24d0dbae6c3ebc6f44d6e805703cb87c85308021eb97b6002b114c863
1141,1141,0x46da67cf582331eb8e592023a9E9edef2a321111,dark,34984482,,0x93bdcc3fdaa60d325d0fe2bb183d1367446058bf7d5e768f388ba07e7fc5a223
1144,1144,0x03E3fd5638D4085e7787624e5dC89F16017dcB59,dark,34984482,,0xc72b19ffc9641ceed1177c1ddf93929402d429d67b31a58d293cc2dd9520faf1
1145,1145,0xEDc9C26A8AADF0895Fb250113A45a9afF62CD9Bf,dark,34984482,,0x4aa6e2194bafee77adf7e7438158c8dc4ac629f299f5e4f884b8351d53e2db99
1146,1146,0x8ABd6925DccE4b8b7f6F8F0f51bD0CF1B2707357,dark,34984482,,0xec19f129fc7c433e4c109d02793fd529b65d62e184d53cb5e7c0b71924a21535
1147,1147,0x2106f3068aE38d77235bDf3e28f31177dCfaF951,dark,34984482,,0xd33345ef1b90694458fd40746e290dfe07ecdd9eb89d8871f6d8eda57f5b9432
1148,1148,0x18E4508aE09a93a24006b7e36d2833659AC6602c,dark,34984482,,0x45477fdf9b422ebbce7d95a371d4c952f68763e533961353a555f34766462051
1150,1150,0x2EfED473D498d749DF0912C01EBB632D9EDacc19,dark,34984482,,0xcb363ca25c0634ba0cb2f8d6f09a55ddc8b369c5bc62b5ca260392fdc7c1bafd
1157,1157,0x03FDef14113fFCe886A4B61FA08A0C747E87aA96,dark,34984482,,0x8b1d65dcc81b4de12f2a116332dbc0acca874a15ae4091aadfdfc39dd30402fb
1164,1164,0x16F5EF133d0D15B196A778d22BF1ec56f8f37C05,dark,34984482,,0x1d345d7048c92a85f21884b14a51044a6763b5a15618e04016f2ccbe2a59dbc2
1171,1171,0xa64c6369C0d4c61AeeE1f8997bCfB4022F2C614b,dark,34984482,,0xe1cefdb39ab8cb9c1f5cef06a635f7080407148fbdf2d81947ae56f4713c591f
1176,1176,0x16F5EF133d0D15B196A778d22BF1ec56f8f37C05,dark,34984482,,0xa7e12a56f7c763e8fbf62958a02bbf59852cd0d386e8b573730a5221bf0aed56
1189,1189,0x29909b9c97845D5eb998B4AA41664a46c5dc35C6,dark,34984482,,0x81c47704690504cc0573d9250567bdc102ef43426ae0381dad5105f02c8c8899
1190,1190,0x344E5151d0Ad323Fc422d2a3B5d4fDC0200CcB4A,dark,34984482,,0x33554f43b02d592953894c2ba21c5bdbcf4d2b711a252611f5ddbfe784f5d405
1196,1196,0x4CFD59Ad1d7236Af5C98248435B38e96554CD15B,dark,34984482,,0xe8d03a2ed552c7b6064b9ab68940e7a6915e99c0c6cc7bc980247f6d49e6acaa
1197,1197,0x4CFD59Ad1d7236Af5C98248435B38e96554CD15B,dark,34984482,,0x98eb3904c9c5883b023a4ae5a42c43d5537c19bd98254820775c86e7b1f90676
1200,1200,0x4B21a4B2e88fE128f4851750811DFA9C64236a83,dark,34984482,,0xf95e16d1f10a808346b4375a695cf6dc725de04738b0e22cada0ac8ba6b9425c
1201,1201,0xeee2ED5D5699A78cEf90E7245BB92468CCD8702c,dark,34984482,,0x305bb82909f0f730fff04f9a47a57b6443b074e721d8cd4dd9a752ee2ef4eec0
1204,1204,0xA4Fd253F9309DEC87393c92A6E305DD2D395A20a,dark,34984482,,0x432e4ec4cbf0f358988e79f6a04db54e4b71537e8bbe25143bf3a1d6f9eaa1b3
1207,1207,0x8DDf5ce5C373F18c3cae5C720250deE928C5C07d,dark,34984482,,0x3b5979c1339fdb57913a12d86895d7d450a68b88c21aaa00fedb107707a2a022
1208,1208,0xaFa0aDb782345AAA73d9341F6b5C0Da0afcedeC6,dark,34984482,,0x0d39e915bf9f04db87ccc9d905ea1bb03634dd11491478bf6f1de604b8b8d593
1209,1209,0x4A22064846B49393A26256a2a23402D4311421D8,dark,34984482,,0xc2a691a3683806c5962f2ece28e295f6ee29211361669faeeab4d23988dd1f48
1210,1210,0x9Fc71AdF531476BCf08FcD31e6eFF5F52c2f9Daf,dark,34984482,,0xae4c97da98c05b0d9129e95ff446c6a453d6f4c42eef74835a21f2bf9a444316
1213,1213,0x3802FEEbffA28435A0a24e2a66781a9E699F3651,dark,34984482,,0xb7e56f1ab09e1a5eed2915e958dda4e0ca838f833963916e8932b7864ddc3bdc
1217,1217,0x516aC603F68B405a4e382F08Bd5646bB07a29db3,dark,34984482,,0x40dd2fb5bb15b192b782e1a1dfba9687ec05c489b83bc55fb8557b19553d6ebd
1219,1219,0x646758E8B061381A59313950A0F51f277D8ceAC6,dark,34984482,,0xe3b6703158bd1e71c8ae6365c93bcc801be51a0a3d79a831dbe6c98bd7158b3a
1221,1221,0x9Fc71AdF531476BCf08FcD31e6eFF5F52c2f9Daf,dark,34984482,,0xc8b41c8eb17cbe8dd1e26d5cb876bf7a5541719c9bfe4090ceb7adfcd49476dc
1222,1222,0x18342C47E3Fc11aCeba1274EB04241f893F3989d,dark,34984482,,0xfd7dcb4375e1ce2083aa48fa79d4d83126836a50d24f96d417ec5970b9194988
1224,1224,0x4940655C4a1f379FF78af413deBE961Dc21e74f2,dark,34984482,,0x87a34efcf1ec967ba6867dc053f28a8c8024b39470ca838e76600d03786b50db
1234,1234,0xB37FCb9607B2636Ce692061AD3de99AEC5d8435c,dark,34984482,,0x009074f80ed5201cb09b5fac359d374f1453ab11d49d820bac9a7a88452199ed
1235,1235,0x03FDef14113fFCe886A4B61FA08A0C747E87aA96,dark,34984482,,0xaaea076f1694bef5650c0dab8782fc75b9e1589e1abb106c89f1a565847c079a
1236,1236,0x9Fc71AdF531476BCf08FcD31e6eFF5F52c2f9Daf,dark,34984482,,0x719b3f465df469bccc56c09e9e656a35416df0f1608ede7f54d9ac9c0b24de6e
1237,1237,0x13a78895e2da9f3E373463EAF943a97f4432781A,dark,34984482,,0x70852cb104826a12025ef8087cf3e81d3e438c110025d746944a89af351e8fb3
1239,1239,0x878ED5d91329eB8E024381f4a66218A60B6cC1A4,dark,34984482,,0x4bd8cdaf0d359209bd7562da9e0b5ce7f72d032cece3ab29064bce0adf494fb2
1241,1241,0x2825CDb4A71AC7942DA889f1ff72d536a8209343,dark,34984482,,0x4f8ed289e3c8a5f897121b1704e856eee029eb5a0625c8fb93285bcf36ecc720
1250,1250,0x6b06FD0181285Dd1BD4b3cfacE9E4a6685DE0C1a,dark,34984482,,0x65466f7056b5f5907cfe63a44f2e2133f8eb9157ac93a84e160a4d3262adbf8f
1251,1251,0xef65cF8a7DbeB1fbF9E7EC5341B96c16424fD4De,dark,34984482,,0x9caea32d081b037db745802c915783e9690fbfa87bd9f55f5922312a803e61da
1255,1255,0x9Fc71AdF531476BCf08FcD31e6eFF5F52c2f9Daf,dark,34984482,,0x1a7bd35ee5e6558288b9df97feb71a6bee154b3ed58dd09af05992e16e6586e7
1256,1256,0x2EfED473D498d749DF0912C01EBB632D9EDacc19,dark,34984482,,0x2287ddb0402f6e189171332119c054d96b0d12320d2307db0ce491ebf40e2c7c
1257,1257,0xA4Fd253F9309DEC87393c92A6E305DD2D395A20a,dark,34984482,,0x98f357981fec0a9ed63d9a2fb6e87c95f65e046c6e82c558d9107a916935606b
1263,1263,0x549DdB9583Bab764a8ff8f2B9e19e44eb0f23248,dark,34984482,,0x4e7a52bc30f36d7be548d2496cbc6964a2994c81e399aec959ee9b45129c5664
1264,1264,0x2EfED473D498d749DF0912C01EBB632D9EDacc19,dark,34984482,,0x8e808bfc592641b2f1365e882a89e543c4467af7d025e3222272914186eae39b
1268,1268,0x16F5EF133d0D15B196A778d22BF1ec56f8f37C05,dark,34984482,,0x12a8e6aff938e670a01aeb532e49093bd2c40effac40987a9f6e082a4add2210
1269,1269,0xFF60c38F0343a8b8De07c9770266764c452A368F,dark,34984482,,0xf02773a57649ab9bedb2e79c79fa8faac65341ede76b4cbcd2467f071e4736f4
1271,1271,0x6A92B04612F647F048c24951673d45471C7E18c7,dark,34984482,,0xbcf0e7cd289bf353aa244097ae7ddbe451872888bc64e106a2038d6bac57d6a1
1273,1273,0xA4Fd253F9309DEC87393c92A6E305DD2D395A20a,dark,34984482,,0xb1caa95b9ed3c20afab583e6e316136674ad1878a19d262169dbede4e2739d08
1274,1274,0xB28CAf14827255d4C791a853732bFF9C938b2cc2,dark,34984482,,0x14dfedebc0ee84bbe0d2a8658f7c7d6e4d03c41ee8100e2121d523272f18b469
1277,1277,0x4B75fC23Dc360538bef714662F4138A4Dcd518B3,dark,34984482,,0xa650b9b598692d2b66fde30b73ecd8c096a1cc73015c06d57cc8df37a57908e8
1281,1281,0x79488A7a6a9B062eD3c34Ec2a4fbC96912c40fad,dark,34984482,,0xdda5177159cf7bc0a80c2bb0b096ed3381306c9bd714fa0fe6933a03c8eb3256
1283,1283,0xcC3e0EE1138754e5642aD1545aeE553A8Fa851E1,dark,34984482,,0x7cd6633df6c82c9862fdafedf0870a62933f7be4e614ed7bc23e930a418daa93
1288,1288,0x2825CDb4A71AC7942DA889f1ff72d536a8209343,dark,34984482,,0x0917d3fcd028f7010e128ac3a5dda00504cc796b0e4e5437860cdf41976be6c3
1296,1296,0x516aC603F68B405a4e382F08Bd5646bB07a29db3,dark,34984482,,0x1040eb31fb68e5c85bb2e94cca304d386154c3a6e1379e233222a8147b91d83b
1302,1302,0x2AeEF5786ce92f413EFcAe57dd13BEF94f99dFBf,dark,34984482,,0xa47e30bd291ceeb74e0998d28be85f6b8624baff295e9e338363ec3d65a550a3
1310,1310,0x29909b9c97845D5eb998B4AA41664a46c5dc35C6,dark,34984482,,0x21b83a38996b77d44ffa0d0f10f8814f1b6ffd90ecdad317942996548927a727
1318,1318,0xd38550C453B5b34e01D8143d20Db41296Fd05041,dark,34984482,,0x0819ca2589ac1b565d6f0a610b2bd226cff71849e5b41ca76ec740ea74751866
1323,1323,0x4CFD59Ad1d7236Af5C98248435B38e96554CD15B,dark,34984482,,0x9fd31eec89dd7c05a03bf7dca8821e7f4c4c2d5e09e2300bea21d8f83d81a6c8
1329,1329,0xe033Bc25603D27FE4314194ACdAef59BC6DED712,dark,34984482,,0x25bad6942528a4b640d07ee5ded8cdfd065c2b82961f9fe9024dca634cce77e3
1331,1331,0xb5F0452bB5358b3e2b73a8518EfED4BF647c8D1E,dark,34984482,,0xcfe9492a47ec16eccde345286b3f74b0f1af98344ba5198c0eeac149e8fc433a
1336,1336,0x4CFD59Ad1d7236Af5C98248435B38e96554CD15B,dark,34984482,,0xd1a1b39f5a577319c172222bdb86d19a79f0c41535a859c50eea0c6dd2a6cead
1338,1338,0x2EfED473D498d749DF0912C01EBB632D9EDacc19,dark,34984482,,0x33daa02c216f7dad5e9eed9b229542602d92bc3aadcbcdbb71d9354fa7bf5a30
1340,1340,0xf2a2Fea9DF87E9EF80876Fa740EFc556F27cD8EE,dark,34984482,,0xc0989e29b554c7f3590aa450a8bfbb54d6db9cfeadb03b3cc57baf6a0db44a87
1341,1341,0xA0cDD98f639A36Dd504F3694D489C0d8203142D5,dark,34984482,,0xc58eb2f120ad5e235320a1a86ce6f7bb994b22329c3a3ce4c344b085ff4b54ea
1343,1343,0x2825CDb4A71AC7942DA889f1ff72d536a8209343,dark,34984482,,0x875395ec2ec56c626150fad9f369be44c488ef5c8e7a3f68652b306b4b9c475f
1349,1349,0x16F5EF133d0D15B196A778d22BF1ec56f8f37C05,dark,34984482,,0x369b5a8a14564a766ada159ed060021e289d26c4912227cac09d59bf21d49526
1356,1356,0xf99A3402B06f7C3aDB6Dc9360Fe1213DdDDDdddD,dark,34984482,,0x06b0078e4291a54edd928636f3764bf3cb5ea366e7a15301de72978decbd253e
1365,1365,0xB37FCb9607B2636Ce692061AD3de99AEC5d8435c,dark,34984482,,0xacbcef65e8dd3875e70baf549ed725dd2eb480c24a0558642ed82194b5c6f6c0
1367,1367,0xa64c6369C0d4c61AeeE1f8997bCfB4022F2C614b,dark,34984482,,0x204a291bb1d37f91d446783c7aa2297d1290ccbeb0c05e8d32367e56609b2ea4
1368,1368,0xCa1a2fB7f3179D887504966b25d1606978AdcD42,dark,34984482,,0x00d52ba28ca25a27a7e9f4affefc5747ed7f860db02ee05907d5b6ab4e1de5e9
1374,1374,0xf2a2Fea9DF87E9EF80876Fa740EFc556F27cD8EE,dark,34984482,,0x764a490bd5a6980b94bb188829f8d8bbd2398843951862f6ec694ed231d48b7b
1379,1379,0xa6bb40f4B684C3bd8A08b081ECA34d3f4fA0bd0f,dark,34984482,,0xf5893892ce6f45c3b38bce544d88fa304ddac8fdc0398fce242d9b038e27bb0a
1382,1382,0xA4074Ba612888227A9b9ac15cf7918F087A0DC47,dark,34984482,,0x3dfcf4d8c3d517a26a3ec52da2c2f9f427f9f27e1f5770724bf90e8dfff7662c
1383,1383,0xb265580A69C9B40AE89BeFd737Dccfa1F477893D,dark,34984482,,0xe74a8c47d7a319a742eb8dca28df521ee56161ff2690e4fb7d3963f590078d98
1384,1384,0xeee2ED5D5699A78cEf90E7245BB92468CCD8702c,dark,34984482,,0x0d609ede248d80bc071d53df2ae0c2499d36319af41f0c7669800e3b5e99be47
1387,1387,0x9Fc71AdF531476BCf08FcD31e6eFF5F52c2f9Daf,dark,34984482,,0xce2c1e2f201027d3d2ffa56fc8ff9a69d1ab0dbcd0645916970e6047e1909c36
1389,1389,0x24d5aAcE190E5c4eACF98BCc9D1Da8C3fa0C755b,dark,34984482,,0x71b2db6f2955f8497a1485d279d4b8e973e93ce60408eb226bb12c5ada9e6ebf
1394,1394,0xA4Fd253F9309DEC87393c92A6E305DD2D395A20a,dark,34984482,,0x8095da84cafccf12b712cc3044e608b1259334ace8f3662753fe39bb2eaf1911
1395,1395,0x549DdB9583Bab764a8ff8f2B9e19e44eb0f23248,dark,34984482,,0xd1598ae8b16ea2c049fb4940ce5a5139d77906d32730c7359d9823f846c1503e
1402,1402,0x27dA6F24Cd437BC0A00469E19aD8342b7f2e50E3,dark,34984482,,0x3d4fb05217a58e74412e98425c847092d7d6f4ce87cc31be9ace2db6859f82b9
1405,1405,0xEeAec2b48DD972067e3130EC1c2E4769BC6788f3,dark,34984482,,0x979ecdb2c434ba1e1eb330455941935e28ad110a9b2806c815e7bdf95ddc0aca
1411,1411,0x4f10e3F8679209DBab2654E15cBc1E0bbba66718,dark,34984482,,0x8efab8ff696ca4cb3797588b7f6da174086fef8a241199526d45c1f55e0ddaed
1413,1413,0x2EfED473D498d749DF0912C01EBB632D9EDacc19,dark,34984482,,0xc81b7b472ea43f36609b5eca8c812c818987dbcc5a03439a02bb06fb632a6a2c
1419,1419,0xb5F0452bB5358b3e2b73a8518EfED4BF647c8D1E,dark,34984482,,0x86f1be7016802d079ed05c4560cd3b5ecd581a33d8fc13ac15854399fc3e0cff
1420,1420,0x16F5EF133d0D15B196A778d22BF1ec56f8f37C05,dark,34984482,,0x0027709c834e7bf4c9d426fed2b20e83fb9a853e8cb6068fa575e0a9c7c92107
1428,1428,0x16F5EF133d0D15B196A778d22BF1ec56f8f37C05,dark,34984482,,0xb8209e7abe1e7c173b59a1f45e1a185dfedcb1d54e9964359c19e62bdb892e0b
1437,1437,0x9689B11B77D799181612227e474AF7da3F49A3e3,dark,34984482,,0x3a55ba2a0c3f3e04346371dc5f5979aa1e34642d811381d8f2aa48dde011dfc3
1440,1440,0xA7f5c35464f41cCC9a227642AE0dA88c79564B32,dark,34984482,,0x00451f833df69673813a734e49f882d037a80eb19c8c1d90981c143fab9a2741
1441,1441,0xA4Fd253F9309DEC87393c92A6E305DD2D395A20a,dark,34984482,,0x1e1e11461d19021365a0152a513fbc183229e3d127acb5b54c5a384d83a6bb3d
1443,1443,0x4B21a4B2e88fE128f4851750811DFA9C64236a83,dark,34984482,,0x9c8650c0ce55ce1b84ff90c7722e4a6ad3825ca13dbf8d43466bb500fc3f8a59
1444,1444,0xA4Fd253F9309DEC87393c92A6E305DD2D395A20a,dark,34984482,,0xbf6b3756935b179339e0dd77ec6639f98659474c4e322706fecfa1711bb6e4f8
1450,1450,0x8797A47a9200b52Ee90B4c5b5fA5A0DeD56dD5F5,dark,34984482,,0xc28e1bdec2d365e55bd7e598b05e29d512567a6cc86790d0d09259b7964fc15b
1454,1454,0x85B605B47A5323912615cb8Af834BB1c4716b794,dark,34984482,,0xf531790bcec6c4b19b6da68fad600591976b31a49f83496d5a35b479c1b58aac
1463,1463,0x2EfED473D498d749DF0912C01EBB632D9EDacc19,dark,34984482,,0x1a498989f4fa142b287d9340c638633dcac17baf29e5a7478448006e9a0b270b
1469,1469,0x4B75fC23Dc360538bef714662F4138A4Dcd518B3,dark,34984482,,0xbb5c047df994b16835ff39a427ef6a33e3a0140300503c418a35a274a47f9d09
1470,1470,0x4B21a4B2e88fE128f4851750811DFA9C64236a83,dark,34984482,,0x085a1a085bc8e5a31ea08e7cdbfc78d87051e46acbbdfa4be4a6bfe994dd5ac7
1471,1471,0x0a5280F6c9aaD5B5b3D6fE20737871cB5bC52B07,dark,34984482,,0xf09c6f0b77c90d75e2a0f9674f16ba2f416bbc293bdab72e35357718a36f826e
1473,1473,0xA4Fd253F9309DEC87393c92A6E305DD2D395A20a,dark,34984482,,0x4588c14158d88dbb7554f7d8a14a3b03894c499ec51ea8f381bcb14aa9dac882
1475,1475,0x9Fc71AdF531476BCf08FcD31e6eFF5F52c2f9Daf,dark,34984482,,0x7e7430648837586adb10af8894578550069e3ba256581aaee3b94f99fbf20f44
1484,1484,0xd69a84c652280478bef1E7d6Ade0e8B79eD2558B,dark,34984482,,0x941ddd608358441e939b2150393158535fbb5b73673d3b95b048bb2049dd9c39
1485,1485,0xFEC90aBF3CB869Ef58821C85e418589D57BbD749,dark,34984482,,0x9e70449912bd3a777d6c9e47dee364f7262e66f5b9b3b31c76cbc44ff7b62dc6
1486,1486,0xa64c6369C0d4c61AeeE1f8997bCfB4022F2C614b,dark,34984482,,0x8dd91571424e36d4c6c71391dd8a368fc51f40f6627b8ade82db091e44ea3c73
1487,1487,0x2EfED473D498d749DF0912C01EBB632D9EDacc19,dark,34984482,,0x04c6e291e647f4c1a3ce6867d4530c371f86c8791a3df497d2633526f5525e98
1489,1489,0x27dA6F24Cd437BC0A00469E19aD8342b7f2e50E3,dark,34984482,,0x92006620dfff53cc30f0497a5f7dc9f1b77cb6c2c9864b6aab820958fba19f19
1490,1490,0xbb19A9546B1736f40507434043291FBf69652825,dark,34984482,,0xf063278e5f00508534426e16a77d2b0bf560719ef833fd9e2fde8f11e9508ed8
1491,1491,0x4B75fC23Dc360538bef714662F4138A4Dcd518B3,dark,34984482,,0xd3dfe73ab3f9bf0af3b4b7671aea17119cac82c3c3f1b05cd7eee72f0f91b1b2
1494,1494,0xCC73F2E516d6E9406aF17E60f1553a89Fd8853Ca,dark,34984482,,0xe39c624217843c4b2bed9b20ac57cf61bfed88289e8822b586713601bd7ced7b
1496,1496,0xaFa0aDb782345AAA73d9341F6b5C0Da0afcedeC6,dark,34984482,,0xee7ecf45ec21becf945e1f983e2cb55e272d9d413e1405b56b21d4fb4ef501cf
1498,1498,0x3D145930A87880EdfB5687A45783429e1E7EBFa3,dark,34984482,,0x4372696c2a4402c58278197e2f6124d2e829634100aefc741cb87516ce0c0f0a
1499,1499,0xB37FCb9607B2636Ce692061AD3de99AEC5d8435c,dark,34984482,,0xf9b3d9d787d30e8f29e85a1040908de48703f457de1b8e275bbf2ee1ea125ba1
1500,1500,0xa6bb40f4B684C3bd8A08b081ECA34d3f4fA0bd0f,dark,34984482,,0x3dc052ffd3c0028bad855231d4d3f194f4a828cdcecf5de0080419defa0523fe
1501,1501,0x088A68D2044Bd36C3Fb8A3E9C1aaF72C5eBa1349,dark,34984482,,0x5b5a802f0456b1d4f7410aa48a60bbb545393f62ef0deceb239df2144ab53114
1506,1506,0x13a78895e2da9f3E373463EAF943a97f4432781A,dark,34984482,,0x6c64f3f7e1a453bfbbfee77882bec97c067c30dfa64739ac64c6de573443152f
1509,1509,0x1ff67d19f75ad2F9375db66d6d27F29BCe8b56D1,dark,34984482,,0x17dd6d1982df2f12ea3fd7576e2a85569cbcaa8b5f83d447cc3b3b66daf6beb8
1510,1510,0xFEC90aBF3CB869Ef58821C85e418589D57BbD749,dark,34984482,,0xda04f0be117ea97e7e6c21a891f128ddb7541e2bc145ec2efa898e6cbe48d948
1512,1512,0x8ABd6925DccE4b8b7f6F8F0f51bD0CF1B2707357,dark,34984482,,0x9467a4d600042534c1dd534410896d7c94fe880cb68673b6aaca357007d2ab7f
1513,1513,0xbc1b79317926c9a991556f8aad586a51a01f71A3,dark,34984482,,0x68f8909f3126a14000afd67ce2b3a073243d514ae520b247c54796c0fbce2c46
1515,1515,0x11afCFF8b865BD13a6cDB1729c7Cb4da2f9FF181,dark,34984482,,0x55cfdece4f4285c31c3c3b3f70e12044180297a66bb84ebf8f6d199745fb13fe
1516,1516,0x55e88acA5529a31b4E9884526b1C7339eBe22204,dark,34984482,,0x469aeaa39589694c360e030aa84b233f41c4d4a933e9700515940ce841df10cd
1520,1520,0x9563CeFC253B87773786F439589cF96B333526e8,dark,34984482,,0x879b97ad073496d17bb756be04c828ccfd183cbb114d8ac01b82dd75b5ce7199
1524,1524,0xEEdF66927405f7E5f98c623C303D1aA39d93Ce40,dark,34984482,,0x04659d8ffcefe918991b66bb6e2893629bcda12329d6799f8b4ecc150fca7481
1526,1526,0xBdf6BCfF10Dc7BDbcF1c186523434C65fD41a6bD,dark,34984482,,0x32458bd51ecf1baf167ad4a7f15a27526c048ed358fe2a58a676ebd3b30dfab4
1528,1528,0x2825CDb4A71AC7942DA889f1ff72d536a8209343,dark,34984482,,0xf6360b334016a09edfe4e11e57117311216025fcbd548a24a2e6b10d9e8db33c
1530,1530,0xCa1a2fB7f3179D887504966b25d1606978AdcD42,dark,34984482,,0xf11b01523d6a3d05c0a6922e98e0e6318e190f9794bde659f97908d25d9e7d86
1533,1533,0xC5643d526045124C8A241f91c92F2FB36842f1F2,dark,34984482,,0xbc953bb86237522da35f19bb5299983a748b526dc7fb014666c18d5d9cf68376
1538,1538,0x8ABd6925DccE4b8b7f6F8F0f51bD0CF1B2707357,dark,34984482,,0xa13dc323fb62a3c837d339063e7c90d118e5730af5ffe9ee86b110125337bfdd
1541,1541,0x4CFD59Ad1d7236Af5C98248435B38e96554CD15B,dark,34984482,,0x978a7641847b04d913b384e34dd7239655df8c6e06a49ba8b5a22a6c6cd05308
1542,1542,0x9c8FF2Cb10EB8306c98765ae3f9B2E8a4C6233EE,dark,34984482,,0x055c58bab1209e53c864b3a23388f109a21420bb960d55d3407e5c9b7ab7fa63
1544,1544,0x549DdB9583Bab764a8ff8f2B9e19e44eb0f23248,dark,34984482,,0x3fa47038458fa2d75ffe18600fef0de5d616f9ca2d51cdc5c49ba40296974db5
1550,1550,0xA7f5c35464f41cCC9a227642AE0dA88c79564B32,dark,34984482,,0x14263121328fb97fc70bd966fa3217f2e2eacf7b92dcaf5f71438b19fb265ce2
1552,1552,0xa6bb40f4B684C3bd8A08b081ECA34d3f4fA0bd0f,dark,34984482,,0xedc015836b510a73417d39be74257724c603cdb487fce206cf7574d965a66bd5
1554,1554,0xA4Fd253F9309DEC87393c92A6E305DD2D395A20a,dark,34984482,,0xd7870145f1779bcb413b64de19879ec3c5712ddb8d9330c7e1a9f145e10ac751
1556,1556,0xe9132a6E4a610b796AbBA5fD4210911FafA55a22,dark,34984482,,0xda19fbe2feafe45aa5d3ac794c1b8a0215698291a434382e1bc6c79cba453301
1557,1557,0xFEC90aBF3CB869Ef58821C85e418589D57BbD749,dark,34984482,,0x6846f6e67d09c621dfe37c42f13f5058d4432d904d2efe179a8ca4b8055a9623
1558,1558,0x4B75fC23Dc360538bef714662F4138A4Dcd518B3,dark,34984482,,0x52716bd0173574812379b2dd375c2673436988c2ceb9c4e4770f197a47bcb887
1560,1560,0x2EfED473D498d749DF0912C01EBB632D9EDacc19,dark,34984482,,0xd96425dea31da411740536ef143162817aa83e94632208e1c6c30ebd3566349a
1563,1563,0x18342C47E3Fc11aCeba1274EB04241f893F3989d,dark,34984482,,0xff5cffcc46ad75f22aa87a0832d6fc7a28492d63727261dc913672575ab934a2
1565,1565,0x4A22064846B49393A26256a2a23402D4311421D8,dark,34984482,,0x6eb868e041cb66cf7e3800e8d781609ee143cbfbf40e87c26f67d4601b39b9fa
1566,1566,0xA4074Ba612888227A9b9ac15cf7918F087A0DC47,dark,34984482,,0x685e3b8e005265ad55b3231c97c4cee0fdd0e656334a9f22c7507b7ed46bd9ea
1570,1570,0xb5F0452bB5358b3e2b73a8518EfED4BF647c8D1E,dark,34984482,,0x5881e991de360e15c1fed4ee7b7c22b8e49fdaaf0959f42b73b99b810b5afe65
1574,1574,0x8DDf5ce5C373F18c3cae5C720250deE928C5C07d,dark,34984482,,0xf56bba6e95c5900a1ac9eed2d1f6846676d6e8ffecef0a1814d32a2adcd9a459
1575,1575,0x2EfED473D498d749DF0912C01EBB632D9EDacc19,dark,34984482,,0x6002f224999b0031197cb93b23cb39cc9d13511c4100e298304a192b48db4f5a
1576,1576,0x4CFD59Ad1d7236Af5C98248435B38e96554CD15B,dark,34984482,,0xc6544fac9c5449ce1b479d39df5d95b647148fd6c0e05a479c3c01c89280ba03
1580,1580,0xa64c6369C0d4c61AeeE1f8997bCfB4022F2C614b,dark,34984482,,0xcb456115eecfe0f9f570405dac841d645e0b71cb3d95b5130c9604b361feff34
1581,1581,0xe033Bc25603D27FE4314194ACdAef59BC6DED712,dark,34984482,,0x2b86f07f867709d20f3342bbc5a3971f6a488e888d139eed8efa29110ba1a497
1586,1586,0x29909b9c97845D5eb998B4AA41664a46c5dc35C6,dark,34984482,,0x3f1eaca7763f5ea24e130cdf371eefbd964ffd9beb1073e97fda354c5961d0c1
1593,1593,0x03FDef14113fFCe886A4B61FA08A0C747E87aA96,dark,34984482,,0xd7f5f5d0dfa54a4145e9867cd05e4165afe19dfc436977471fc8833f3ec17255
1598,1598,0xA4074Ba612888227A9b9ac15cf7918F087A0DC47,dark,34984482,,0xb3ef35629c3e25f62138e3be6311059d4fc362ce4cfa95b9534e044fe5f8cc5f
1601,1601,0xf2a2Fea9DF87E9EF80876Fa740EFc556F27cD8EE,dark,34984482,,0xce72c88d9ec381aeb6fa504383af01d6175470b3c528cb5b1441bf79ed48b7e4
1604,1604,0x2EfED473D498d749DF0912C01EBB632D9EDacc19,dark,34984482,,0xa20b6c13f7989a9b5a4dc6691efdfece039c4363fb4eb418f0b3fc3a8d03069a
1605,1605,0x1491a38f227c7318106C722E7Db6F93ACC53D970,dark,34984482,,0xaca2be5eb3a31084a065687b80b6cf3ec3035234e191cf1076450d266211aa96
1606,1606,0xCD211569a108FdAc74d729ba7358a743a3c2e08d,dark,34984482,,0x68a1feb92b0f68bab76b913366fd2ac40b775066226c5e6e71d08497615ab5f3
1608,1608,0x6A92B04612F647F048c24951673d45471C7E18c7,dark,34984482,,0x4c321f5c2c21a9e9e4beea34b0fbc5b774167c9fff512ec5bbcb8a055e82eb58
1609,1609,0x9c8FF2Cb10EB8306c98765ae3f9B2E8a4C6233EE,dark,34984482,,0x03b03e45dc937289f82bc7a54fccdf686171f4ccc3b4e9c1764b3689f72ff7f2
1611,1611,0xCD211569a108FdAc74d729ba7358a743a3c2e08d,dark,34984482,,0x5fd19cafc8071a72a9290e3339c6c25c036dd93a75c29f2a3f04a76a572ffc3d
1614,1614,0x9Fc71AdF531476BCf08FcD31e6eFF5F52c2f9Daf,dark,34984482,,0xff8f6d10d05e300647f3f9eafbe2f1cad40c4ddf1df7d6ca9c20f2f0a0965619
1615,1615,0xA4074Ba612888227A9b9ac15cf7918F087A0DC47,dark,34984482,,0x0cc1203a19943507b5e3548d2ed724e1955694069c288adda8693405b56af0b3
1617,1617,0x4B21a4B2e88fE128f4851750811DFA9C64236a83,dark,34984482,,0x830337c8d75b643d7ce3fcd7ccd8e7b6320f53064d44955debc43e34e00c9057
1620,1620,0xf2a2Fea9DF87E9EF80876Fa740EFc556F27cD8EE,dark,34984482,,0xaea5b4fa79dcb8c5941f9822b9c133447a8895ab1d54230adb0c63bce55044a3
1621,1621,0xedE5aC95c306aDF9cDd1726FCab07aE709872Ac1,dark,34984482,,0x5d8a9575bad26a7314e74481f133f11bc51658104d81bd0e25ecc56057fcdeb0
1624,1624,0xEEdF66927405f7E5f98c623C303D1aA39d93Ce40,dark,34984482,,0xa74318f476e7eac5ea742b46f3eced5cdff45ea655a5bfe1a487045c4093381c
1634,1634,0xa05Ec35F7D1eBa823cff2ED26AeAED419683742f,dark,34984482,,0xdfdd293a3497aec6da73d6c368dbe7e6092771202e723255fee19a806e4fc10d
1637,1637,0x344E5151d0Ad323Fc422d2a3B5d4fDC0200CcB4A,dark,34984482,,0x76ed63e091bfb1814885a39ee1af4621e43497a54263006df19ba427deaa4c78
1639,1639,0xBdDc59b367915f116c13B24050191502ed7C70b6,dark,34984482,,0x26128499e00681956d0fc41c9cb2cc886637213beb1f6ffd03be0b29977726fb
1640,1640,0x2825CDb4A71AC7942DA889f1ff72d536a8209343,dark,34984482,,0x3bd2d519bc568bc45f17143246196f9e3c79936428da9d44f4e8fc5f0b41c2f7
1643,1643,0x4CFD59Ad1d7236Af5C98248435B38e96554CD15B,dark,34984482,,0x6a0626903c2288a7ec964113592cf7a64c5c42e00bbfe8565257a1dc086726ce
1644,1644,0xA7f5c35464f41cCC9a227642AE0dA88c79564B32,dark,34984482,,0xbef922c86475d686aab9d97d072dd605d98f24c5b453e1d371873254344ab219
1647,1647,0x2EfED473D498d749DF0912C01EBB632D9EDacc19,dark,34984482,,0xa7f2b54e2bf48c03c63bf39a58b4aa64d9ffa1f7a795797dfea2d66dd1687cc6
1655,1655,0xaFa0aDb782345AAA73d9341F6b5C0Da0afcedeC6,dark,34984482,,0x526ec40dc51a7e3bcc1c28ad6dc929b2b811d54831ae947fe1eaa84c92b98907
1659,1659,0x71F9CCd68bf1f5F9b571f509E0765A04ca4fFad2,dark,34984482,,0x0ba1368ba60afe5b9ae600769872e121d3dc1b6ab53b26f90dca3114e1f3f33d
1661,1661,0xa64c6369C0d4c61AeeE1f8997bCfB4022F2C614b,dark,34984482,,0xd2516046225f66d5ec95b956721a4ce9c405c7268dcce366ea0669c7846450b7
1662,1662,0xc3A9D077eE4Dd815A030bF4FBFB9be3523919009,dark,34984482,,0xbb3097161f248dd7d18ccb5b3102cd2e9bcef48ba5692eb34494112f421a3496
1665,1665,0x4B75fC23Dc360538bef714662F4138A4Dcd518B3,dark,34984482,,0xe163f39ce6ccc4e0def43263cf60d24c8c574f0d3cd6c3c8a186bd644017f70b
1666,1666,0x9563CeFC253B87773786F439589cF96B333526e8,dark,34984482,,0x8f8f6a764636e2f52fc720aa43a251aca32465767ad339c0f90c25a885f052ea
1667,1667,0x2825CDb4A71AC7942DA889f1ff72d536a8209343,dark,34984482,,0x63409f5e570bd0080eb387878ae16b72d64c7f9967d8c14c2bd020f83bb55bfd
1669,1669,0xA4Fd253F9309DEC87393c92A6E305DD2D395A20a,dark,34984482,,0xbcd1e2461e86a2dfe5e2800735d147498eaf696ac27ce4204fab527d3d415d2b
1671,1671,0xaFa0aDb782345AAA73d9341F6b5C0Da0afcedeC6,dark,34984482,,0x880a31c4224bd177d683685ecd1b1de527bd2dde7626554a4d8cd24b0b2a8b35
1675,1675,0x16F5EF133d0D15B196A778d22BF1ec56f8f37C05,dark,34984482,,0x19b2683edfd4283c9565488bc0635cee6ff9f60afb1b7c0d29282149670bc535
1678,1678,0xA4074Ba612888227A9b9ac15cf7918F087A0DC47,dark,34984482,,0xa90cd60e5c744a0577f6f32f48c18f2fca7a0843760d6fb802165c9b7c2b7add
1680,1680,0xbb19A9546B1736f40507434043291FBf69652825,dark,34984482,,0x3772be9c67cae542d59c5b33b579da9f3bbb771ae3aa891309b8f3f47401efb1
1686,1686,0x29909b9c97845D5eb998B4AA41664a46c5dc35C6,dark,34984482,,0x7efb296809889c4ffe5823d62022fd8b453e3225212798687beddcfb86a6ee4a
1688,1688,0x7AFBcB572e7b0E67879EE3cCCef8Ec012dFD6856,dark,34984482,,0x281382b9489967080a76f4ec00868f0d4ef34f84ea969c3f65953df9ca3cadb5
1691,1691,0x06311bbBC751300f0E0320213fD6D16b668805e1,dark,34984482,,0x88c0a411ecdc4e2eeb158f27cee226ebd3990dc7110a3443f397dc37d1649e72
1693,1693,0x41211C627B79F3daB4eE89BCA89150C06eFe26Ed,dark,34984482,,0xc67fe71556baa9353d65d1210cc6a313617d849627d37848efc298f984871f26
1696,1696,0x2EfED473D498d749DF0912C01EBB632D9EDacc19,dark,34984482,,0x09fac40a086466196dcbf4c3ed572d7087cfde0fb42831d4bdb7adbba96f515b
1697,1697,0x4B21a4B2e88fE128f4851750811DFA9C64236a83,dark,34984482,,0xc4b1be3d0a117f7686fa936f4c4d242cb8b57caabb1139fb1567192c9194a149
1700,1700,0xB37FCb9607B2636Ce692061AD3de99AEC5d8435c,dark,34984482,,0xddc25f7560167f3e7a0975a3690c0155263c2c0676de1cf14f2d78327abded7b
1703,1703,0xaFa0aDb782345AAA73d9341F6b5C0Da0afcedeC6,dark,34984482,,0x19f62f74a4b5240e5843c9d8b1e009306570574c3a2ecea34540697d0bd8e12f
1704,1704,0xCa1a2fB7f3179D887504966b25d1606978AdcD42,dark,34984482,,0xaf0311a12f1b684d3586e452853db4009226293598c25ee9d8635e4bd79e22cc
1711,1711,0x344E5151d0Ad323Fc422d2a3B5d4fDC0200CcB4A,dark,34984482,,0xa98ee834a519ded9ca96088e8e5ebbf7efee440a7c610bfff1e81a03243fc320
1714,1714,0x8bE3F73A170EB7244e357c8D1Dd41696958340D6,dark,34984482,,0xcf53dbde3207565633a040ff0debe52163bb002727841b59cf055d40eac440c4
1716,1716,0x27dA6F24Cd437BC0A00469E19aD8342b7f2e50E3,dark,34984482,,0xea1eb83bba6e0def800d87b679f6624586f23c2f562b34ce56b89a88e4fdde6f
1717,1717,0xB37FCb9607B2636Ce692061AD3de99AEC5d8435c,dark,34984482,,0xf2786a03c4cb81c726122065b17eb746fa3c9ae1a687357f957cea8d5a5d21ef
1719,1719,0x2825CDb4A71AC7942DA889f1ff72d536a8209343,dark,34984482,,0x9a6a7355a0094007618d740c56b4a529fa0573ed06bd24272df37f632b4e62c6
1724,1724,0x7A8936abf4Bf77Db0B9cdc16eeb882CAdA259Fb3,dark,34984482,,0xf9a8162b3ba4854e52eb89a7bbe0c37f6dc1ff4efa1d535aa27fd661fb9588ef
1726,1726,0x4CFD59Ad1d7236Af5C98248435B38e96554CD15B,dark,34984482,,0x5d8ea0369fc5cfebef5e7b10e2452521b251be4b8ba82f5e742e237f1f76f8b5
1732,1732,0x8DDf5ce5C373F18c3cae5C720250deE928C5C07d,dark,34984482,,0xc8b454d4aeb91afc4a5d5689679623dd5e137505bb406c8b46dd63c1bef3e206
1736,1736,0x8bE3F73A170EB7244e357c8D1Dd41696958340D6,dark,34984482,,0xd6ac2c3d2562caae28e79f39d814bdcfce464d1f00d835be8da0145f86bb0258
1737,1737,0x9Fc71AdF531476BCf08FcD31e6eFF5F52c2f9Daf,dark,34984482,,0x161d9b9ec91875f2ed2efcc9ed36cdbcd93ff49ac1820293720a45be34fc6c44
1738,1738,0x05d3cD6859FCd219b4482Fb1D72743f07df8D606,dark,34984482,,0xea4dae80f78c1ee323e7af285407464929698e2d65a4711ed7791bf172d6949a
1740,1740,0x4CFD59Ad1d7236Af5C98248435B38e96554CD15B,dark,34984482,,0xd8e3deea3e1412d321eae869e72131a1c116432185a143c5cdb25ab5e7de3ebb
1741,1741,0x06fbB9E1c009398438bF81757d257E40561DDBD7,dark,34984482,,0x29baca05f53ca22545edddd84ff00eee4666c3903cc12e9e0de360583b1046cd
1742,1742,0x03FDef14113fFCe886A4B61FA08A0C747E87aA96,dark,34984482,,0x0ec5446e491d4edf60b09362f3752f5adc9002e22a8c637824d73d766566f215
1743,1743,0xe9132a6E4a610b796AbBA5fD4210911FafA55a22,dark,34984482,,0xcab7614600602b83e33684c0f9107135dbe99304d25ac8d3ea660e5a4e3f62aa
1744,1744,0x04B436555Dc69Ea4Bf8BA50d8C591E60443B3fF9,dark,34984482,,0xe91ee8d94ad3d23f1b7d81ae9138123c8ec2d9be00fe91d718630961f1662271
1746,1746,0xFEC90aBF3CB869Ef58821C85e418589D57BbD749,dark,34984482,,0x7341e690a249092d4fa32371fbe6180c8dd8ce8644bdd81b4c0627caaf68984a
1747,1747,0xD478046CBFFbE03cd6d4064C56bb492b85aE80d4,dark,34984482,,0xe36c6991f98e509a872e43c01c9761ac589eb8f96ffe5ade0bd397150aed2f47
1752,1752,0x8bE3F73A170EB7244e357c8D1Dd41696958340D6,dark,34984482,,0xafc2c3446f78952cb25a60299e35d743d87f4ac3abf1be2a29ae5b11d0b8eb15
1756,1756,0xaF9B245B0A1EfC3E94eB7ED5d09A841649712390,dark,34984482,,0xeea7015896cbfef83494b64e9386420d6ca1ca2aa8ed9ebc6ff2abcda87e925a
1758,1758,0xA4Fd253F9309DEC87393c92A6E305DD2D395A20a,dark,34984482,,0x972cd0c88319a50f407ef332397d75245900a05edfe2cc10f81e2da3ce6e3ac7
1761,1761,0xB37FCb9607B2636Ce692061AD3de99AEC5d8435c,dark,34984482,,0x0af470e8ad8cec07534c4b406ff0b1f3bc2dca4fd1febbcb8998f27d9c0eaa9f
1766,1766,0x9Fc71AdF531476BCf08FcD31e6eFF5F52c2f9Daf,dark,34984482,,0x01bf8067a8bf4ad46a8cf80aae466fcebf9507e6813340c81d1ca3b7e72f1e19
1769,1769,0xa6bb40f4B684C3bd8A08b081ECA34d3f4fA0bd0f,dark,34984482,,0xa4cb98975a827d50117f8294127fec304906606b2dbfe48ef6571e7183b33e06
1770,1770,0xb5F0452bB5358b3e2b73a8518EfED4BF647c8D1E,dark,34984482,,0xa5fa6a28348b6bc91a2e0f475f1baa243d4c43ec654ede9489127c15b8a6637a
1773,1773,0x6A92B04612F647F048c24951673d45471C7E18c7,dark,34984482,,0xf508f66c6aa8645e434af0d5805e0f24012366a2798fea018b2ec7ac21b7712f
1775,1775,0x9689B11B77D799181612227e474AF7da3F49A3e3,dark,34984482,,0x811eb531f814c96742fef84b70b1e57a19771a8e7981177ce743733fc6471063
1778,1778,0xb5F0452bB5358b3e2b73a8518EfED4BF647c8D1E,dark,34984482,,0x591f1e4facc2cc94918ce692ac51f164801d7b535efae00dec4137b073d60f71
1783,1783,0x2EfED473D498d749DF0912C01EBB632D9EDacc19,dark,34984482,,0xd5b6e390d9b0e282c00c296e7a368f4d8c18807384d9f0163dc0c7e08da72f46
1784,1784,0xf2a2Fea9DF87E9EF80876Fa740EFc556F27cD8EE,dark,34984482,,0x193b9d09941432f1ef8e6113a1774b27af4ae6e6a70f2e933548e9966628c626
1787,1787,0xf99A3402B06f7C3aDB6Dc9360Fe1213DdDDDdddD,dark,34984482,,0xae3148d044c3ed46cc71388c91f33718c16243df10506688be1113477892ed75
1791,1791,0x8797A47a9200b52Ee90B4c5b5fA5A0DeD56dD5F5,dark,34984482,,0xe3a234e7515dcb9d0f8de5bb7c791816d777be9bb5916065c453268be975b2d9
1795,1795,0x4CFD59Ad1d7236Af5C98248435B38e96554CD15B,dark,34984482,,0x86ed8c10d462ae47564cec735533aa4c3534c5a3dc3055271f507fbee5431db9
1799,1799,0xe9132a6E4a610b796AbBA5fD4210911FafA55a22,dark,34984482,,0xb2e8ebcb7692c596c32735c5fc14a67e24eb4afe48793ee311d9fdd1ca42c0e8
1801,1801,0x549DdB9583Bab764a8ff8f2B9e19e44eb0f23248,dark,34984482,,0x928f34f617808a107dde08a040dcebbec4d181fe0b872e2df8da8386c8b90aad
1803,1803,0x561A7818742874bd14f05B3f999BaB1FeAf4c84a,dark,34984482,,0x4f0710b05f52a1d1ae2edcbb920d767374bf9040f10e886bff9dbaa79b8b1c77
1805,1805,0x29909b9c97845D5eb998B4AA41664a46c5dc35C6,dark,34984482,,0xae3f3a45499f91eac9f9033537fbe27fb16bef56b088d3867164f123854e61c4
1806,1806,0xb5F0452bB5358b3e2b73a8518EfED4BF647c8D1E,dark,34984482,,0xd057b4b26cd4843e1b0d5ec8bf1f53f8a4cda7d84cd9e57c82408798b30e1a10
1807,1807,0x4A22064846B49393A26256a2a23402D4311421D8,dark,34984482,,0x2fb335d90448cb3a8df39a4456611777720908047557cc328f1cfc1b8437e2d0
1812,1812,0x8bE3F73A170EB7244e357c8D1Dd41696958340D6,dark,34984482,,0x974665e865690c2d978e785baa966b5fdf03d3bfa58eb3ef993125581360a441
1816,1816,0x4CFD59Ad1d7236Af5C98248435B38e96554CD15B,dark,34984482,,0x0244f11fef20c7b674031700622eb6793922885d94a2a47416270fe47e5d6fe0
1818,1818,0x41211C627B79F3daB4eE89BCA89150C06eFe26Ed,dark,34984482,,0x60e413eb5dee98fa012215d354766acaefeef9d05ba0c9e1fef37dddb16fdaa4
1823,1823,0x4CFD59Ad1d7236Af5C98248435B38e96554CD15B,dark,34984482,,0x1b2bcf70b070d5d7e05426f8ad8d494e35bfd8e0db1696b5a4462b50daf1c634
1831,1831,0xb265580A69C9B40AE89BeFd737Dccfa1F477893D,dark,34984482,,0xa89aa1785f56f9431f8dcc1ff88789972d49b80ef820bc5d8262b03b6e41e509
1834,1834,0x9Fc71AdF531476BCf08FcD31e6eFF5F52c2f9Daf,dark,34984482,,0xf1b0c1e7dc91b74d1178db61d056c6fcd96393b283d7935e32719c1514715261
1840,1840,0xbb19A9546B1736f40507434043291FBf69652825,dark,34984482,,0x803c4d6b4c9d20d614ca5a51e7a56364c976e527f4bc89b5b074e25553aa78d7
1844,1844,0x70D68897272e6FAac92E219bf14B00f702fe79fc,dark,34984482,,0x49a253ec2ded9ef59a5be2fbb7d78cc786b283c1cb05a5cddf8a9c170ad873b2
1849,1849,0x4B21a4B2e88fE128f4851750811DFA9C64236a83,dark,34984482,,0xbba16dc8af26582ad1cb2273d417f1ff1e5f504f8ed9a88496257191cf4db575
1850,1850,0xB568c1f18D80CbaFB3267976c0B95EFe76B2b38F,dark,34984482,,0x0676a3c1fdea285fe3658aa7bd7d7e3e6e46b89b2233c448430218b2be2ef9fc
1852,1852,0x70d94AA3AD899b5456E8B1199049F98E2aB36A55,dark,34984482,,0x54ab88bf7c22b72cdb0e3d833843aebd0d867c89875fb3a4ba8c508ba512c33e
1866,1866,0x03FDef14113fFCe886A4B61FA08A0C747E87aA96,dark,34984482,,0x48a0592b5f16e6ec8e80d976e5fec96bf609139cddfdbc1182f28bc38de6adb4
1867,1867,0xFF60c38F0343a8b8De07c9770266764c452A368F,dark,34984482,,0xb7107c5946acaa8cbe8b53d7dda8bff7c0489bb4e5ed4db122cc4f26b963efa7
1868,1868,0xbc1b79317926c9a991556f8aad586a51a01f71A3,dark,34984482,,0x76496fda1900b6b0e02b77f9a0483d2ce0e1e3620932f5bd88f1359c5050170e
1871,1871,0x6A92B04612F647F048c24951673d45471C7E18c7,dark,34984482,,0xc412330cdbada7b8163fc970fa88ec7c97156e2cad707030cec2497c38a334dd
1872,1872,0x39243FD5EC3762020bbfc1F980b920C88C3A493a,dark,34984482,,0xf135295e3f5f8f0e91ce10c162ef2975c78cdac6f32ff9ef030e50f10148fb37
1873,1873,0x2c875d3CEAFC35915715f213e10Ba2e53277F2f1,dark,34984482,,0xdd76df229549088cbc7ed1171d4937f43f3a1cb76f4a4db979e8001f16062333
1875,1875,0xA4Fd253F9309DEC87393c92A6E305DD2D395A20a,dark,34984482,,0x8dc6d2f2ce766e8263ed3354341fdfd953878d83df3f0b3333eb4dcc55a3df54
1876,1876,0x2EfED473D498d749DF0912C01EBB632D9EDacc19,dark,34984482,,0x1c4d7cf62a4da5c770538aa667f749c7e952c0692220707019ec5e44f0d3bbcc
1879,1879,0xa64c6369C0d4c61AeeE1f8997bCfB4022F2C614b,dark,34984482,,0x312edcb2036696de423cf099d046292e19a9b452cf90ff0aa667d626900defeb
1881,1881,0x530b7e7DF6A5B5F24ABa1373E6F245C5a72f8eD5,dark,34984482,,0x75c0f78cd8e7fc393e4255d4683b35a98c6ec43b7d2f739d694dba2ee1a36178
1883,1883,0x31caA6199D3FB1e193e968789aEa8b7dF4BA50af,dark,34984482,,0x7590c88be4ca1fd08b6712ab937b767b546696e944d484aa731232c99378a17e
1886,1886,0xA4Fd253F9309DEC87393c92A6E305DD2D395A20a,dark,34984482,,0x751cd907336ff5a31cbdae5ddb8258a584358d797450ca8211ac31a858ce2ad9
1888,1888,0x2EfED473D498d749DF0912C01EBB632D9EDacc19,dark,34984482,,0xbe330955b45a5e5a382e2c622f99c2b1f27da489537ff2dbf6cb253af2f5b90e
1891,1891,0xf99A3402B06f7C3aDB6Dc9360Fe1213DdDDDdddD,dark,34984482,,0x1818be63ba7e086ec2695b217681ca27d649d61e1c98798cd9bd151adc0e3d35
1893,1893,0x9c8FF2Cb10EB8306c98765ae3f9B2E8a4C6233EE,dark,34984482,,0x7324ced9aa91f876ba75ca2a92fa499ca95fa4647c9c51a7df3810d9cc2e1a1d
1901,1901,0xCa1a2fB7f3179D887504966b25d1606978AdcD42,dark,34984482,,0xb8551788c4631831f6807a7599e14a4cf26c380b85670d3997d7287d3142c64f
1905,1905,0x39243FD5EC3762020bbfc1F980b920C88C3A493a,dark,34984482,,0xe710707149ba36e784e52fd973468e8c670216f9db49a4ef492b4e9d4590b3f5
1906,1906,0xf2a2Fea9DF87E9EF80876Fa740EFc556F27cD8EE,dark,34984482,,0x3992530e0f3938c104bf2ee16d2ae84a4610caa1d9d48d63e6b83c4718bc4e37
1910,1910,0xA4Fd253F9309DEC87393c92A6E305DD2D395A20a,dark,34984482,,0xa5fd9a6c256f69fbdc028a378a34a473adc8f48756a3102acf16724267dbe40e
1913,1913,0x8DDf5ce5C373F18c3cae5C720250deE928C5C07d,dark,34984482,,0x5fec11ef0d2d2b2bce0934c17429bea91f98efc363c7e52b4f1d5cb669e0d056
1917,1917,0x39243FD5EC3762020bbfc1F980b920C88C3A493a,dark,34984482,,0xc924e047bcbae9d8df68fc62be9b1ebc8bb74c2307567c6a5f2675585aff9813
1918,1918,0x39243FD5EC3762020bbfc1F980b920C88C3A493a,dark,34984482,,0xd5e273b387794b7c96570367096a4ec557752b6b85613aac88f7858ddc5083b0
1924,1924,0x4592EB5e181945f20788Cb7f2DDa64F0b1900B49,dark,34984482,,0xb569e32ce5398a5bd8df6f4ebc7c3e8328d2b372564808e3002d456cc350dbc4
1930,1930,0x4A22064846B49393A26256a2a23402D4311421D8,dark,34984482,,0x8073b4b124ee5a322a0c637e6d02f398d3134a98743ce4871179a290be784e7d
1938,1938,0x2825CDb4A71AC7942DA889f1ff72d536a8209343,dark,34984482,,0xa87961d9286235e94e7964fc6d3414c224a02c440d7ae6f181a6718f53647bcd
1941,1941,0x5a442E8e51f58fd2d48C6E4cCD5144F709BB28D2,dark,34984482,,0x66d04632931c8f34e4eb93f31fc05c14945f8b459fdbcee3545ca9a963f93ea2
1957,1957,0xA4074Ba612888227A9b9ac15cf7918F087A0DC47,dark,34984482,,0x9cc8c02acb655492060f673a18b8c01180595380062be790e62d9a232f7a7dba
1961,1961,0xedE5aC95c306aDF9cDd1726FCab07aE709872Ac1,dark,34984482,,0xf4eeea145b4b4c35e269bbffe62b3aaf260299eeeee0f436a74fbbfcc7e03c26
1963,1963,0xA4074Ba612888227A9b9ac15cf7918F087A0DC47,dark,34984482,,0x2a40b16e3481aeb8b89920d9f0602671a8c9f6fa86750584927d473b3ee682f9
1965,1965,0x561A7818742874bd14f05B3f999BaB1FeAf4c84a,dark,34984482,,0xbe284dc694281f0fe0b20a3e528fcd2e34fb587d4e90ddb5137917bf8bc069f4
1973,1973,0x9Fc71AdF531476BCf08FcD31e6eFF5F52c2f9Daf,dark,34984482,,0x6c05e7c86ed9fbd8b0e157e46b4e77c2f851cc36fad600d65fe6ca1a923fa98a
1977,1977,0xA7f5c35464f41cCC9a227642AE0dA88c79564B32,dark,34984482,,0x2d597997ae287902b367cd1389828ab8b5c010021a9d3a898622d04b82b79b0d
1981,1981,0x237d44ff9c9A48bce5Ed6c337db3080Ec7967F56,dark,34984482,,0x238505c626e582237a96144d75485f5ec2e9637c31e0412cf56f8bb25f0b439a
1983,1983,0x9563CeFC253B87773786F439589cF96B333526e8,dark,34984482,,0x32a8a08c684354bcfd946090c435e415f33bac1ee2726213952b6cf508130c3f
1985,1985,0xa64c6369C0d4c61AeeE1f8997bCfB4022F2C614b,dark,34984482,,0x46492915ea748bb9f7e6483560c1de470ce08111c4c19ff8f3790969d137d792
1994,1994,0xD341c20d9b3A5F56b70f825432689bE78B8F2bFa,dark,34984482,,0xdc698d15312859fd5a8ae35d54f8f1271120907678ad31b4925be10b9c3674b8
1995,1995,0x9Fc71AdF531476BCf08FcD31e6eFF5F52c2f9Daf,dark,34984482,,0x3fba6d610319c935fdf5553f184d4431501c59432b531359fcdf5752886498ac
1997,1997,0xFEC90aBF3CB869Ef58821C85e418589D57BbD749,dark,34984482,,0x0911d0914cc4ff335d2664c5111bec86d325735149afa6ccf72c54ed19b4e391
1999,1999,0xBdDc59b367915f116c13B24050191502ed7C70b6,dark,34984482,,0xd7c2603e3f31e51cc5950ce18d716422b871b003975f19a5e14f28701762d01f
2001,2001,0x2EfED473D498d749DF0912C01EBB632D9EDacc19,dark,34984482,,0x82ae624ce0c7022ec5d3b94385532ec730c14138d5ec57709608bb685fef9156
2003,2003,0xbb19A9546B1736f40507434043291FBf69652825,dark,34984482,,0xe288fb92c967bc18562772493b71e4309058534d830fbb5307596e78b2cb47ed
2005,2005,0x390ee9C2455838d1718a02A80EBa9a63059268Cc,dark,34984482,,0x7fd688ad9861af2b9cda5cc4277ff3b8627c8b72756cf4724272af5ee83623c0
2006,2006,0xe9132a6E4a610b796AbBA5fD4210911FafA55a22,dark,34984482,,0xaf28615e6013a86b4a3a25fc32560ec104d6be8e5978b4ece3f1933bad43177c
2011,2011,0x18342C47E3Fc11aCeba1274EB04241f893F3989d,dark,34984482,,0xe934183cec57cd1fc168958cb511167d2a45f3e644ee1d5072cd1f92776e0233
2018,2018,0xedE5aC95c306aDF9cDd1726FCab07aE709872Ac1,dark,34984482,,0xd12be71d3024e62233dedf22b54aa7c7bc66a996379bd87683e0dbafa1e4fe02
2020,2020,0x2EfED473D498d749DF0912C01EBB632D9EDacc19,dark,34984482,,0x54fcf32b3a323afb08c7d5caf44c84401427bd7fb2aee10a5cfe817c85c8ec30
2021,2021,0xa05Ec35F7D1eBa823cff2ED26AeAED419683742f,dark,34984482,,0x6d211b7b707148843cb56dfd4d7d6da9957e28de3122ddc8be6a1c96cb136ac6
2033,2033,0xb265580A69C9B40AE89BeFd737Dccfa1F477893D,dark,34984482,,0x73c20a9e00c62c350b1e30a9aeec9f514e2fb0be5ba1895a65c21335ee955971
2035,2035,0xb5F0452bB5358b3e2b73a8518EfED4BF647c8D1E,dark,34984482,,0x32ee3f3672bc3dc6fc030e169cdf69071b88b759dffbbb93c1b7c5fb86d08dac
2038,2038,0x16F5EF133d0D15B196A778d22BF1ec56f8f37C05,dark,34984482,,0xff4dfef10b0e3dc5376a5e5bfa810edf403011b8ca9027d06025d0367a878d87
2039,2039,0x237d44ff9c9A48bce5Ed6c337db3080Ec7967F56,dark,34984482,,0x93ec0535989c7a808fc9ab82d24a6a0657dae8bca381a681b0c355c7d3c139ed
2041,2041,0x9689B11B77D799181612227e474AF7da3F49A3e3,dark,34984482,,0x6a3748bdcfcf2f6f3a06da1bdc3e3e8a499f7cd0a20fc0b34dce9fc99ce479a5
2045,2045,0xba4F262D8c37E161Fa97378782eCBdf7FFf37d25,dark,34984482,,0x71750591b6f9a91594e4ee5cf9df70303f54a61403d2e5b91bcb72725fabc817
2048,2048,0xB37FCb9607B2636Ce692061AD3de99AEC5d8435c,dark,34984482,,0x20da1fba70feb4640a9897ed941d56682bbc77828d2457a6b831af32e5cff612
2052,2052,0x80F8F79519acB54Ee85dB5Ab0e5dd1e3097Cc7ec,dark,34984482,,0xc31984414f3768aa0b781f1e1a8442e289c1d933259e03ff565cb9f22f45962c
2054,2054,0x2f0e30C09bdB8FfBe899b88c3A33E694F13EE47E,dark,34984482,,0x0e59f6f8f534d04e51e63f2a1b7ef5e6d4a7ee295ff90df0840799b62f708aad
2058,2058,0xf2a2Fea9DF87E9EF80876Fa740EFc556F27cD8EE,dark,34984482,,0xc30d5c34e92fcc95c719cf8aa625840f40c6b2f55cf723855e63042af5eb6958
2059,2059,0x39243FD5EC3762020bbfc1F980b920C88C3A493a,dark,34984482,,0xe412113eb4f6ad866b342ac0697d7758d1beb363f731597a3aef77bfdf6e3f6e
2060,2060,0x516aC603F68B405a4e382F08Bd5646bB07a29db3,dark,34984482,,0x4318a643bf82ee0c20aacee15cfbfaea023ee1cfb2eed3200b88a1e430eae87a
2061,2061,0xb265580A69C9B40AE89BeFd737Dccfa1F477893D,dark,34984482,,0x5399339b985a9172b7d8a040c3174ef55c89e6ad6aecade9f89150aeb81b0182
2064,2064,0x9Fc71AdF531476BCf08FcD31e6eFF5F52c2f9Daf,dark,34984482,,0x7ecdb3ca2bfb68ee6d6cc03e4c7100a0f9c34492fdbe57cf4da406ef46313b7f
2065,2065,0xD341c20d9b3A5F56b70f825432689bE78B8F2bFa,dark,34984482,,0xb91bb6f22fe5e96534acbdc423c4e965dbfd7dfd0f9a59dd109fa350718abe4e
2067,2067,0xBdDc59b367915f116c13B24050191502ed7C70b6,dark,34984482,,0xae2ba762a812f4b04890f59ee84614d867af0f1d8eadaa9b8c3d3e528a59af16
2072,2072,0xBdDc59b367915f116c13B24050191502ed7C70b6,dark,34984482,,0xd058d2bbd99a5cf833e9a2c3235ffa195b5d4fb2cefa2c8124468b2ad484dafb
2073,2073,0xFEC90aBF3CB869Ef58821C85e418589D57BbD749,dark,34984482,,0xc5646d39e8d35a6db217bf6e5d986156c77819807f53135829db930c2c261052
2079,2079,0x03FDef14113fFCe886A4B61FA08A0C747E87aA96,dark,34984482,,0xf9eb09ef3d8049c5ac92541ae5e0a038603079f81d5e0b7398c861a201a8d83c
2082,2082,0x2825CDb4A71AC7942DA889f1ff72d536a8209343,dark,34984482,,0xb4b67c06f2b2d7b9117a72a25da419ba08e402cd3ae0dbb26390035548ba36cd
2083,2083,0x6b06FD0181285Dd1BD4b3cfacE9E4a6685DE0C1a,dark,34984482,,0xe0c88e720cd1b0697786287b00a7fcf961e7f331e5be101974520d3937e50997
2084,2084,0xBdDc59b367915f116c13B24050191502ed7C70b6,dark,34984482,,0xade46e94f9f0294bc0bfba5373d267f59eb03925236c3cba1a7462855f4600af
2085,2085,0x2825CDb4A71AC7942DA889f1ff72d536a8209343,dark,34984482,,0xb16f175de0b46af80ffdf6c3d9522f6ac70e5b7d692496e3ae13bff523457394
2090,2090,0xe9132a6E4a610b796AbBA5fD4210911FafA55a22,dark,34984482,,0xdfa03741cf52f548587c834d2d9f174206c2daefbddb0aac7c13add6db082302
2096,2096,0x03FDef14113fFCe886A4B61FA08A0C747E87aA96,dark,34984482,,0x25d32fb5ea6187bc7d675bf6c888a7e1f28b087bfd8a6ec1d81a1782d9fb4637
2099,2099,0xFEC90aBF3CB869Ef58821C85e418589D57BbD749,dark,34984482,,0xaaed5e1a40909c0ea2817e524e1ec390ee5b1ed78eec5ca914d19c2de27f58ea
2106,2106,0xa64c6369C0d4c61AeeE1f8997bCfB4022F2C614b,dark,34984482,,0x6241ef16854300eeb2260d45190c8d992ab3e228f8b7fd2bc62d890ecebd4908
2108,2108,0xaFa0aDb782345AAA73d9341F6b5C0Da0afcedeC6,dark,34984482,,0x4b76693d0e1150bb04a2ac2ef3b10ef73dd2062575e6df65538b243dbab07567
2110,2110,0xB24796412345dbe99D9873C98c9d9ace9479fc71,dark,34984482,,0xae4b960cb9d0f8b799b7fdefdb2813bebe9bab38788798f426c36fc5d9fdfb48
2111,2111,0x8b3E4F5c90e838DeCE601176174A211c79058051,dark,34984482,,0xa99b77cf92f73bab01c8b6aa6855f0d299f975c75689605b52c53c6447530999
2112,2112,0xB28CAf14827255d4C791a853732bFF9C938b2cc2,dark,34984482,,0x7d3aae2cf5d0366fc4ced0afade430944d6c763df8b7b499970fe92872479546
2113,2113,0x70d94AA3AD899b5456E8B1199049F98E2aB36A55,dark,34984482,,0x454305607ad619fd2ee3b8cbc80a2354ac4c1eb1d5838e945a66a90a0620b460
2116,2116,0x324C30c4cd450EF781E7a7A7b685B30D2b0890A2,dark,34984482,,0x56e874443cd25f2ff7ce35d689da6a7a39932f3b26ccd995ba899622f5cc0793
2117,2117,0x46da67cf582331eb8e592023a9E9edef2a321111,dark,34984482,,0xc8f69749b1986ba5e3a0e60ea1ce8bcb739c3c8cf11a47b8e22ce3dfb1ebaf9c
2118,2118,0xb5F0452bB5358b3e2b73a8518EfED4BF647c8D1E,dark,34984482,,0x7480b8bc2c13baa936a00e072555c8001f5b8c6c42663211e8f83e0a7848aebc
2129,2129,0x16F5EF133d0D15B196A778d22BF1ec56f8f37C05,dark,34984482,,0x825b0440453ab1716d393a36efbe5ee133764ae48f593079a07ba728096cbaa8
2132,2132,0x16F5EF133d0D15B196A778d22BF1ec56f8f37C05,dark,34984482,,0x05817f1ab5ad1053cbb4cf312aec2b0b76db0fe7d580de59e3fc8acc6345650d
2134,2134,0xE99CfC98b6013B13EE0C669F09F7804505505Aa0,dark,34984482,,0xbfb1d931a1f23609bf799eebb27bfd2898071f9c45170f6a5cc435ee31921d07
2135,2135,0x18342C47E3Fc11aCeba1274EB04241f893F3989d,dark,34984482,,0x991cd2cdc8e7b66f8cb81ce9bef6f67e6cdeb5e3e3f52a43857203134c392811
2139,2139,0x58b984535e1c42E18Ceb4C320358350269f27D5b,dark,34984482,,0x3b4b08bc9c32b0cbfb1b79af75ebc3214f86a83578e212ae810390e3428f1c0d
2140,2140,0xBdDc59b367915f116c13B24050191502ed7C70b6,dark,34984482,,0xf9910c7fa2ab1a368d681f7c6a8cd8e738935070c9ba0f2f0743479506bfad35
2142,2142,0x06fbB9E1c009398438bF81757d257E40561DDBD7,dark,34984482,,0x41fae450eba3c72e4c0da0ceb13e14a778a1c2bcb0692909c53dd9e7cb9a7275
2145,2145,0xc3A9D077eE4Dd815A030bF4FBFB9be3523919009,dark,34984482,,0x5ed2c8217c37a1ca2891f4f8c8d93e9f0fb59ecf9e421089d74c46379587071b
2146,2146,0xF56fB2cFDF43eB2cB264CB1d7Ae0CE932b81eeFd,dark,34984482,,0xd162c78a6bf189eff04a44f20c5836b246a0c8d2548d0b0cb7ee2e8a3d991b14
2147,2147,0x344E5151d0Ad323Fc422d2a3B5d4fDC0200CcB4A,dark,34984482,,0x647ddb17d2a260f8d98879490f52a802f177d205f69edb3877c2ee4a0436561f
2151,2151,0xA4Fd253F9309DEC87393c92A6E305DD2D395A20a,dark,34984482,,0x6542a795b8a6bb91c01418b2c9cbc47b420b5b614311f28fa099109887872b24
2153,2153,0x8bE3F73A170EB7244e357c8D1Dd41696958340D6,dark,34984482,,0x5c6a9e37186dcac5a0e3da32a75eecbbe4e0fb4a54295b45abc71fdf1fca87cf
2163,2163,0xbb19A9546B1736f40507434043291FBf69652825,dark,34984482,,0xc9f0c1a4ec5814e1862d1370427a03069de6f164fb5f75ae5733a86c22c148a4
2166,2166,0x4CFD59Ad1d7236Af5C98248435B38e96554CD15B,dark,34984482,,0x9353214a8b14891a45e40618ee843c28de8a6bdfb669bda205ae1293f1c02d3f
2170,2170,0x4CFD59Ad1d7236Af5C98248435B38e96554CD15B,dark,34984482,,0xe93136976a10d7f33c2f8b14df6944a2f1780e56a86bdb7838b23e12ddf79a87
2172,2172,0x03FDef14113fFCe886A4B61FA08A0C747E87aA96,dark,34984482,,0xb0f12e5092de65f6f1141fba20d27a49a4d33b765f672a01a9759279002d1aef
2176,2176,0x1ff67d19f75ad2F9375db66d6d27F29BCe8b56D1,dark,34984482,,0xb75ab22346ea07ec230b392c5b95bf303dded1263729a38d5da1f7cedb4b06c7
2177,2177,0x6A92B04612F647F048c24951673d45471C7E18c7,dark,34984482,,0xc81b73812adb9a09bb18aa470bf777622218fed6efe453a645f2859c00ae3dcf
2179,2179,0x2EfED473D498d749DF0912C01EBB632D9EDacc19,dark,34984482,,0x5b3d9f417d382285b94efd94ea091c55af4806e250510824c1db902894d4bc17
2180,2180,0xA4074Ba612888227A9b9ac15cf7918F087A0DC47,dark,34984482,,0x11e10aa3ab169884fa4a8e2fe589e8386ef91e2325fff4ab5c1bfbf5615e204a
2182,2182,0x4B21a4B2e88fE128f4851750811DFA9C64236a83,dark,34984482,,0xb9cb596c05844eef38ccde5c911e4e0b42b27708f8306dd5df852df5ddda061a
2189,2189,0xC0d1FF953A6147556DC0c309509a2b15EA13a68a,dark,34984482,,0x66239aa43a7cfd1523b6316215d17ce2c23d8dfc23e1226bc9026712bdc4e627
2191,2191,0x516aC603F68B405a4e382F08Bd5646bB07a29db3,dark,34984482,,0x73f361bcfb3a36d19c522bc1b19c1d3e54fd9497de02b10838f330779e40930d
2193,2193,0x390ee9C2455838d1718a02A80EBa9a63059268Cc,dark,34984482,,0x8723cdcfb6b6c31da7a2c680c76fb509539cf04c53dd71e8723959fc346f7ed7
2200,2200,0x7AFBcB572e7b0E67879EE3cCCef8Ec012dFD6856,dark,34984482,,0x7bb3e250619403f8076f10ce6fb1c5e88fad99f0fb9885a4353c139fed7c0f44
2201,2201,0x8e17D17b46e67485603136c02f19f40130cC7049,dark,34984482,,0x781b91daa50d7b584f877b25f4a7491a5a9bd6646536465bf945d42d56d9e19c
2202,2202,0x9556fbd010dcF8DAFa5c6082C9c146e537d9Af74,dark,34984482,,0x710b631919776cbd88df43ccf418d1f283344189492b6f75151ad565101192eb
2207,2207,0x07F204F9A0007Bdb6F17e453bB1c2509d5A988C5,dark,34984482,,0x4b82c6c3e818cc1f412b80176cd0eb493dd0f8219efe23d7ea77196674c19489
2208,2208,0xa64c6369C0d4c61AeeE1f8997bCfB4022F2C614b,dark,34984482,,0x8514ac17bc7e879f04ffc0c7e435a87406f548977e8c93a56343c216f560adde
2210,2210,0x46da67cf582331eb8e592023a9E9edef2a321111,dark,34984482,,0x3a9e1798307d8beec5dde6e42615362f1b8f505f65f550a027d83783de4dd8ce
2215,2215,0x8bE3F73A170EB7244e357c8D1Dd41696958340D6,dark,34984482,,0x4574575f942e36238c81eb86033af0ace52b90fc21d01d87a4f3105192897e1d
2217,2217,0xaFa0aDb782345AAA73d9341F6b5C0Da0afcedeC6,dark,34984482,,0x0bc3a95ec9e923f5152fbac37125f9d87c2b0b9a44abf4fdf526272c450a8612
2218,2218,0x9Fc71AdF531476BCf08FcD31e6eFF5F52c2f9Daf,dark,34984482,,0x0c27e6d7a64996806e0e2d4a023a3cfeed49c6d023d13f837346a7015e53b701
2222,2222,0x4CFD59Ad1d7236Af5C98248435B38e96554CD15B,dark,34984482,,0xcdaed4ee2ea47f5cd4e9566821f94f3008483d9847b106b03905020e281425fb
2227,2227,0xb265580A69C9B40AE89BeFd737Dccfa1F477893D,dark,34984482,,0xe4ccb620966e74c684ce8d38528dea0838b0fa447abeade811ccfa05edd2613c
2228,2228,0x29909b9c97845D5eb998B4AA41664a46c5dc35C6,dark,34984482,,0x781cbe5c2e33716bcb569fe4a79bdf6cf47db0b6f8497d1095698ddc9313f038
2231,2231,0x2EfED473D498d749DF0912C01EBB632D9EDacc19,dark,34984482,,0x8aa482ca781f6d002d9cbfafc00e4f55b11a053eb42d40771fbfa82fc7991d16
2239,2239,0xD24425010163f25489100859740B45d26675b979,dark,34984482,,0xb27787aadf9ad129050d0e7b869b861ff88cf897dfd9b1c147ceaca674f94f78
2240,2240,0x4A22064846B49393A26256a2a23402D4311421D8,dark,34984482,,0xd5fc1df1d51f57e576a134228cea49ccad5c4703add940ae1ab6a272eb1db76d
2244,2244,0x2EfED473D498d749DF0912C01EBB632D9EDacc19,dark,34984482,,0xc188594d497e6b88d3743e07337ff8d59101662ef8d3fdf4daf8fbe65ae9342e
2250,2250,0x27dA6F24Cd437BC0A00469E19aD8342b7f2e50E3,dark,34984482,,0xb4508b59283c1ed734ddde0a1a4548f00a9fe405776163c29977e58e864e59a6
2252,2252,0x2EfED473D498d749DF0912C01EBB632D9EDacc19,dark,34984482,,0x0b1884d940823328887ddf1377de064828429608c2d4730b99868d2b670dfc04
2271,2271,0xc5e2B8f0E92fbB2095a13942482050aF0B836FeF,dark,34984482,,0x850470528f546e4929b5f9f046ac0534ead82997653ebf3cb8dc61977a9aa88f
2278,2278,0xf99A3402B06f7C3aDB6Dc9360Fe1213DdDDDdddD,dark,34984482,,0x073eb27b2541ca5182603e04456d02d61ed398972bca26ce39ff8f61de347fb6
2280,2280,0x4A22064846B49393A26256a2a23402D4311421D8,dark,34984482,,0x2140dee3c000aca06a34587f1d1ec8422b267b63c49260a9a6238513962561b6
2284,2284,0xf99A3402B06f7C3aDB6Dc9360Fe1213DdDDDdddD,dark,34984482,,0x7f184ff17e5738ce06bc4ffebe0a9cbc0e8b9c7a8a294e1252c40bc525356880
2286,2286,0xb5F0452bB5358b3e2b73a8518EfED4BF647c8D1E,dark,34984482,,0xc52ef4f143a37b6817c6a60ee53bd2caf5ba0745e4a84f8225920dcc105b7241
2288,2288,0x9689B11B77D799181612227e474AF7da3F49A3e3,dark,34984482,,0x428a88d6e74f84cd943a97bf24675f1b8f0ca6d77c1d0fb31bd8cdaaf2ac0a15
2291,2291,0x2825CDb4A71AC7942DA889f1ff72d536a8209343,dark,34984482,,0x0d0b93108b199850bd9f3e41ea7f22cc28e55af1309efd396b700fe44deaaa43
2294,2294,0xA7f5c35464f41cCC9a227642AE0dA88c79564B32,dark,34984482,,0x696e4b5f5d545fcd1ec9751011e7adeddf8a8e8e0717031e5de658ad4515503e
2299,2299,0xBdDc59b367915f116c13B24050191502ed7C70b6,dark,34984482,,0x50f39a884f6a500784aa8fecda59c51803bb249e8a6a87db74bab1165f66a96c
2303,2303,0xA4074Ba612888227A9b9ac15cf7918F087A0DC47,dark,34984482,,0x54115613cd8abf4a1a6f0cc4d4ef49e07ce93b068fe4f3da6644d38584832fe0
2304,2304,0xE96E9F95a5f4200dC7e27E966E4d6D84168a9BB1,dark,34984482,,0x776cab0fa5429be77ec42827173b240a1b7892f2d2e358f89a905fea049380a6
2307,2307,0x9c8FF2Cb10EB8306c98765ae3f9B2E8a4C6233EE,dark,34984482,,0x5e2c3ab1da0a312736c905cfd3819ab8d4a3a0e1cad580fe19c849dbb9f8ffae
2309,2309,0x2f0e30C09bdB8FfBe899b88c3A33E694F13EE47E,dark,34984482,,0x742b4661b11f46552f3c36b2e3864551e9b3eb9c40c7f19a19f98f8fad406c51
2310,2310,0xbc1b79317926c9a991556f8aad586a51a01f71A3,dark,34984482,,0xee6f431e9f7d3370807dc6b61bfc55bfc9ee4e418c86d530d4417a9e1b4f197b
2317,2317,0xf99A3402B06f7C3aDB6Dc9360Fe1213DdDDDdddD,dark,34984482,,0xd10e4ef2b957129837a3a4e1f945417e9fca9e9a5042b665559985c58b360f4a
2319,2319,0xf9897e405dCE1c0bF98Fc0AA0d35D128762cc824,dark,34984482,,0xc9c635d2ddbc4819486ef63e0e14ff007e10854637473e6e708089ed85e6ecf3
2322,2322,0x6b06FD0181285Dd1BD4b3cfacE9E4a6685DE0C1a,dark,34984482,,0x279af988c3bdec41c340001d304c788a32cbf6c363c0cbc80bbafde9e283c272
2323,2323,0xFEC90aBF3CB869Ef58821C85e418589D57BbD749,dark,34984482,,0x5c2ecd95779f039416bb0599d69dff8fc02fa25c9ad930be04a216cd328472f4
2324,2324,0x39243FD5EC3762020bbfc1F980b920C88C3A493a,dark,34984482,,0xad97578c93c3aa74c245b80f86f4134e44abc150bd4b94eee6443817b4199864
2327,2327,0x2EfED473D498d749DF0912C01EBB632D9EDacc19,dark,34984482,,0xbe564646d244aab30207c4f88ac37bd1dddbcbb0a1ff9a0b626935f3a71de930
2329,2329,0x549DdB9583Bab764a8ff8f2B9e19e44eb0f23248,dark,34984482,,0xdd2aeeb4a7770c291f17bcb283ef1fd464ebbe230277c1d50db2f14dc404d14c
2330,2330,0x2EfED473D498d749DF0912C01EBB632D9EDacc19,dark,34984482,,0xc0fb5a92e9b097782caff8d262a37dfacbd6f031f66916c276817e2eec951d23
2333,2333,0x27dA6F24Cd437BC0A00469E19aD8342b7f2e50E3,dark,34984482,,0xd55f9f46c4ec39dc217d3c8b314b9e798d6e536de05c481a6becad200bea01fa
2334,2334,0xbb19A9546B1736f40507434043291FBf69652825,dark,34984482,,0xc30bf1f23baa3191ba4e83f8debeda3fe48ab4721e35691c7c77647165e32d78
2341,2341,0x2EfED473D498d749DF0912C01EBB632D9EDacc19,dark,34984482,,0x529b04711e25b0ba5bb5ae283cc6c6626b31f7200dcc06edc4aa248ac716d1b0
2343,2343,0xBdf6BCfF10Dc7BDbcF1c186523434C65fD41a6bD,dark,34984482,,0x68590b044dc558324536a3460393c395a6a24fe92d64b0a9ee79fcfb6a4da774
2345,2345,0x5a442E8e51f58fd2d48C6E4cCD5144F709BB28D2,dark,34984482,,0x8955f7fb246cdf95bedaff9636a3d8e7a9adb28b9290fb430f05d8cf4f286138
2350,2350,0xe9132a6E4a610b796AbBA5fD4210911FafA55a22,dark,34984482,,0xe96b5566edc4b4f88a0f8e952c42b005b30d9f3bf364a918f10e33405a2634e4
2352,2352,0xFEC90aBF3CB869Ef58821C85e418589D57BbD749,dark,34984482,,0x86a42528edcd5a4501508ef562a7842ebec423b59d29f0ac6a75a870d4599b2c
2357,2357,0xA4074Ba612888227A9b9ac15cf7918F087A0DC47,dark,34984482,,0x4633900f86b4b5cb32b254cfad15b8cfe5290b269adca11ddbcc6a7870e167f0
2358,2358,0xA7f5c35464f41cCC9a227642AE0dA88c79564B32,dark,34984482,,0x5f9cc3c44fc43106b348fda8cbf262ac1bd0c1c088c48dc81c28c46a5f1b52b7
2359,2359,0xaFa0aDb782345AAA73d9341F6b5C0Da0afcedeC6,dark,34984482,,0x392e0a84790175b677dc8a2d0eb5da17416847fb6efaeb7d26327ee1a55256d7
2364,2364,0x8ABd6925DccE4b8b7f6F8F0f51bD0CF1B2707357,dark,34984482,,0x832d2224247042052c141cf9d35a78543815cffcaf275533d913999ed2839c65
2367,2367,0x29909b9c97845D5eb998B4AA41664a46c5dc35C6,dark,34984482,,0x28bb62475fdbf7a2cac8e6593a7e640beea46663895e03bd09791a668d00e264
2369,2369,0xBb952AdB375f5244f015e390F965efc1942E9226,dark,34984482,,0xdd54701811bc24a62e894fa254ea8bf8b9105702e6f3a836165fe00899ada97f
2375,2375,0x4B75fC23Dc360538bef714662F4138A4Dcd518B3,dark,34984482,,0x57e075a432f5305d4d4fddeefb856651b7602baa9fd34656c6b8644502de6f53
2381,2381,0xA4074Ba612888227A9b9ac15cf7918F087A0DC47,dark,34984482,,0x41b286b8a7722da2fd3d28084a47642b8de931e4019364dac4902b56693e3a62
2383,2383,0x03FDef14113fFCe886A4B61FA08A0C747E87aA96,dark,34984482,,0xe1cb6d91ed05db1dfe994bf5b6c693e83db7fb10ca298566940e8069b27317f3
2385,2385,0x16F5EF133d0D15B196A778d22BF1ec56f8f37C05,dark,34984482,,0xc025aad39c04a67303d3e7b9ce90017000bb1ec4ce2b0b089ae7c5aaeb2b6b59
2386,2386,0x16F5EF133d0D15B196A778d22BF1ec56f8f37C05,dark,34984482,,0xe62160be95d255323034aa8c5998fb707c042f8ab5116e70f0ba0e72b92cf37e
2394,2394,0x549DdB9583Bab764a8ff8f2B9e19e44eb0f23248,dark,34984482,,0x42d8e82160a95e35cb159782f56c6380adb3124ff84ec4424348a918f71dc2af
2396,2396,0xCa16b6208EfA84e543D48904f853265Bc2705Cc1,dark,34984482,,0x0b6359da3222c8c5d002a18d1c2c604af04e3d6a0655ba87af666dfd6bd94ab9
2397,2397,0x70d94AA3AD899b5456E8B1199049F98E2aB36A55,dark,34984482,,0xe03e0876b49c65b961ebc6100572d1f4e1235b08fb10639d39ef0c20a312a37a
2404,2404,0x2EfED473D498d749DF0912C01EBB632D9EDacc19,dark,34984482,,0xa74fc43867e14eef4b3c5d407916ded8ad2c1840e3203fc30eb1d32fe636e608
2415,2415,0xe9132a6E4a610b796AbBA5fD4210911FafA55a22,dark,34984482,,0xcf13647c29edb95f7c11968dae15f7e94f5c23b058da37fb411a641cc44500ac
2417,2417,0x2EfED473D498d749DF0912C01EBB632D9EDacc19,dark,34984482,,0x5e239171e5b9c7b031758533331eee2ad3029d53dd2b9c82bfb1e1b428657e5e
2420,2420,0x8DDf5ce5C373F18c3cae5C720250deE928C5C07d,dark,34984482,,0x9dfb124b9faac58e6c453bf3bce78c4a5dc7c9e0e9f4e592e41d6cc3503fa9ca
2421,2421,0x2538372ef861fA766C9AcF8Cb735CcA3415276D2,dark,34984482,,0x50593771b284cbfe5bbf372b918b6bb380fb441028e2566db5d1e3d36e778520
2424,2424,0x2EfED473D498d749DF0912C01EBB632D9EDacc19,dark,34984482,,0x5c666214f79a4a8a18a2484fbb502e19d7fc2e30be7d496d6b099997ca286908
2425,2425,0x27dA6F24Cd437BC0A00469E19aD8342b7f2e50E3,dark,34984482,,0x6e7bc3aca17ba337983c6617e6c248ac19b4f7ba0db16793ca51e11072bb10e6
2426,2426,0x2825CDb4A71AC7942DA889f1ff72d536a8209343,dark,34984482,,0xb25386b456d04de1197133b43089c4d376c4e3db2d1ab61de87ac00a08848105
2428,2428,0x4B75fC23Dc360538bef714662F4138A4Dcd518B3,dark,34984482,,0x0d1ac2e79266b7064214bf6cd3a84f0df91db691f0398d43af8fe83fd337a6ad
2429,2429,0x4CFD59Ad1d7236Af5C98248435B38e96554CD15B,dark,34984482,,0x454992d06686782d97c8b473ff6869d63b9e9ceb761d9e52506626387d883593
2431,2431,0xd720151e84fE0310B42a1fCC444A6fa6c149Ce99,dark,34984482,,0xe5825318f6a7dd764ecc82f5328c697daaf2543271e705c4b5584f05d11589b9
2433,2433,0xB0f840b7E0Aa17259f5036081d86F6c07d64930d,dark,34984482,,0x71f386044e2dfe7a249015a80a7274667dd19722bb19c73e909990f86cf5581a
2437,2437,0x9689B11B77D799181612227e474AF7da3F49A3e3,dark,34984482,,0x9b4ec56cb2262207d087200c873dae4309e6d27c3d314cd86e7c1f451939a551
2438,2438,0xc3A9D077eE4Dd815A030bF4FBFB9be3523919009,dark,34984482,,0xcd0855717a65dc452ea9358abadeee7d1195907e14aad5d238b16129df2369ed
2442,2442,0x4CFD59Ad1d7236Af5C98248435B38e96554CD15B,dark,34984482,,0xb985b81c3306056a48b3628b06bd041afe5a710ee997fc52cf7aa085f3639fba
2446,2446,0x9Fc71AdF531476BCf08FcD31e6eFF5F52c2f9Daf,dark,34984482,,0x28aa4153a43268ef5b940b0a933b66f93b832dcf9da73afe96d0f22724d6198c
2454,2454,0x6A92B04612F647F048c24951673d45471C7E18c7,dark,34984482,,0xa06b527c3956e4c4f50b915b6fab9a9a5493f41222a6380a502f50a0c9b221e0
2460,2460,0x2EfED473D498d749DF0912C01EBB632D9EDacc19,dark,34984482,,0xc43e954413d05fef6dbc85562169993a529606cd2405ac772d82db0df78d9d9b
2462,2462,0xb5F0452bB5358b3e2b73a8518EfED4BF647c8D1E,dark,34984482,,0xfb5e2a04b12b40e0eee5990f27ab03e99dfe28988124f7a4a716f31cc6e41209
2463,2463,0x2EfED473D498d749DF0912C01EBB632D9EDacc19,dark,34984482,,0x687ee93e3676c23f2110f48ff792b5706813aad53a1bfa97104dd1321cdde591
2468,2468,0xb265580A69C9B40AE89BeFd737Dccfa1F477893D,dark,34984482,,0xf699e15bc725f702e7253aaec10b106cb74b31c1be9c4a30434ebd5eeb7b05cb
2469,2469,0x46da67cf582331eb8e592023a9E9edef2a321111,dark,34984482,,0x3b2dee36c1a10e1b377172a44eb75e2a040ee6a9cdec414544712338d54579bc
2470,2470,0x4B75fC23Dc360538bef714662F4138A4Dcd518B3,dark,34984482,,0x256ea1f6fb77301ab161c71c18177f3c05e0622b1b37652053ddd958273512e3
2475,2475,0x8bE3F73A170EB7244e357c8D1Dd41696958340D6,dark,34984482,,0x3e6cd9cc84c4afc4a53fba8675f34ab51b61d55bdf3f06d086dd684bc3529ce5
2482,2482,0x2825CDb4A71AC7942DA889f1ff72d536a8209343,dark,34984482,,0xec2f4d01735d5890730e5d993c28282627dfafb24565a51d87c1c25e1e3b5a8a
2483,2483,0x8DDf5ce5C373F18c3cae5C720250deE928C5C07d,dark,34984482,,0x7a66c0ae3e6a2ce3ec7a72cdae1e2e84a89cfadc37fd489e2d6de0103dbd4426
2485,2485,0x4CFD59Ad1d7236Af5C98248435B38e96554CD15B,dark,34984482,,0x8f4292329083939b3ba4237482b1afe6095f61aafff793961f34201cfa8d0469
2489,2489,0x2EfED473D498d749DF0912C01EBB632D9EDacc19,dark,34984482,,0x6db8bc96700312896843dadb69277a5c30809c59be330fcf6f66f9940c212d82
2492,2492,0x9689B11B77D799181612227e474AF7da3F49A3e3,dark,34984482,,0xfb2281b0a5f1bdc730dd97fd494bcefe52b0329a46bcd3b57f0d1848bd75fdbb
2493,2493,0x4A22064846B49393A26256a2a23402D4311421D8,dark,34984482,,0x25f5b51302dbb86589c9ec6001c89f3cb390b1336373d114b7e0eadd74849b51
2502,2502,0xfcb20812630a0EEa6cFe62791F92a424b248d447,dark,34984482,,0x6166993f873aa9280e341d3eb90b17c0426a9d52e00be03ec3febf9c805460f9
2503,2503,0xbc1b79317926c9a991556f8aad586a51a01f71A3,dark,34984482,,0x35be107510e82db452fab883f497e7afa1c2362f8652853df89bff0b4010d25f
2506,2506,0x29909b9c97845D5eb998B4AA41664a46c5dc35C6,dark,34984482,,0xd1d7ca8313ddb79a6456292b8280265bfefe6a7c2693de9420c6638691d497b1
2511,2511,0x03FDef14113fFCe886A4B61FA08A0C747E87aA96,dark,34984482,,0xf8a2074b5c72cb9e7aeb914a7f9ffaabd2b1032a3a25a05548deec0d48cee087
2515,2515,0xef65cF8a7DbeB1fbF9E7EC5341B96c16424fD4De,dark,34984482,,0x6c43731d13023f8842991cf767d8082e8bcb5f367b95041b4491ad8896338f9a
2519,2519,0x8DDf5ce5C373F18c3cae5C720250deE928C5C07d,dark,34984482,,0x8a8fee360f02ace94a4157012572fb08dd31bb8b59a72bad5fdf43849252f246
2522,2522,0xB568c1f18D80CbaFB3267976c0B95EFe76B2b38F,dark,34984482,,0x8e566179c2241c55f5581d8be3a878293c9d8e4d331f13ace1de04f5753e4aea
2525,2525,0xf99A3402B06f7C3aDB6Dc9360Fe1213DdDDDdddD,dark,34984482,,0x4d7dcd57d8b44ec2878d283a24887777371bc29f775cbcdf574a1910f0b17981
2528,2528,0xeee2ED5D5699A78cEf90E7245BB92468CCD8702c,dark,34984482,,0xad1a72645413ef3e835aa7d55dff75993c6859f7860487a5e09eb0acda766326
2530,2530,0xa64c6369C0d4c61AeeE1f8997bCfB4022F2C614b,dark,34984482,,0xb2d529ad354771f5424f51fd38db7f23db290ea332400539aa1dd872d6f6ecad
2532,2532,0xA4074Ba612888227A9b9ac15cf7918F087A0DC47,dark,34984482,,0x484a59e599726c509956a7a55f8b9e20a0c8876de1dc3ae868b30322dafa15e2
2538,2538,0x4CFD59Ad1d7236Af5C98248435B38e96554CD15B,dark,34984482,,0x2c57bf39825c7d612ec20b50a1de94907aedfa51a4ac61a1c777ab06dd90fc73
2540,2540,0xb9EB251a6C80C88824dbB56473bc13189901bB99,dark,34984482,,0xc53c314a506febb18fe19ca553718ebe0628a0cf3fdfeca0ccbae91dd2f98bb8
2541,2541,0x46da67cf582331eb8e592023a9E9edef2a321111,dark,34984482,,0xdefb649916979c896e0ddf81a3fbffe88a4e95c460e05860cfc57719ba16e1bd
2542,2542,0x42b722fb26469B3c2D60b68d3d836be745c10517,dark,34984482,,0xba78bfcdf394c9b4c9cc9f7675839129b395268c82b247875e51e59755ef9219
2543,2543,0xFEC90aBF3CB869Ef58821C85e418589D57BbD749,dark,34984482,,0x3df408291d2af98983deb819f544b0e4bda95b1aac415245d1019d169fa836a0
2545,2545,0xb9EB251a6C80C88824dbB56473bc13189901bB99,dark,34984482,,0x0c09bc8964a5033ac604847f2efba5e99840326cff47532a7779616707191306
2546,2546,0xFEC90aBF3CB869Ef58821C85e418589D57BbD749,dark,34984482,,0xbed77d16dcc0123d1aeda0d9ff689885aa2d3cc1a49aadf154622cdc6fb96d64
2550,2550,0xa05Ec35F7D1eBa823cff2ED26AeAED419683742f,dark,34984482,,0xd949d6714f577db5aa5c4544343764ca0cb9d8dd6d3d186e9cb2e1a6d38b98d6
2551,2551,0xb9d666c6E61826545E2c8e26B46e11f501354591,dark,34984482,,0xab34cd4be13e9e760514865bf99cd5ec7f1da674d4e20d0f2ea2018e8b0efa0b
2552,2552,0x6b06FD0181285Dd1BD4b3cfacE9E4a6685DE0C1a,dark,34984482,,0x699a39a1ded4dd9f0e2b947804c1d525062ff072ef9bd399505829cd0a37d7df
2553,2553,0xa64c6369C0d4c61AeeE1f8997bCfB4022F2C614b,dark,34984482,,0xd9e0e81422385ee43e14f62bbae96a5a4ac94292518b683d2487d7e8ddde528b
2555,2555,0x390ee9C2455838d1718a02A80EBa9a63059268Cc,dark,34984482,,0x98e40e2357d8b65bf4ff394d705b476d5be86178fe107bc9547c25b766f8db5b
2562,2562,0x78abB89ba802f0B3794298339D668B4f2C280455,dark,34984482,,0x52173197158794ddf11065b066f1651a10ccc54966d556a0f16adce6c95783d8
2567,2567,0xEEdF66927405f7E5f98c623C303D1aA39d93Ce40,dark,34984482,,0x5ce0f60e159b99d1a8a263d0b2cc129a3ad9da3f1381374d8d86989e54f04f82
2568,2568,0xBdDc59b367915f116c13B24050191502ed7C70b6,dark,34984482,,0xebac354c3583613d30c8a6ae5582d3ceb7d5a4279d6118e037c69d3deb294ed2
2570,2570,0xBdf6BCfF10Dc7BDbcF1c186523434C65fD41a6bD,dark,34984482,,0x8c6c66e79ba27d798d7647690ba2cf50a81679c7708ab44a2b944379c5f08ebc
2571,2571,0xb5F0452bB5358b3e2b73a8518EfED4BF647c8D1E,dark,34984482,,0xe80364ec58b1989b707b7da5de43a7c941a0bc470276e2879c7c9a3663b95a0e
2576,2576,0x4B75fC23Dc360538bef714662F4138A4Dcd518B3,dark,34984482,,0xd2e3e350c39949c652aa2ec4a07d4bfb8e9677bc3a4ff5b3b4596882643e4a77
2584,2584,0xB0729b80eD1BE67EA096C5FB4E155b3d918282Da,dark,34984482,,0xd25c988d2aa23f2d96ffe0b828b9917df75354bfa61ad173c88d1d1c776d1011
2586,2586,0x8bE3F73A170EB7244e357c8D1Dd41696958340D6,dark,34984482,,0x54722d32a284ef25ebbbbf9d56f305ad8f908fcd96798862d005e2d02c1e0d19
2589,2589,0x4B21a4B2e88fE128f4851750811DFA9C64236a83,dark,34984482,,0x63df4387c97c6b6c309afcfb0bba9c0f0cd9aae3b3c6de0f981f514f770e87d3
2590,2590,0x9c8FF2Cb10EB8306c98765ae3f9B2E8a4C6233EE,dark,34984482,,0x14a2f4174e17f46e0a16ef634bd8b698290ec47114fb53e3c62c527b6b256a24
2591,2591,0xf99A3402B06f7C3aDB6Dc9360Fe1213DdDDDdddD,dark,34984482,,0x198333769178cdf87390ee64bbed57f6671094a6bcd4f2a627077155f63d82de
2592,2592,0x4A22064846B49393A26256a2a23402D4311421D8,dark,34984482,,0x11ad4ddd940f60b483bebc9e03110dfa2b19d98b027f6ebbea88e8887278cdf6
2593,2593,0x4B75fC23Dc360538bef714662F4138A4Dcd518B3,dark,34984482,,0xd54eb7c822f5cfc9f42ec05999f0783b4384504de8ea9f68eac420515cd48b3c
2598,2598,0x03FDef14113fFCe886A4B61FA08A0C747E87aA96,dark,34984482,,0x9d75265b0343786de02048f93dd8b28b0e41a02e4856916643faaf1883dfb926
2604,2604,0x2AeEF5786ce92f413EFcAe57dd13BEF94f99dFBf,dark,34984482,,0x891972eabdd10c711f4b13ee417c2d52d9bb00ea8bc71a6c3e0eb855a173ecfd
2606,2606,0xedE5aC95c306aDF9cDd1726FCab07aE709872Ac1,dark,34984482,,0x37097a831c5592eb59fca7293510c67ac367f446fdf620c8cb1b6db79ca0e722
2609,2609,0xaFa0aDb782345AAA73d9341F6b5C0Da0afcedeC6,dark,34984482,,0x80556cc5c43daf85919b807f3bd1aff0c742244d017958183c53bb5a1d6754c5
2611,2611,0x4A22064846B49393A26256a2a23402D4311421D8,dark,34984482,,0x005b7fa223d833baafc18d9f9ca1594822f0539cc35de786c5fc7207ab5f7e0d
2612,2612,0xD341c20d9b3A5F56b70f825432689bE78B8F2bFa,dark,34984482,,0x1aa5fea3fe7c249bac3b3b63e95ec86dccd79d506093583589d5422f7d70994e
2614,2614,0x18342C47E3Fc11aCeba1274EB04241f893F3989d,dark,34984482,,0x2a020d146cc85163dea6d22f8143f68534201961386b9b49284a59795176b255
2615,2615,0x622B0ed5cB7cF6b0ee9e14CE958A272f06602537,dark,34984482,,0x909add921a812df73eb8624f90ffdef3eeff04db90d4c0d7a6a0ca1833a0fbb1
2617,2617,0x2C9089CAe14A03Bdd892E842881e5bc479372378,dark,34984482,,0xf18c28f3a8f258f5e3d91aaa0d983235b852c7a25c4cde7be0c96d065d50eeac
2628,2628,0x05d3cD6859FCd219b4482Fb1D72743f07df8D606,dark,34984482,,0x6a61e357c23830cb7a302cee55b09881023848f57f5a5962ba31210d1750ad6e
2631,2631,0x05d3cD6859FCd219b4482Fb1D72743f07df8D606,dark,34984482,,0x33a750048d70ad559af05012261935105c18c0e29ecc658f13a7089ccb4bc72a
2632,2632,0x8ABd6925DccE4b8b7f6F8F0f51bD0CF1B2707357,dark,34984482,,0xe0999d7ab8e6aea6ab6d3d7f3282dbca1d370a1008551ae1f7550a0b6a3ea432
2633,2633,0xeee2ED5D5699A78cEf90E7245BB92468CCD8702c,dark,34984482,,0xd64c9cfb200e3946eeb8142e97f4a6951c1ceefcece4a3fd30843ebf6000544b
2634,2634,0x29909b9c97845D5eb998B4AA41664a46c5dc35C6,dark,34984482,,0x027724bed29961834f4e783779902a35f65707462c0cb634ef753e2cd2ce33f5
2635,2635,0xaFa0aDb782345AAA73d9341F6b5C0Da0afcedeC6,dark,34984482,,0x33b0ffaf4f93d4f55a86f5c7489bfe6d4e3f2ddac07df67b4e0d9a78415cf423
2636,2636,0x16F5EF133d0D15B196A778d22BF1ec56f8f37C05,dark,34984482,,0x98f76ce43d6446e59c5e71db15770b19fed43bdcdf4a3160b817794d45e4a071
2639,2639,0xbb19A9546B1736f40507434043291FBf69652825,dark,34984482,,0xd1e27854845019d22fb026989f79a263ee3201eb6803f2382cd9c146a6753e64
2642,2642,0xC80c6526e1EF095E90Dd9192F380c9EDCA753293,dark,34984482,,0xc77a80934d97996f9b31ec9f0a6d360980babc2108a2e4493f52c5cafe666094
2644,2644,0xb265580A69C9B40AE89BeFd737Dccfa1F477893D,dark,34984482,,0x6232dd824e5b14f9d1b8a398d973c442885e7969989752771d1e346e5a852de3
2649,2649,0xA4074Ba612888227A9b9ac15cf7918F087A0DC47,dark,34984482,,0xd55c76ce863ea9da546293919f836a11e60b1a59210ad983b2f643bda733d135
2653,2653,0x4CFD59Ad1d7236Af5C98248435B38e96554CD15B,dark,34984482,,0x3decb9376d0c91dd0bd827e750f97dd1d20052cc3760740cbc85ce9f00038459
2654,2654,0xaF9B245B0A1EfC3E94eB7ED5d09A841649712390,dark,34984482,,0x7b05d61072d03e26e50dd3e10909a479494fefa0b5820f052a1c495653872120
2656,2656,0x16F5EF133d0D15B196A778d22BF1ec56f8f37C05,dark,34984482,,0xa2e5791e5f363a6b79109c3561dbdec6f75cad1bbfaa510d2f8fa8ea75937c48
2657,2657,0xa64c6369C0d4c61AeeE1f8997bCfB4022F2C614b,dark,34984482,,0x7b648457087ac27703f74b9f15de8cd5dddbb276de08eda0258768683a1a923a
2659,2659,0x1ff67d19f75ad2F9375db66d6d27F29BCe8b56D1,dark,34984482,,0x95f637ecbe3899c600bfec28b0f54959609b7fffb8bfbce19454817b614f0de7
2661,2661,0x9Fc71AdF531476BCf08FcD31e6eFF5F52c2f9Daf,dark,34984482,,0x7d68b5238e04d6f7b44c002c9a8e621a0891dd3a2e99f40aba055842b92d271e
2662,2662,0x27dA6F24Cd437BC0A00469E19aD8342b7f2e50E3,dark,34984482,,0x6ad13602e5280cab1964379ec227ac5be0061a53a0c47aed361d947b930f82ac
2663,2663,0xef65cF8a7DbeB1fbF9E7EC5341B96c16424fD4De,dark,34984482,,0xa0231b82d57a7c1b44d25ed19b5f798affb12827c8d5dd08f6185b795983dbc1
2664,2664,0x2825CDb4A71AC7942DA889f1ff72d536a8209343,dark,34984482,,0x7ad0b28ee6b7f87e655fce9c1d84d23f86cfe4dcf88776b68073aca64fdb4bf1
2665,2665,0x2EfED473D498d749DF0912C01EBB632D9EDacc19,dark,34984482,,0x6ad7e5c24ad52d78b9e57764b14a26d3b1d7398871d41206b4399775f10d140c
2666,2666,0x6A92B04612F647F048c24951673d45471C7E18c7,dark,34984482,,0x1041c8060f4c41652309e3a3541b914e8d1ed73eebd32eb8898aeb658590a0f6
2667,2667,0xA4074Ba612888227A9b9ac15cf7918F087A0DC47,dark,34984482,,0x57e1c3ea41569e9b0e1cf985f22368381543730577c413e516a8ddcbfae7d51a
2668,2668,0xB37FCb9607B2636Ce692061AD3de99AEC5d8435c,dark,34984482,,0x4bd33cfc914cac8e411c2845b918cb2b2bd76c3c782c12ef9f5019342deb0f6e
2672,2672,0x9Fc71AdF531476BCf08FcD31e6eFF5F52c2f9Daf,dark,34984482,,0x10efb5051ed27d7ef9dbaad026626933bb1a885dc8ab135eaa2933fee5e23ef4
2681,2681,0x18342C47E3Fc11aCeba1274EB04241f893F3989d,dark,34984482,,0xf58b229f4315aa899490687af2ed213cc15d0c980b68fdce0b62197dd8fbc761
2682,2682,0xe9132a6E4a610b796AbBA5fD4210911FafA55a22,dark,34984482,,0x4f46331c6d4c567bb411a6b4be72c1d11fffc5a021274106e4980200a98b562a
2683,2683,0x237d44ff9c9A48bce5Ed6c337db3080Ec7967F56,dark,34984482,,0xcaee1b1ae62b0fcea5c2828bca3ae09925d948b8582c916720670b3a2219fead
2686,2686,0xa6bb40f4B684C3bd8A08b081ECA34d3f4fA0bd0f,dark,34984482,,0x52fe5c9727f4fa98db0f91b3a4d72bef6f6f160f93af173d2f9fb4f8259186e5
2687,2687,0xaFa0aDb782345AAA73d9341F6b5C0Da0afcedeC6,dark,34984482,,0x1964ecfc9a2911495be41d6211dd6f6e85d5d4ad371090ccb3867f99256c07f1
2688,2688,0x4A22064846B49393A26256a2a23402D4311421D8,dark,34984482,,0x61c874a1a43165a1899cb1be5ee85711f6b252d6c59511fd6c803e9fb7b45c02
2690,2690,0xA4074Ba612888227A9b9ac15cf7918F087A0DC47,dark,34984482,,0x856a6eb012e847467c7eb56eb4247335236c41afdaeb7c5f66eea602a3ce043e
2692,2692,0x8797A47a9200b52Ee90B4c5b5fA5A0DeD56dD5F5,dark,34984482,,0x05c2de530cbfd8bcb1809ffed20666b6180cdd9e4824d42123738fbbd6375907
2696,2696,0xA4074Ba612888227A9b9ac15cf7918F087A0DC47,dark,34984482,,0x0a772953fa67ecdc16137e82c71c6e9f60b42490d133dfa0d84e783631d1cff3
2698,2698,0xA4Fd253F9309DEC87393c92A6E305DD2D395A20a,dark,34984482,,0xf28c36e73084c32eeb57412dba1f8d63ecd172684b6d64cb944eedcdd497de5b
2700,2700,0xbb19A9546B1736f40507434043291FBf69652825,dark,34984482,,0xb79f9f12a07ad17dc5edba26c849a72b5f7054d48d77b2bdc491c741f0b500df
2702,2702,0x03FDef14113fFCe886A4B61FA08A0C747E87aA96,dark,34984482,,0x0b5ad39a31506898c5dc1b3872765c7fe383fe38c4559ce900cba1ff17cc6780
2704,2704,0xA0cDD98f639A36Dd504F3694D489C0d8203142D5,dark,34984482,,0x1b2a048f0b6a11d517b7fc4f1e6ac6bf87d41421432fb7f6f3d4a66d0bad37ba
2707,2707,0xFEC90aBF3CB869Ef58821C85e418589D57BbD749,dark,34984482,,0x6f905e23eef9a3d969bc1384e356c074abf0e991e7d5e1c6eb1d6d9ff0116b93
2708,2708,0x2EfED473D498d749DF0912C01EBB632D9EDacc19,dark,34984482,,0x301c97af2e44d57a93185c10dabe9f63db3d92dfd1f1a7d1db45c5b3097278d4
2710,2710,0x8DDf5ce5C373F18c3cae5C720250deE928C5C07d,dark,34984482,,0x6c113ac9362cc4cbb1894170f72ba811990d5d2f0b448259d8d0dd6ce2088284
2713,2713,0x237d44ff9c9A48bce5Ed6c337db3080Ec7967F56,dark,34984482,,0x474ded0ef05368dd9f8947c3f2f266694daea6df775e0ce07856fc2d7c53ceeb
2724,2724,0xe9132a6E4a610b796AbBA5fD4210911FafA55a22,dark,34984482,,0x0959534d77881a9c1bfc6e14f736d6ace6b5cdc9dc36923b83d9379038df2c73
2725,2725,0x3D874EAB2766bcF5ed67aA1E142722Ab347D17B5,dark,34984482,,0x3d54da4e2e4e3a629df5c0137e6bdd7e8beb5711d27c8849ccd7cefc0f62211a
2730,2730,0xa6bb40f4B684C3bd8A08b081ECA34d3f4fA0bd0f,dark,34984482,,0x4c16916e584d019e6353c555767df2758e6419a007e992e9e3ccc90e8be879d0
2735,2735,0xA4Fd253F9309DEC87393c92A6E305DD2D395A20a,dark,34984482,,0x93fe7339605dfe28868398b15fc239841a98600f704600500b5b6dd22384ce9c
2738,2738,0xFF60c38F0343a8b8De07c9770266764c452A368F,dark,34984482,,0x8ee9600e610ea996109d4617d3134772c93935d407f5fb815967a4ad405512c7
2743,2743,0xc77B5585cA3Cd4bEec6051CcA89921a2f01d9A5c,dark,34984482,,0x1412e4e791e8ca3d93640b83b743c0c50a6fb778d9bbed2bd27ce58690c47e31
2744,2744,0xf99A3402B06f7C3aDB6Dc9360Fe1213DdDDDdddD,dark,34984482,,0x4902471f9474da7dc79f623c670a0535ddfe9ee462dfdef9dd85cc1701dadd8a
2746,2746,0xA7f5c35464f41cCC9a227642AE0dA88c79564B32,dark,34984482,,0x52a3af24c8456a129da08a9504b0b03fc00842101e66c7e0bda09e799e07ac28
2751,2751,0xe9132a6E4a610b796AbBA5fD4210911FafA55a22,dark,34984482,,0x68ac99131e85fdc6bdd3cf74ffacd52defc307cd7488ec6f77dd3e3b5e5a3dde
2752,2752,0xe9132a6E4a610b796AbBA5fD4210911FafA55a22,dark,34984482,,0xe4afffe3f5e2a5d5e16e04506ba101f5512c6344091496ca9aab732315ed5d13
2753,2753,0x9c8FF2Cb10EB8306c98765ae3f9B2E8a4C6233EE,dark,34984482,,0xa7acec15947645ff0987b34ab25e9a951e57bd214dcdaaae8b51fa83382f827f
2756,2756,0x29909b9c97845D5eb998B4AA41664a46c5dc35C6,dark,34984482,,0xa642a7a17a6a664c2d3ec8bfc215576562e10fdc2b52426453d2d6ea72afe473
2763,2763,0x3D6c568199d0DA4dEfF969b962B97A305e7d1073,dark,34984482,,0x06248b7c5f4d5c25f55a38e558efa93f971c37757ecc52f4223be0a1bd671b3e
2764,2764,0x9c8FF2Cb10EB8306c98765ae3f9B2E8a4C6233EE,dark,34984482,,0x8061f534a6e2fcd486081128cdecaa704c3a0ba5f0d356e991dd26de94e92441
2778,2778,0xb5F0452bB5358b3e2b73a8518EfED4BF647c8D1E,dark,34984482,,0xf69134f3dfdbc19731e03ab0d8bc814d40566b87a2abbffa19074340a3a1c079
2779,2779,0x8DDf5ce5C373F18c3cae5C720250deE928C5C07d,dark,34984482,,0xe9453df5a6bc395df3472d27e247a011f13c5fb495d3d1589427c6d562a11a00
2784,2784,0x4B75fC23Dc360538bef714662F4138A4Dcd518B3,dark,34984482,,0x4581c471b83e0048a54b9d7f593e138c9e699c718c3c81601b042121a3319c91
2788,2788,0xd69a84c652280478bef1E7d6Ade0e8B79eD2558B,dark,34984482,,0xd8f54ce88463703252e711bd08d75273ca5006d0f86ee93d03491b80cd9f5939
2793,2793,0x4CFD59Ad1d7236Af5C98248435B38e96554CD15B,dark,34984482,,0x9fd6f18bacf196c53105f59aa0138a7d479310c79446f05223bb973c576a6a73
2794,2794,0xE99CfC98b6013B13EE0C669F09F7804505505Aa0,dark,34984482,,0x713ba131760ce0cfe29dde47f3dffcea9cd44fe4900e35c9e4da03297272baae
2795,2795,0x2EfED473D498d749DF0912C01EBB632D9EDacc19,dark,34984482,,0xf60ea4e8015756263c4c722fa55d3dbd6e398003d1c6326b64c240b88f597714
2800,2800,0x4CFD59Ad1d7236Af5C98248435B38e96554CD15B,dark,34984482,,0x15bc752cbc55763c93a174a524c33b117a9568ac4e7d2e5c27c842a316e985a5
2806,2806,0xa64c6369C0d4c61AeeE1f8997bCfB4022F2C614b,dark,34984482,,0xa3654f3c3c228ee1ede5660132f3f5a79023194b4ba099541a03139d8700f716
2807,2807,0xaFa0aDb782345AAA73d9341F6b5C0Da0afcedeC6,dark,34984482,,0xa8f9c4e84c3e8c0cc8bf0e48fd94c1e216a69a21640836a2d3c546bbedea1091
2810,2810,0x18E4508aE09a93a24006b7e36d2833659AC6602c,dark,34984482,,0xaf7081a3f77fb1a83304c8b44a535101c71a33bd8b88b2b0033207dbf1ebd778
2818,2818,0x8bE3F73A170EB7244e357c8D1Dd41696958340D6,dark,34984482,,0x44d0c7171bdf98b6727e6fcefc74dc5e13ac844c17e2a2dcf928468e429a2f94
2822,2822,0x2c875d3CEAFC35915715f213e10Ba2e53277F2f1,dark,34984482,,0x545f650363e19a93d91c23082bd9d2cedce3711e80b1cfe6ea3574dd26c83a46
2825,2825,0x03FDef14113fFCe886A4B61FA08A0C747E87aA96,dark,34984482,,0x125cf71a451df17bf9802cbb67362d717d8b0d92b3724b9b6834cd5b7e12cb49
2833,2833,0x9c8FF2Cb10EB8306c98765ae3f9B2E8a4C6233EE,dark,34984482,,0xd0b1669dc4616f763be20736ecec6d734d4bf67f5650f436580d0ff2801c51f3
2834,2834,0xb265580A69C9B40AE89BeFd737Dccfa1F477893D,dark,34984482,,0xfecfca3b668d6cf695cdae81cec570bac292621f09387fc40bdabd30c9e57660
2838,2838,0xcC3e0EE1138754e5642aD1545aeE553A8Fa851E1,dark,34984482,,0x86cb5120fe71e80b2832f9fa30326e1d026f85f527256fa63003f3fa17519a1b
2855,2855,0x4B75fC23Dc360538bef714662F4138A4Dcd518B3,dark,34984482,,0xea870d135d168f4d329a12f198ed83231c2d8058c10ba5a8743ca022f17d7e3f
2856,2856,0x561A7818742874bd14f05B3f999BaB1FeAf4c84a,dark,34984482,,0x327edc84511065f47af81610f1a0b449bfcd301e68b628a0c3343fb31ee50d2a
2860,2860,0x9Fc71AdF531476BCf08FcD31e6eFF5F52c2f9Daf,dark,34984482,,0x2132a88fe21116e345638c6b116b012e5c6f18fce12ce287cae43977c0d02f85
2861,2861,0xCa1a2fB7f3179D887504966b25d1606978AdcD42,dark,34984482,,0xc29f293b1e3c41d75ac54e27af267974b87f21f5bd7194d93f5fab0d223a90ef
2862,2862,0xa64c6369C0d4c61AeeE1f8997bCfB4022F2C614b,dark,34984482,,0xe0e8b53f0f1a1e68b966c459c9987c72faf16c6eec9a3a30ab3111070bdc7345
2864,2864,0x9563CeFC253B87773786F439589cF96B333526e8,dark,34984482,,0xbbf6f08c094dc45e0fa016e6bf1de94822c55bb27f325eac78958906b236f1c8
2866,2866,0xB37FCb9607B2636Ce692061AD3de99AEC5d8435c,dark,34984482,,0x64e068a2548529cd14cc5600f547377da92ac4a2d9c7bacce54aa2dc1a2a17e0
2867,2867,0xa05Ec35F7D1eBa823cff2ED26AeAED419683742f,dark,34984482,,0xd59f19355595dc48c4058f4b1c07216d13d35d799b831d4939866bee47c4ec6c
2869,2869,0xE96E9F95a5f4200dC7e27E966E4d6D84168a9BB1,dark,34984482,,0xf5100bb28131a9fd5c39f10d11a2d830c5c01811af96ed5430e5c5007128e8cd
2870,2870,0x4CFD59Ad1d7236Af5C98248435B38e96554CD15B,dark,34984482,,0xbc7b961938e0323af8dfe9c247593f6f84e6652a74efac6c8ea921fa0ab906b8
2872,2872,0xb5F0452bB5358b3e2b73a8518EfED4BF647c8D1E,dark,34984482,,0x0e05b3b3c9c7f350e3dbd46822ce4d092793227d16166c788f47e28d71d84397
2873,2873,0xA7f5c35464f41cCC9a227642AE0dA88c79564B32,dark,34984482,,0xc56d2e59c216747e10be8859765c0c65fafc68f3135945cf28358c7ac02e517e
2874,2874,0xA4Fd253F9309DEC87393c92A6E305DD2D395A20a,dark,34984482,,0x2f3e299984581c40eb387e08b7481445d6c9f0116cc3885fa7094951adbceaee
2875,2875,0x6A92B04612F647F048c24951673d45471C7E18c7,dark,34984482,,0x918feaed29e62f156b53e31b6ad08474763316ec12b5300febeb4b51c333db41
2878,2878,0xd69a84c652280478bef1E7d6Ade0e8B79eD2558B,dark,34984482,,0x35ea166d30fd1a1690ffa26aaa8a0dfc12fef727867590be3c31bd3315621210
2887,2887,0x9Fc71AdF531476BCf08FcD31e6eFF5F52c2f9Daf,dark,34984482,,0x04f5e0418e8f003e649721544762416d23c3949de6f0ecbb4be541ff487cdab4
2888,2888,0xCa1a2fB7f3179D887504966b25d1606978AdcD42,dark,34984482,,0x9a8ac4a854c7aa7630270902d2c73e0c7b1f0c93653eaeae4a858eeb7701b09d
2889,2889,0xB28CAf14827255d4C791a853732bFF9C938b2cc2,dark,34984482,,0xbc1d811074bbbe2c41d3c1cd50633a5c4b7d0a93f63e3a164c2eb3aeb1d09fc1
2893,2893,0x9c8FF2Cb10EB8306c98765ae3f9B2E8a4C6233EE,dark,34984482,,0x4a42b96b9f9cb1b3ab488a59c3580a96206320f3c02c4c018de1126dcdc8860b
2894,2894,0x516aC603F68B405a4e382F08Bd5646bB07a29db3,dark,34984482,,0xb0be051dda40e27b672799996f784d38e61110136f75d86b15f2a092ed1e3bc6
2903,2903,0x2EfED473D498d749DF0912C01EBB632D9EDacc19,dark,34984482,,0xd1803a44435c42cb267463a180a9492286f13b4af76ae9d09ad82839bf000f56
2908,2908,0x226c1cf05631AB8eb374acdBeA87b25f159f72bE,dark,34984482,,0xce11b9ee14b63878faef4a046ec8043c05125d2e5bd83e994416bf7a6562076f
2917,2917,0x16F5EF133d0D15B196A778d22BF1ec56f8f37C05,dark,34984482,,0xe9ab3dcd8e6d3a7f22114dc0eca51b9d47ec13743139b51b3cd9d0d3cb26bacd
2923,2923,0xa6bb40f4B684C3bd8A08b081ECA34d3f4fA0bd0f,dark,34984482,,0xd9dd9aa55c3ae2de809930430069714462985f4c35a30261c56970b70e019563
2924,2924,0x27dA6F24Cd437BC0A00469E19aD8342b7f2e50E3,dark,34984482,,0xcc73caa826d352617dbe92305d65d6f9d6d07e00ca26edde926c7cdaceffeca1
2925,2925,0x2EfED473D498d749DF0912C01EBB632D9EDacc19,dark,34984482,,0xb686bdc291597d0995ea25867ce3fb94dff13959582ce61bc0c6efd772c3aaf2
2932,2932,0x2EfED473D498d749DF0912C01EBB632D9EDacc19,dark,34984482,,0x5665f9c8d59400fcf348a28f39e2b4ef9f32a3954d35e2a2daae825357705c79
2939,2939,0xb265580A69C9B40AE89BeFd737Dccfa1F477893D,dark,34984482,,0x9787f4a9fc5f541f08b0b0b052d832e605880e31504a542a989894e1e3d2337f
2940,2940,0xA4074Ba612888227A9b9ac15cf7918F087A0DC47,dark,34984482,,0x9193ae3900216d189a0ce9250e2277a62e921140265c7681b4fdbfc6a235bb7e
2943,2943,0xa6bb40f4B684C3bd8A08b081ECA34d3f4fA0bd0f,dark,34984482,,0xef8fe0d81736bbb511343c78a014178ee463f431dc16de090806ca9146b7d1e8
2950,2950,0x78abB89ba802f0B3794298339D668B4f2C280455,dark,34984482,,0x7c89830416c1159adfca77d64e425c2612d490ae47d9628b52f58c6c5242dbbb
2951,2951,0xA4074Ba612888227A9b9ac15cf7918F087A0DC47,dark,34984482,,0xf2626fe4fefe33297ebf8aed29ff1062757d70fd7d58accb200fb9f3489c4c66
2954,2954,0x05d3cD6859FCd219b4482Fb1D72743f07df8D606,dark,34984482,,0xeb8600ced85530555b4510c023fcdec7474a08f563cd793e92b4f9422f4402ea
2958,2958,0x1Ef67B3a8822DD2A9263c6149F7268eb0fb6261d,dark,34984482,,0x887803dc4de237c8c4970d6ad19a023004b4780a907b2c3cbd3d5d0c8bdbf028
2961,2961,0xA4Fd253F9309DEC87393c92A6E305DD2D395A20a,dark,34984482,,0xe91d04cd8d1cfe4fd154f5de1d9c885eddadceb436d7722cbf3906a8c539027f
2966,2966,0xbc1b79317926c9a991556f8aad586a51a01f71A3,dark,34984482,,0xa533199cf1e4959494eb8c2b3fb318c11fb35b3b3ed41cf7e48e6dc569d3a895
2967,2967,0x9Fc71AdF531476BCf08FcD31e6eFF5F52c2f9Daf,dark,34984482,,0xe0618256de924e8de76757943287e754a6b36150c393b66bc1b1f0caa27b7454
2972,2972,0x9Fc71AdF531476BCf08FcD31e6eFF5F52c2f9Daf,dark,34984482,,0x657e0008936b3457c604e4820565175d0f9fbaa5668c86e816fb8cc1a8170393
2977,2977,0xa924eb14f3ec07f1940AE4076CcE9F9859044dEa,dark,34984482,,0x122bddefd364dafccdaddfb965ab6ec86310658d146ce127abb2136a4505e6e3
2982,2982,0x37bbFc32408449Ec4251bf3C2fef4F7CD52746ba,dark,34984482,,0x70f5f657874a1c03534863434a12eb75ee26a7aec66193a9b4b09d6cb6a1a04b
2991,2991,0xef65cF8a7DbeB1fbF9E7EC5341B96c16424fD4De,dark,34984482,,0x66a67756c36f0b096bff7bc4ab41bf8a8ecb7aa7061b408c5407bbe7d7b9f302
2994,2994,0x8DDf5ce5C373F18c3cae5C720250deE928C5C07d,dark,34984482,,0xc39ee49469993a2354c1fecbd1002e0671b304bc60ee5a5bb88c6b0dcfad5b98
2995,2995,0x8DDf5ce5C373F18c3cae5C720250deE928C5C07d,dark,34984482,,0x79c5611f670f013e3880738488423176f17397f7f161c365583e7c87116595bc
2996,2996,0x7E5C7f9E01e8b393FEe9cC59f1Add578eD6FDd43,dark,34984482,,0x094f3af66badb8c6be0d4f09382cce5f66e10137182919cefb12e20d6920a842
2999,2999,0xa05Ec35F7D1eBa823cff2ED26AeAED419683742f,dark,34984482,,0x4778f83945603552afd85631340cc3753c7d9ea4837c29bfbd03296677efae64
3001,3001,0xA4Fd253F9309DEC87393c92A6E305DD2D395A20a,dark,34984482,,0x4e37a5523a1d91c44402db4f9b920696e7fcf468001ddc04f6e297c9d44aad1c
3006,3006,0xA4074Ba612888227A9b9ac15cf7918F087A0DC47,dark,34984482,,0x6b165ba1808e8d32b4446ed2cc19bed1cb970a6c441318efc397818e72a6f8cb
3007,3007,0xa64c6369C0d4c61AeeE1f8997bCfB4022F2C614b,dark,34984482,,0x34f59fbb9383dddcfd8bc8205a3a689ae69f9dd186a76fd0cee794c271899df8
3013,3013,0xe9132a6E4a610b796AbBA5fD4210911FafA55a22,dark,34984482,,0xc3183fac30dbf87c97dd838eba6156d53de05989017015d103a68393e97c393c
3017,3017,0x516aC603F68B405a4e382F08Bd5646bB07a29db3,dark,34984482,,0x17f649d65674f168a4fdc0acccab368efa3f7d0334da98044bfe430511f15c6a
3018,3018,0x4A22064846B49393A26256a2a23402D4311421D8,dark,34984482,,0x555b4f00960b99398a1c9a073b2f10fc2743900b3d525c2c97a1737889df600c
3020,3020,0xbb19A9546B1736f40507434043291FBf69652825,dark,34984482,,0xde50ef39572fd5a825a1eb89c258ddba6848b4e86ae66b618db5574834d4da2c
3021,3021,0xe9132a6E4a610b796AbBA5fD4210911FafA55a22,dark,34984482,,0xb588d56faef428bd71540a3e3b990b9651760dd8dd7508b6c90bdfaa35783056
3029,3029,0x2EfED473D498d749DF0912C01EBB632D9EDacc19,dark,34984482,,0xfae7214f5c288521460a21f9d08f0d10676569fb53bad8bc9864f8119f55ba7f
3032,3032,0x4B75fC23Dc360538bef714662F4138A4Dcd518B3,dark,34984482,,0x2c3d7de5416f3a1cb4c00182cddcd398f0fc51c8453e73b680a671c44f0adf72
3034,3034,0x9563CeFC253B87773786F439589cF96B333526e8,dark,34984482,,0x9034d10ba02f2830346e88d666b4be3b794e233db3341c78bee9f78e251b20fa
3038,3038,0x29909b9c97845D5eb998B4AA41664a46c5dc35C6,dark,34984482,,0x1b74285de1d7a5d7fdd7693c8f546d5129d74dfc7af6fa259df0373d7444c3ae
3045,3045,0x1C0A5Fca1874E6D26D26E91c1273E32de3e51004,dark,34984482,,0xa09403c61335a2815280926e5feceb9c153ce7e48600948052d54aafac2810ab
3046,3046,0x2EfED473D498d749DF0912C01EBB632D9EDacc19,dark,34984482,,0x65a65cdcd655ed8a1676c61f618310ab336cc90d55646845a0b5f5e8b298ebba
3048,3048,0x8bE3F73A170EB7244e357c8D1Dd41696958340D6,dark,34984482,,0x7d8078308ca116b152382c3c9dc465cd2c9ac692116993f91765b7fd9bc53b02
3052,3052,0xa64c6369C0d4c61AeeE1f8997bCfB4022F2C614b,dark,34984482,,0x314ca8396b53c08d904da137852e8c7fb1280bd8594f1cf94788786f6d5d998e
3055,3055,0xB37FCb9607B2636Ce692061AD3de99AEC5d8435c,dark,34984482,,0x131701867b8c8641ec34f64ae8b8a0237d18f033b853028d75db412e492bc2a0
3058,3058,0xa64c6369C0d4c61AeeE1f8997bCfB4022F2C614b,dark,34984482,,0xbcad6b632d685467466bf68a9f1df0922abf45ee76b90cf8e29c66f54ec86aa3
3064,3064,0xcC3e0EE1138754e5642aD1545aeE553A8Fa851E1,dark,34984482,,0x176a3d41b16563f1d972bc1307e7583291b2ec537a58c2234c2e48f17afe114f
3069,3069,0xA4074Ba612888227A9b9ac15cf7918F087A0DC47,dark,34984482,,0xe4b4c93628d430c20469b8cd5bc58c2f674b0fcfc512cda9170d2dbd97a19798
3072,3072,0x03FDef14113fFCe886A4B61FA08A0C747E87aA96,dark,34984482,,0x9a91cb5932681c5d4421727034ce4a6c92930a5011502ec42d9cd12b674144f1
3073,3073,0x29909b9c97845D5eb998B4AA41664a46c5dc35C6,dark,34984482,,0xaa5a6c4aa0ec7665cad85ab3a48f9d280b5694e36b749a5b6e494575a132533d
3078,3078,0xE82EE30723ba8d368FB641786d7DBFEDc396284B,dark,34984482,,0xce788da14617e1bc5909cfa5b301da8f28dc944fb6d8b464f8ca14316e9837ac
3081,3081,0x4B75fC23Dc360538bef714662F4138A4Dcd518B3,dark,34984482,,0xfa96c53c1ab8c3725cb67e6740d3df656ff1c6d560b0f2cdddb633c059151520
3084,3084,0xB60453f825414620eE8C815A664FaD52B1030d8F,dark,34984482,,0x995c2699f729e03edb8b90247a924aa03cdbfde8c9986425cb15815cd4bd8ff9
3086,3086,0xbb19A9546B1736f40507434043291FBf69652825,dark,34984482,,0x5714dcaa28b648eb96f67a8eb20fd66c9f545c10a3b203f2387b0ca03a27796b
3090,3090,0xf9897e405dCE1c0bF98Fc0AA0d35D128762cc824,dark,34984482,,0xf3a4b5b8ede05e3e58817c9a1b03d59d396ceceb202eca579ca263cafb09f357
3095,3095,0x2825CDb4A71AC7942DA889f1ff72d536a8209343,dark,34984482,,0x14fbfdd37979321b2be1877266ad41108caba49ba41be997bd97f062805ef92c
3098,3098,0xBdDc59b367915f116c13B24050191502ed7C70b6,dark,34984482,,0xbaec2d02699f997806dc8d08ecd81ed5621c0f3cb5108c339220d289bef97de5
3100,3100,0xBdDc59b367915f116c13B24050191502ed7C70b6,dark,34984482,,0x01c3871f03c2336988e12b9b67ea23d096485d6d0ec6e90fd2d14d6c5a231ca9
3105,3105,0xf99A3402B06f7C3aDB6Dc9360Fe1213DdDDDdddD,dark,34984482,,0xa621289f46c64b56dd56990db443f378618bd479b36e2c3cf5ac8437044e1c9a
3106,3106,0xa05Ec35F7D1eBa823cff2ED26AeAED419683742f,dark,34984482,,0x9482359431d9a4b904497ac028988bde429c8889fa529a4e41825d756b38bfeb
3108,3108,0x9Fc71AdF531476BCf08FcD31e6eFF5F52c2f9Daf,dark,34984482,,0xd1c0a043f6aa68e4bd09fcce68766b609c662b5f2c2f39e08db6e093b555e251
3112,3112,0x9Fc71AdF531476BCf08FcD31e6eFF5F52c2f9Daf,dark,34984482,,0xfc9698da6980fd8490c3cec2879b19fc110653b64e060046d17d7c35cbf17e70
3114,3114,0xb265580A69C9B40AE89BeFd737Dccfa1F477893D,dark,34984482,,0x7b5c5dc4a2a5c5d9f62b0156f9b8df6f43040f901c2e5df86baa29e53e294cf7
3122,3122,0xb265580A69C9B40AE89BeFd737Dccfa1F477893D,dark,34984482,,0xbd84b87f28a7a14368ab53663ad4bc44a0afe6dbc6d02ee96189325efdf483fe
3130,3130,0xA7f5c35464f41cCC9a227642AE0dA88c79564B32,dark,34984482,,0xfcc243ed8f342d80866b458845c8d96fbcbf88af31d3ab3478e93998d18a3065
3132,3132,0xde79bd3bC8B883bCBC8a76593D6ca82097802f21,dark,34984482,,0x02dc6a51c0c9e1f4f7cb70c3836aaae04acc6142baa2f5c4b99834f16fbd5e2a
3134,3134,0xa6bb40f4B684C3bd8A08b081ECA34d3f4fA0bd0f,dark,34984482,,0x79e2379855ebd22b8c6fbde5f35abeff13c22561384d6514ab70480ead235b65
3138,3138,0xB37FCb9607B2636Ce692061AD3de99AEC5d8435c,dark,34984482,,0x6a68e2240176def753f1373587cea22c74a2dfbd40bacf86e7d6b4da87a4f0cc
3142,3142,0xf23817F6D701F514861fE44371756E3226DE8fEf,dark,34984482,,0xa90af9dbee3312e60ded397c9a9f0fd77fd5ad42b36b073641938f84312c751e
3147,3147,0x847c1B4F34E93D2ae81B9D099c3E52F53d9aBEa2,dark,34984482,,0xc00c985d9c54072e54b58f9cfe87522fe020b2b7600e87e75f9ff73114c3d064
3148,3148,0x2825CDb4A71AC7942DA889f1ff72d536a8209343,dark,34984482,,0x8ae0a5a01da943abc8775de99e3895a279075dbf400586594d9dc3348d35221a
3149,3149,0xa64c6369C0d4c61AeeE1f8997bCfB4022F2C614b,dark,34984482,,0xce151f264b2dcddff2a00a650a7b4be0721eefea384680c645b4cbd6ae62068c
3159,3159,0x9563CeFC253B87773786F439589cF96B333526e8,dark,34984482,,0x315cd1cfc8b82c0d35fe5f735b283c0dfbd1d92083ed7e4746c759d7d4f08c2f
3162,3162,0x2825CDb4A71AC7942DA889f1ff72d536a8209343,dark,34984482,,0x737ccfd276a704bfa85daa358f9a853b589cbe4379edcb75dfeff6e8ad34b1b7
3165,3165,0x4D6CBF442F0069A7640980f880Ed1715f0088523,dark,34984482,,0xe80f7efbf483adfa7ac040e4414e653c7bab45bd17e09eb302676d22f61347db
3167,3167,0x85B605B47A5323912615cb8Af834BB1c4716b794,dark,34984482,,0x48c68ae557747fd76d8c40ad2bc1efbb7bb8ca3a57ff0d1584c5360154cece87
3168,3168,0xB568c1f18D80CbaFB3267976c0B95EFe76B2b38F,dark,34984482,,0x5bd086066ee79406ef509d2ca66ccdf4acfb9ea504d91a3841483304f5bb8461
3169,3169,0x9c8FF2Cb10EB8306c98765ae3f9B2E8a4C6233EE,dark,34984482,,0x20bd11d05623a07308cd8ec3d262eb5e560de5323c7128cb6630fbbc8889c565
3170,3170,0x4CFD59Ad1d7236Af5C98248435B38e96554CD15B,dark,34984482,,0x93b1a1b2299c1bb1c5fc959a466293bb804eef73053a4eba6f04648aa6e999a3
3172,3172,0xFF60c38F0343a8b8De07c9770266764c452A368F,dark,34984482,,0x563d851e8d6b414e10f80997a9a84b51551484471817155f2480a5ae8c380f24
3186,3186,0x8bE3F73A170EB7244e357c8D1Dd41696958340D6,dark,34984482,,0x9bdac45b202772b2e7050e2a7d062cebfecf216d95e869777f2180bdbd81b666
3191,3191,0xA4Fd253F9309DEC87393c92A6E305DD2D395A20a,dark,34984482,,0xbb8ace62d6a126fa511ecbff86e2cceb3818acaa0834ddc1508706e979e723e2
3193,3193,0x4CFD59Ad1d7236Af5C98248435B38e96554CD15B,dark,34984482,,0x15a7d1c81254c96a7623b293d06a3ac192af4eab2dafcbf8fd8caa9b864f33e8
3195,3195,0xCa1a2fB7f3179D887504966b25d1606978AdcD42,dark,34984482,,0xf83c7263b17f7d1336a7e1943b7bdedd96c3ca88d184d0d0c4c50769382859d7
3196,3196,0x044890A8501fA742Cf3A9a4400f1921866b22076,dark,34984482,,0x47c622965f3ebf58455b59141396b3303e7a4f933070ce80f462a94aa1d8bc98
3198,3198,0x878ED5d91329eB8E024381f4a66218A60B6cC1A4,dark,34984482,,0xa9384c221a032ff965522d4d2a4eaafb9d0223385c40f91007e13e37c0ab5984
3199,3199,0x71F9CCd68bf1f5F9b571f509E0765A04ca4fFad2,dark,34984482,,0xb15ff38ed4b2742e47dca704d0fc04bd2a143b1c7c76f8c2fdce9eb493533e81
3206,3206,0xFEC90aBF3CB869Ef58821C85e418589D57BbD749,dark,34984482,,0x124fdb8473e5cbd24ac549dbc153cc1c62c5b6e57c1b8ed3a3b41819b5014f74
3210,3210,0x4CFD59Ad1d7236Af5C98248435B38e96554CD15B,dark,34984482,,0x13673742ae8a4f03e46566ba533949375639edb1303c6e2435379e1541976074
3211,3211,0xB568c1f18D80CbaFB3267976c0B95EFe76B2b38F,dark,34984482,,0xdb57e451e77a2dec85a343b625f25a83626097f4b271f938ba0c2859055c67c0
3219,3219,0x9Fc71AdF531476BCf08FcD31e6eFF5F52c2f9Daf,dark,34984482,,0x6d9c5ae517d107a0a343ed31874756fc4f8c95ca824d5234b473b667c9b18551
3228,3228,0x4B75fC23Dc360538bef714662F4138A4Dcd518B3,dark,34984482,,0x74c782e6e91e226c106adcbb9959d376a4ce0a55b58c604dd0c2748fb20a2dde
3233,3233,0x2538372ef861fA766C9AcF8Cb735CcA3415276D2,dark,34984482,,0xa30dcf891f97d240d0a6d24a21a106e3c236e792014a958ea94d7af8f9cb19b6
3235,3235,0xEB8fA47C5571354aA799902686536aDa2698d5CB,dark,34984482,,0x84cfa41d9d0c8577367e3c63b60c6ef6caa6a57367fbf60f147163e5eb0068f8
3238,3238,0xFEC90aBF3CB869Ef58821C85e418589D57BbD749,dark,34984482,,0x674ab76fb97e165f96bdc69086ce3552d935a8e28aaa154e8b8c68bb07be7f75
3239,3239,0xA4074Ba612888227A9b9ac15cf7918F087A0DC47,dark,34984482,,0x935c2572edeb8a0a29cb19cef22ec60d42da1da3843eb126be60fdfe86eb811a
3246,3246,0xA83B73f5644cdE337b61dA79589f10Ea15548811,dark,34984482,,0x9ab2cd3a0fe8ef9cd334dc6a471e183c290ae8d9c7509e83f5712407b64ab960
3249,3249,0x04B436555Dc69Ea4Bf8BA50d8C591E60443B3fF9,dark,34984482,,0x12d4e9e356492d6c09c02311905327987947ebc7061619b6a2aa08242dd3e259
3250,3250,0xA7f5c35464f41cCC9a227642AE0dA88c79564B32,dark,34984482,,0xa62ab5ad644fc81e4f8b3fc0079c65558058fdb5eb757016e564655aa743146c
3251,3251,0xFEC90aBF3CB869Ef58821C85e418589D57BbD749,dark,34984482,,0x42d5018032cfddcfdb552aea8c896023a0e82abc3e6227c9902c812aae8d274d
3252,3252,0xaFa0aDb782345AAA73d9341F6b5C0Da0afcedeC6,dark,34984482,,0xa76c8f40af4f1c4b32a9dbce03f7637764f9d5a5511e8eaed74dc5ad46a92a0f
3255,3255,0x549DdB9583Bab764a8ff8f2B9e19e44eb0f23248,dark,34984482,,0x5e267ba91db0a0ff9d9880b851cae70c9c2bd21adda770a2f89a5fbc5f937e7f
3256,3256,0x2EfED473D498d749DF0912C01EBB632D9EDacc19,dark,34984482,,0x59885d9369fd7ee443ceff59766caf59b1e2f439ac852f95dddc40bf230367ca
3258,3258,0xa05Ec35F7D1eBa823cff2ED26AeAED419683742f,dark,34984482,,0xca4c822d5144075088bfc144bd574cb47b2c0d60fe87b1a86dcf805b7a6cede0
3259,3259,0x2825CDb4A71AC7942DA889f1ff72d536a8209343,dark,34984482,,0x6c62a7f432a4f3cd2a81cba501b5feeedc948f026f261b101ac4394acbf037ea
3262,3262,0x9Fc71AdF531476BCf08FcD31e6eFF5F52c2f9Daf,dark,34984482,,0xb5999a45e8ab97788912ce38e1356d2ac9575faf5f0df4e59513d3a02cebc82f
3265,3265,0x226c1cf05631AB8eb374acdBeA87b25f159f72bE,dark,34984482,,0x14b636571a6a5dbddf4460272aaad39737fbbb545b5107f12cb2d11503c3cf69
3267,3267,0x03FDef14113fFCe886A4B61FA08A0C747E87aA96,dark,34984482,,0xc2b59ebfdcbacc13434410584c30135f049ef6ea4aad1592c7f48d06736fd0f0
3268,3268,0xA7f5c35464f41cCC9a227642AE0dA88c79564B32,dark,34984482,,0x805b3360f30dc0679c8f65ab3e1644d00646b6a70f94e4be3933e8ab2e1d592e
3269,3269,0x29909b9c97845D5eb998B4AA41664a46c5dc35C6,dark,34984482,,0x1a4717dbcdd1d4a1a3a7b88b6e24313989e47983ee2676cd47a685cf799c3b9f
3271,3271,0x8ABd6925DccE4b8b7f6F8F0f51bD0CF1B2707357,dark,34984482,,0x37b7e507501be0a2106d748816290f341f6c1f9d205dc1ebe0d40a525bc2ff3d
3273,3273,0xa05Ec35F7D1eBa823cff2ED26AeAED419683742f,dark,34984482,,0xac33598e80a4fbd9e0e8006364bc532b6adbc2555b030a18e8d588b33df2b933
3276,3276,0x16F5EF133d0D15B196A778d22BF1ec56f8f37C05,dark,34984482,,0xf9eee8a5d834e879fcc56fa8466d3783f359a7628dca4efdb927f89b1b690a83
3278,3278,0x516aC603F68B405a4e382F08Bd5646bB07a29db3,dark,34984482,,0x5f0888b34936dddd22fec704060e2463f98a1d6e3367e0401767fb19d3c688a5
3281,3281,0xB568c1f18D80CbaFB3267976c0B95EFe76B2b38F,dark,34984482,,0x7e07c3b9678391ac813660f7c88d264a685559e2afb7480cb5874d449a25c99d
3291,3291,0x80F8F79519acB54Ee85dB5Ab0e5dd1e3097Cc7ec,dark,34984482,,0x2cd6a0fcfad788ceb3a20f3a0db186859d37c0daccb1b4d4ec54fc13b7cbcbcd
3293,3293,0xf9193ec28E3BCA91F66265e269c2913625293c9D,dark,34984482,,0xb13251e305a777109fcd6058f8dd07b6ef3c1d846ed26d5e1417d57039f1abeb
3297,3297,0xa6bb40f4B684C3bd8A08b081ECA34d3f4fA0bd0f,dark,34984482,,0x21e8f3d0d76e3b3f5a4a904d2037f0abf524f3e7a59019592688ae81f6c41c5f
3306,3306,0x4CFD59Ad1d7236Af5C98248435B38e96554CD15B,dark,34984482,,0x400fa3c9d06c2cfa298e308673641fcd4b535a86cb89519d42fbbfcb2543f58d
3308,3308,0x80F8F79519acB54Ee85dB5Ab0e5dd1e3097Cc7ec,dark,34984482,,0x03226b70db2a01d8ef6e49e0c4fee334f3cf3434f7913cf5c610a302a47884bf
3317,3317,0x9563CeFC253B87773786F439589cF96B333526e8,dark,34984482,,0x00ff917ef9933f7b6ca646f60c2a32f386793c735bef07a250e37a1a6e66621d
3320,3320,0xb5F0452bB5358b3e2b73a8518EfED4BF647c8D1E,dark,34984482,,0x73a26d7e955b60fa6ad014997c42347cfb28f906f1c5199bd2038ebfc4c146ad
3323,3323,0xb5F0452bB5358b3e2b73a8518EfED4BF647c8D1E,dark,34984482,,0x7e8de08c33d9e203fe87731959a7096da5187f37fbe7b3f843f4e382a3393222
3328,3328,0xa64c6369C0d4c61AeeE1f8997bCfB4022F2C614b,dark,34984482,,0x0203802d36375edddae2215fcd015a4919f342dce84f5ff00798ee3b85dae7d0
3332,3332,0xb5F0452bB5358b3e2b73a8518EfED4BF647c8D1E,dark,34984482,,0xf7b07d0077f1f426406ba5f4f37421977ffb5f6367c607b46a8ce6d8b572cc5d
3337,3337,0xb5F0452bB5358b3e2b73a8518EfED4BF647c8D1E,dark,34984482,,0x98042ea7114dde72aa1db215ec2876b2774bd473ecb3ecd03c73cc6fadd4ad21
3339,3339,0xf99A3402B06f7C3aDB6Dc9360Fe1213DdDDDdddD,dark,34984482,,0xfda4cc3e8925bed2e5b243331dd1da269e9ea52a34bf263d20c3bad07f162e7b
3341,3341,0x99986bc9Ca50124a0D3D1ce6A8aB8e5559BC9999,dark,34984482,,0x1016503a9d44296b675140cfb522fa6ba0e7c5a0146c3de7b3aaaa8435603730
3348,3348,0x55e88acA5529a31b4E9884526b1C7339eBe22204,dark,34984482,,0x1a28594bdf0349cd4cc28b8ce3a94cd6151ba090dadd857f7524d29b1d2cd378
3356,3356,0xb9EB251a6C80C88824dbB56473bc13189901bB99,dark,34984482,,0xbb49ba838ee30ab1734a56d30466b97b56c7a0c9f1124a58e16968b59c0d7407
3357,3357,0x9Fc71AdF531476BCf08FcD31e6eFF5F52c2f9Daf,dark,34984482,,0x92184b1fd3794ef9320d8929401beddd7b0b7244081cb5c900710ec9414dfd83
3358,3358,0xb9EB251a6C80C88824dbB56473bc13189901bB99,dark,34984482,,0x59b5aa1ead43c40aa8642701bf086dd660ea03a1d7a963ac6ee672ae75a99cd7
3361,3361,0x324C30c4cd450EF781E7a7A7b685B30D2b0890A2,dark,34984482,,0x4f6ad95f403276937b15ea800afa3dc0b7bb2bff3f7208b26b096a1afde2c7e0
3362,3362,0xA4074Ba612888227A9b9ac15cf7918F087A0DC47,dark,34984482,,0x05b1ef0f7e04f4d998d53701cfdefca852991f229ac8439a84debc43ea7aad6c
3363,3363,0x9689B11B77D799181612227e474AF7da3F49A3e3,dark,34984482,,0xf4ff6df424aad9f31193591bc125a90c74e7737d197dca8acb2133cddaba8935
3367,3367,0xA0cDD98f639A36Dd504F3694D489C0d8203142D5,dark,34984482,,0x28e21e2df554bc52ddeda3a7dc1dcfe0e1d0b7714c07a412a976121c08a90177
3370,3370,0xf99A3402B06f7C3aDB6Dc9360Fe1213DdDDDdddD,dark,34984482,,0xa6f5cd77f62013fdc0b6b042c291244cd8da8912f092188808fbf11df85a02bb
3372,3372,0xaF9B245B0A1EfC3E94eB7ED5d09A841649712390,dark,34984482,,0x7db414153c67c8c4030b0af6d268bac0547cd13aedb6eb3a6d1e230d68451c3f
3376,3376,0x05d3cD6859FCd219b4482Fb1D72743f07df8D606,dark,34984482,,0x20d64b4827c30e4327ad0387926bde298d66fec008f805926bd7ff38dde1b44c
3381,3381,0x18342C47E3Fc11aCeba1274EB04241f893F3989d,dark,34984482,,0x3fe4c42481a68f46680b1d4d62948489485958119b67050a106785755dcd6b5c
3382,3382,0xe9132a6E4a610b796AbBA5fD4210911FafA55a22,dark,34984482,,0x4327f6c429cbfd5867f3a5b27f78d450debce7e88fb2ab6b4fc27e69d96387f8
3383,3383,0xa64c6369C0d4c61AeeE1f8997bCfB4022F2C614b,dark,34984482,,0x7bc25e6843fa44eb9ec926432972cc17a358a0fa92cf9ad0c375c9d9faf7da46
3385,3385,0xB568c1f18D80CbaFB3267976c0B95EFe76B2b38F,dark,34984482,,0xa492b4f84e8df4e7371cbc79f32cf6c64f8713ac7fcdfa4cefac77dd2c8d1fcc
3389,3389,0xeee2ED5D5699A78cEf90E7245BB92468CCD8702c,dark,34984482,,0xd0153a6c720db42b6c1330eae93b2c9c8a04c4563915b9be77693c1fcfee9220
3391,3391,0xAF74d99DaDd5A520318F44Aa3A4156C94aad307d,dark,34984482,,0x2a16c80f8f391f1e210ed2eb44b5b3a040570082e55270f66269d1bd06488122
3392,3392,0x8DDf5ce5C373F18c3cae5C720250deE928C5C07d,dark,34984482,,0xda010183a2737daefb85b0cb078915d18e7f72c923a8751a40544ff2ba70434a
3396,3396,0xCa1a2fB7f3179D887504966b25d1606978AdcD42,dark,34984482,,0x5a5dba38b4604119555785a40dd0793b03f4a6df00a7d6c58c05e733016d1b66
3400,3400,0x4B21a4B2e88fE128f4851750811DFA9C64236a83,dark,34984482,,0x7505f3c70431e4be715cf94169e5b3aca0c6556defbe7312d53123752a769e75
3401,3401,0xa64c6369C0d4c61AeeE1f8997bCfB4022F2C614b,dark,34984482,,0x0628d12af647400ee328a8286f5a53a8fdeeb7010a6cb5d8b7cad555398583af
3402,3402,0xb5F0452bB5358b3e2b73a8518EfED4BF647c8D1E,dark,34984482,,0xac887de75c0aea406bd2cce93e9abad712e239367f34aa53c5a20dd345ff230c
3403,3403,0x39243FD5EC3762020bbfc1F980b920C88C3A493a,dark,34984482,,0x2f614919349e92b76d372a25f6a6ea011fbb8a9ead936cf34954b01fb49a2965
3404,3404,0x2825CDb4A71AC7942DA889f1ff72d536a8209343,dark,34984482,,0x100f0aea24772ba24ea8f2bfa44d0be06bf3e2cda8fb19bb9964d77c627a86a7
3405,3405,0x27dA6F24Cd437BC0A00469E19aD8342b7f2e50E3,dark,34984482,,0xfd52c5160d3afc4279ade9dccf048860bff5617b6144f06fe152e7e2f87455d7
3407,3407,0xb5F0452bB5358b3e2b73a8518EfED4BF647c8D1E,dark,34984482,,0xb85f1dc9f547ad7704ac7f6703cfc9b6474773c87b3ee518700fc336e9b414a2
3408,3408,0xaFa0aDb782345AAA73d9341F6b5C0Da0afcedeC6,dark,34984482,,0x0b2f21a881bb49e524a43085b20bb114d81e22f2c3b21b4c278edb7cc968b9d4
3411,3411,0x9Fc71AdF531476BCf08FcD31e6eFF5F52c2f9Daf,dark,34984482,,0xba4412cb2692717551ba2d08680dd90d53d00ee64e4b2d4865304c3968ff50e0
3415,3415,0x4A22064846B49393A26256a2a23402D4311421D8,dark,34984482,,0x536579bea34b7b6dd39320aeaa8088e3b83140ffba8f7b027329688a6e0082a6
3418,3418,0xA4074Ba612888227A9b9ac15cf7918F087A0DC47,dark,34984482,,0x6cc71fed340aabb08ad4882b0765722316b420050f9fc2761aecd009fe22cb5b
3422,3422,0xCa16b6208EfA84e543D48904f853265Bc2705Cc1,dark,34984482,,0x29bd2a84aac4860ecd582d09bf24a8c5ed308fe2a21633214e1d460f6e6b64a0
3423,3423,0xB28CAf14827255d4C791a853732bFF9C938b2cc2,dark,34984482,,0x78e9b48a8551d2b71b97619d0cd5e4352ce00882317fda1697f2f7054bbfe840
3425,3425,0xA7f5c35464f41cCC9a227642AE0dA88c79564B32,dark,34984482,,0xc05d69a57df17d7ee6f5f81f220adba1f070ce1863af5b9d3772982aba02d0c6
3426,3426,0xa64c6369C0d4c61AeeE1f8997bCfB4022F2C614b,dark,34984482,,0x625074da1e39a924954b13f73ae9adf3b9c81ade374e13983ef8864d327e4161
3429,3429,0x2EfED473D498d749DF0912C01EBB632D9EDacc19,dark,34984482,,0x552549b3f2960384a057480b0e2fda165584703c5e567b92037dd33e45c8ae40
3430,3430,0x05d3cD6859FCd219b4482Fb1D72743f07df8D606,dark,34984482,,0x7490c35b49290d047538e923b5612fdb6383d64e360165be8c6d8bf4851e518a
3435,3435,0x39243FD5EC3762020bbfc1F980b920C88C3A493a,dark,34984482,,0x497f0e2d6c277f0d58b6ee5beabdae43b9d6c43ed2c6301a9884e41c22119f6e
3439,3439,0xb5F0452bB5358b3e2b73a8518EfED4BF647c8D1E,dark,34984482,,0x5d21a21ddd4cc6358f06328f1cd1d08101fd8ed857bcec98d4e356a1d2a834e3
3442,3442,0x4CFD59Ad1d7236Af5C98248435B38e96554CD15B,dark,34984482,,0x7988ffb58bde807785a14c8015737bb0598606f6101e0f9ede772591e3b23c66
3448,3448,0x8ABd6925DccE4b8b7f6F8F0f51bD0CF1B2707357,dark,34984482,,0x883c73e24ff8dee4516698d798d6076449b5dbede1d3e516438d1a01cc5d35da
3454,3454,0xCa1a2fB7f3179D887504966b25d1606978AdcD42,dark,34984482,,0xa365251a7f4f8f95894ede269a29feefe71da525d1f4a5930b4f2404797d2c92
3460,3460,0x8ABd6925DccE4b8b7f6F8F0f51bD0CF1B2707357,dark,34984482,,0xf79a1ddaec1b7ca851441c142056d21e2bef06ed39e8aa15e59e1cf8b4aa2b85
3461,3461,0x0945870F3c88c2Af9d92c7fc653bc7aFAcA9f0Bf,dark,34984482,,0x32a06c73504b175238b835d5d2b746cdc8eb07253e1b413dc2bc2880f7833c10
3466,3466,0xCa1a2fB7f3179D887504966b25d1606978AdcD42,dark,34984482,,0x44ff1c2b724755be80010550ef7c8f4ab8e9df07681eef1ca2c9011c280f7930
3471,3471,0x2EfED473D498d749DF0912C01EBB632D9EDacc19,dark,34984482,,0xb9cfffda7d645c36348c7ab06cfc14d6d2be462a54155bb5ec7b04ff7300bad4
3473,3473,0x8ABd6925DccE4b8b7f6F8F0f51bD0CF1B2707357,dark,34984482,,0x468a285466c737c418803718c76046bddeef7409869f549ccd36038a1360b10e
3474,3474,0xD24425010163f25489100859740B45d26675b979,dark,34984482,,0x8eae4d18b4ed44cba89e5d1d836e59f2f871bcce55f4c5ae01b433a087e98cfc
3478,3478,0x6b06FD0181285Dd1BD4b3cfacE9E4a6685DE0C1a,dark,34984482,,0x6300dafeb54cb0e647efa1b65151ad5f8737fe877a04bf402545e599d3f575de
3479,3479,0xa64c6369C0d4c61AeeE1f8997bCfB4022F2C614b,dark,34984482,,0x6616c781ea24de06079a097ba3d4d84ff731710d1f65711484895807df37b6b5
3481,3481,0xedE5aC95c306aDF9cDd1726FCab07aE709872Ac1,dark,34984482,,0x6b67bfd341b30ccf8ca5a11de88f7c5e72dff75315735b928788e75e83273dc3
3483,3483,0xB568c1f18D80CbaFB3267976c0B95EFe76B2b38F,dark,34984482,,0xbcd436e22f860d89d32fc21ea37d2eeeec659bdad0d0d3237115e4f0b8522e1c
3487,3487,0x70D68897272e6FAac92E219bf14B00f702fe79fc,dark,34984482,,0x398d13eb386851d9bd5164aa73fea07a023d84e19095962c39d923b4b1c3da55
3488,3488,0x2825CDb4A71AC7942DA889f1ff72d536a8209343,dark,34984482,,0x6bffa31e2c35d17fac4152398d463eb2728e42f5f6c6735cfe2b5b0c43fe9bd7
3493,3493,0x226c1cf05631AB8eb374acdBeA87b25f159f72bE,dark,34984482,,0x4870d39d4b23c8c415869d667206e7f2e75bc2aef97c2333d0b600347a8afc20
3497,3497,0xf99A3402B06f7C3aDB6Dc9360Fe1213DdDDDdddD,dark,34984482,,0xab23ac5010356d188f7c44e73bf9b28a3e2902d2c7b6641156a9f2092c68cf28
3500,3500,0x8DDf5ce5C373F18c3cae5C720250deE928C5C07d,dark,34984482,,0xf2f4c26b6a0273b0b7678eb9749c06a9513a4389236a05e6e21c61ec3f7b92e5
3502,3502,0x43867c4fF90Fd022bA8f424e204814E0037dF0A1,dark,34984482,,0xff533dee89ca1faac779dd2f4d09aad7acf5efddeca02fa4ae874c19b93e2abb
3503,3503,0x6A92B04612F647F048c24951673d45471C7E18c7,dark,34984482,,0x9702a8c92fbf4fb63e0c9fa8c9d895f4f4b53e2ac4ed28f28015de1d8ea0e3fb
3504,3504,0xef65cF8a7DbeB1fbF9E7EC5341B96c16424fD4De,dark,34984482,,0x5800c1970c15504d19b3ffc516832666cc63b2ba3ecd7656300ad0af08fb295b
3505,3505,0xa64c6369C0d4c61AeeE1f8997bCfB4022F2C614b,dark,34984482,,0x5b393ce1a06e29b66f7ce28fb5a9c386a002fcd6963ee5cf3b688d5160e986a7
3506,3506,0x622B0ed5cB7cF6b0ee9e14CE958A272f06602537,dark,34984482,,0xc6269912459ad2b2c1400bd1a7b0f6c84f14b21c2cc9c7f2566a298675a7f034
3507,3507,0x16F5EF133d0D15B196A778d22BF1ec56f8f37C05,dark,34984482,,0x040bab3de72f2d2ad046c4dd5ee5e64a0e7357ac7a9bcb98b0e249922bcff16e
3508,3508,0x4CFD59Ad1d7236Af5C98248435B38e96554CD15B,dark,34984482,,0xa0ffccf41af8af84fb47d07f0f29d9c7ffe390e5185d0341fb01465ee83876ca
3515,3515,0xf99A3402B06f7C3aDB6Dc9360Fe1213DdDDDdddD,dark,34984482,,0xd426c7b5c81ee9f8f6895c9fa831a67d9a8dce72b60687722bac2c7c298548ff
3516,3516,0x4B75fC23Dc360538bef714662F4138A4Dcd518B3,dark,34984482,,0x74ce8afa3c585f6288216ba4f4b7a697ba0b65a80f20ea44e65d6d806717753e
3517,3517,0x4CFD59Ad1d7236Af5C98248435B38e96554CD15B,dark,34984482,,0x785f44898ff0af460912434d55894c831aa7ffdaa5d2ec3607037eb8a2ad00bf
3519,3519,0xA4Fd253F9309DEC87393c92A6E305DD2D395A20a,dark,34984482,,0xbbaffd8f31906e220f5183656027153fbd9f8cd19452f7d3d86ab98037da6ba6
3520,3520,0x39243FD5EC3762020bbfc1F980b920C88C3A493a,dark,34984482,,0x54ec7fd0a6dde78bb02121f7b4c34faf53e5863328a5e21f7c4ea40561d1178e
3521,3521,0xbb19A9546B1736f40507434043291FBf69652825,dark,34984482,,0xaf254d507729235037fdf439f46280b8f98db4c64b1e8af92d0538f6d9177956
3522,3522,0x2106f3068aE38d77235bDf3e28f31177dCfaF951,dark,34984482,,0x94252bbb91ec2769f950fff263c632b25f218fc47c7a241e9eacb45bbdd41c35
3523,3523,0xA0cDD98f639A36Dd504F3694D489C0d8203142D5,dark,34984482,,0x6705bc38cb00ac29b90d577fe1b5c4aac8769816053cd92898b9b73427794411
3524,3524,0x4A22064846B49393A26256a2a23402D4311421D8,dark,34984482,,0xdaea7058da06fc5ec00ae1b39a62ce8cce7851fe38edee15492ce6023271818c
3525,3525,0x9Fc71AdF531476BCf08FcD31e6eFF5F52c2f9Daf,dark,34984482,,0x000fd75baae84bb7754acf602691d5ef8cb4a2f44292a8a907fe5452ce170bd2
3529,3529,0x03FDef14113fFCe886A4B61FA08A0C747E87aA96,dark,34984482,,0x0e897f9c012ea05cb8e819528136071ade49f9187ec47b2af6dd4880a3480406
3531,3531,0xFEC90aBF3CB869Ef58821C85e418589D57BbD749,dark,34984482,,0x062bb147dfc6ae480f6ac80f0ccd622b9d95c21f303943d971153018aec9fd02
3537,3537,0xf99A3402B06f7C3aDB6Dc9360Fe1213DdDDDdddD,dark,34984482,,0xec3a27ba76230d46ab4e46d8ddf6165ef0bf0932ecfa549727f715e2932e649d
3538,3538,0x99986bc9Ca50124a0D3D1ce6A8aB8e5559BC9999,dark,34984482,,0x9b5f4511703983532c9ce3f62f174504f6365ab8e2f4906fa6cab4870e8e7096
3544,3544,0x2EfED473D498d749DF0912C01EBB632D9EDacc19,dark,34984482,,0x3296441d7a1f44a4b3dcae7a2ef04b0164a1d50f60ec5f7684aac1e16f3d4477
3546,3546,0xf9193ec28E3BCA91F66265e269c2913625293c9D,dark,34984482,,0xda0f643b7efebb89a492bd0eadbc013bd364e05d81ee4a973b6217f3914dfc5a
3552,3552,0xCa16b6208EfA84e543D48904f853265Bc2705Cc1,dark,34984482,,0x7f912364dc441fce3321e3b05514feff1b68d905c553107f6206393d73f6888a
3553,3553,0xa64c6369C0d4c61AeeE1f8997bCfB4022F2C614b,dark,34984482,,0x53c731c9e11cfb0439ca262e1e2d48e619ba979dcfa9338c0ff976bb7ec57cad
3555,3555,0xd69a84c652280478bef1E7d6Ade0e8B79eD2558B,dark,34984482,,0xfa6cedddf1fd4f0b7975e934749b4c39e9f48ef575e49ef9d23129d2df044187
3559,3559,0x088A68D2044Bd36C3Fb8A3E9C1aaF72C5eBa1349,dark,34984482,,0x03ba4fc3a77b6b77e50b1e5e1ce52c0a1ed01f8fa13dc6918986321e1a1b06f8
3562,3562,0x4A22064846B49393A26256a2a23402D4311421D8,dark,34984482,,0x9103ee61d32f6e5724e1e467cef49e3939838b046238faac08abb87e29608515
3564,3564,0x8DDf5ce5C373F18c3cae5C720250deE928C5C07d,dark,34984482,,0xcfb53087b9147fee855c96834848c2adebe69c14869872c3c83031769df960d2
3565,3565,0xaFa0aDb782345AAA73d9341F6b5C0Da0afcedeC6,dark,34984482,,0x6f814e423fed753d7ac9935156b9a34afdc7ddf8de7fb23951e48457b368cbb5
3567,3567,0xf9193ec28E3BCA91F66265e269c2913625293c9D,dark,34984482,,0x392c57d3cad7f3e00b6c9c209da253ffa803f0afc89e82c20d4b11cfd0e84fb1
3568,3568,0xFEC90aBF3CB869Ef58821C85e418589D57BbD749,dark,34984482,,0x2269ac1275024d19549e913ae7b3c08ff8fc3d4f53d142e9bee794384086d07f
3573,3573,0x29909b9c97845D5eb998B4AA41664a46c5dc35C6,dark,34984482,,0x57867b7f207238466e16de3a58303743e1f22da0cfcea719cbcc86a31dfce5c4
3575,3575,0x38C67E503709eE25E783388aE9aEE5B5DcB4A935,dark,34984482,,0x976a1b60123325dd47daad5c12e7dfc8f2855e3f8ab4b2b77a136e23169ddbb4
3576,3576,0x8bE3F73A170EB7244e357c8D1Dd41696958340D6,dark,34984482,,0x6865b5f11ce1077eb9dbb52983dabfde15ec4128f79c1ba71fba0c78d77a5144
3582,3582,0xAd24967346087A643CF1F372788A8DaEB4FBA2A0,dark,34984482,,0x385853762a0d46dd02d7a4ef47907fe410821b844f15111e523ab875cdf13fa8
3585,3585,0x1ff67d19f75ad2F9375db66d6d27F29BCe8b56D1,dark,34984482,,0x7feb4748708c086e33c21385f7f1593a2b6a1ccb9896bea697f6677a54154952
3586,3586,0xeC9d6b52914dd1c4A3AF8F8D46EDfde7F60eA813,dark,34984482,,0xc70ff7ac19c3b82f2435300d43bc24d806e789b339392302b91dccbd838b9991
3588,3588,0xCD211569a108FdAc74d729ba7358a743a3c2e08d,dark,34984482,,0x706fd8e8d2206c0c8571c0218c4c326488acb5585ca3c228585a97ad18160c60
3591,3591,0x16F5EF133d0D15B196A778d22BF1ec56f8f37C05,dark,34984482,,0x1573becf29cea2b3fc4e0eb2f6da1061fe45a5cce3a462f577a1a893c4e895d7
3593,3593,0x8797A47a9200b52Ee90B4c5b5fA5A0DeD56dD5F5,dark,34984482,,0xb897cba8ed87ef22435be191a4620bdadd3cf66c1aa0326d6416f1a89dbb2209
3598,3598,0x27dA6F24Cd437BC0A00469E19aD8342b7f2e50E3,dark,34984482,,0x4384e911bd24620228fdc20048d5f53c9684abed86d3c2f866a1d90dc4454e53
3601,3601,0x622B0ed5cB7cF6b0ee9e14CE958A272f06602537,dark,34984482,,0x71db4d0cfb6c68b1e90c3eb8f69a3b090c41771d2d6b87637aa811d9812bb173
3604,3604,0x4B21a4B2e88fE128f4851750811DFA9C64236a83,dark,34984482,,0xc847112a2504050f09d2086261a5acafafa093a8f911846a940733d1533d894f
3605,3605,0x0a5280F6c9aaD5B5b3D6fE20737871cB5bC52B07,dark,34984482,,0x803037f825fb95caeef6888be6be8d64c23800b6ddfdd7681aeb032c9bff9324
3607,3607,0x7AFBcB572e7b0E67879EE3cCCef8Ec012dFD6856,dark,34984482,,0xdffb3c3069437fae44355896eb6c51f8a3dd9039aa1f4aab1514d95516e8ccc7
3609,3609,0xbc1b79317926c9a991556f8aad586a51a01f71A3,dark,34984482,,0x6990eb7a3b9f0f111ca027eb305b10a4016321bd2ecf242062a62a09a0c61ab5
3612,3612,0x29909b9c97845D5eb998B4AA41664a46c5dc35C6,dark,34984482,,0xa45c13fb06547392a74d97e0c94d2a95a7d8a6e3c3da3bf9f2f73c34e6e3fbfd
3615,3615,0x4CFD59Ad1d7236Af5C98248435B38e96554CD15B,dark,34984482,,0x369c55d764aed809876d153215fd939480d73857eebd577e78c9ecfef19badb3
3617,3617,0xE99CfC98b6013B13EE0C669F09F7804505505Aa0,dark,34984482,,0x535f25490940f898cf2470e24a04ecb151b6819cce456ab6ed3ab6cdf5f4a83d
3620,3620,0xb9d666c6E61826545E2c8e26B46e11f501354591,dark,34984482,,0xfaa7161786fba0062399adb048b05216a20a35485ae8d80470a3a93903530beb
3622,3622,0x044890A8501fA742Cf3A9a4400f1921866b22076,dark,34984482,,0xb7400e61c121752bf87766cdd31290257e588078c1d4b2b5e6de7131e6f9c17f
3634,3634,0xe9132a6E4a610b796AbBA5fD4210911FafA55a22,dark,34984482,,0x3c3209d1144bda14683ab402f09c2b51c6554e48c8ad379d890909d5a059a1fd
3635,3635,0xf2a2Fea9DF87E9EF80876Fa740EFc556F27cD8EE,dark,34984482,,0x267340a223fc043bd1803c1a69cf4e7213819959ca0bdbc73b05163d6088ab6e
3638,3638,0x2EfED473D498d749DF0912C01EBB632D9EDacc19,dark,34984482,,0x48c6f81f16e903709311cb96b0cade2c0654611254776c502b4bdfa979f41d2f
3641,3641,0xa64c6369C0d4c61AeeE1f8997bCfB4022F2C614b,dark,34984482,,0x71e284cba430cc2689582395dcb9c10f15545957369011287bf9ed1fc3dbb5c0
3645,3645,0x1ff67d19f75ad2F9375db66d6d27F29BCe8b56D1,dark,34984482,,0xf95b1dc3b418b650052885a56aff022aa74f011de780a54043d8aff9eb0745c3
3646,3646,0xf2a2Fea9DF87E9EF80876Fa740EFc556F27cD8EE,dark,34984482,,0x685c1e012146f7af6602abed8c86b71af064ea9522f3b99d3cee6c80a5abbdcf
3647,3647,0xb5F0452bB5358b3e2b73a8518EfED4BF647c8D1E,dark,34984482,,0x0b0912e68e4280eee95a30f4ec149458d9191dd8902fd43fb6e525099dee5d90
3648,3648,0x4CFD59Ad1d7236Af5C98248435B38e96554CD15B,dark,34984482,,0x18366bff912987e18749a41794323d473f460ae81b74896e489d156c5b4b1173
3649,3649,0x16F5EF133d0D15B196A778d22BF1ec56f8f37C05,dark,34984482,,0xef302ae4173fe0f0aae158e865e2def3be9500f7a3dd4cbdc28386eba437be1f
3651,3651,0x2825CDb4A71AC7942DA889f1ff72d536a8209343,dark,34984482,,0xa5b5d8008bf71875660fbbc5458c45be529dd4946e3faee567a34b5282a4b3e3
3657,3657,0x05d3cD6859FCd219b4482Fb1D72743f07df8D606,dark,34984482,,0xa8af5e545349c226d798ded0575ddaee2230963ff604d0df7a9e2453f12e0ede
3659,3659,0x561A7818742874bd14f05B3f999BaB1FeAf4c84a,dark,34984482,,0x15506fbf88facd4a0ee9b72e0f19725e9ed1ed1b6c3636d78fb9a07b5a404871
3660,3660,0x16F5EF133d0D15B196A778d22BF1ec56f8f37C05,dark,34984482,,0xa0c7526a9a34a29c4fa78279cd8a3e52fd0a5d3b1dcff6705dc79cd6dfd99596
3668,3668,0x4B75fC23Dc360538bef714662F4138A4Dcd518B3,dark,34984482,,0x88dc946120f6408f9280168b0bae670feaa043835e10d64c21717e61fc8d709e
3669,3669,0x8bE3F73A170EB7244e357c8D1Dd41696958340D6,dark,34984482,,0x2c557079c3e142931018eaf693dec9f8c2e49de13f8c63468253a942dcc1f8a3
3673,3673,0x8bE3F73A170EB7244e357c8D1Dd41696958340D6,dark,34984482,,0xddba13cd860f11eebd75af88aebac03a4a94eeeebe4acc45663e9f2ca2816285
3675,3675,0xaFa0aDb782345AAA73d9341F6b5C0Da0afcedeC6,dark,34984482,,0xbf15bca82662bed868c5b3a5c795334de6255c9d106446f1201024adbe68f83c
3678,3678,0x7AFBcB572e7b0E67879EE3cCCef8Ec012dFD6856,dark,34984482,,0xb0dd208b455a3d358d559058e37daca03682448aaa94a582146af8d8dfb3456e
3679,3679,0x8ABd6925DccE4b8b7f6F8F0f51bD0CF1B2707357,dark,34984482,,0x2ca90508f75bbecf44bc5e6e60011f2e1574cf81f618514a174d203bbe0d0990
3689,3689,0x4B21a4B2e88fE128f4851750811DFA9C64236a83,dark,34984482,,0xa88329acff9e4116f655c0b9662e7b87fd7f790ac5b62f092481e7487890c947
3691,3691,0xCD211569a108FdAc74d729ba7358a743a3c2e08d,dark,34984482,,0x1c3800829328a99b99cdddd010297020421ef6f3370752cd573b77637469e7cc
3693,3693,0xFEC90aBF3CB869Ef58821C85e418589D57BbD749,dark,34984482,,0x8c92e17f87bf1f76c006f6008da34638327e59fd01fe38aae9012bfbb058b6a8
3694,3694,0x2538372ef861fA766C9AcF8Cb735CcA3415276D2,dark,34984482,,0x96646f819b0c3e4842801c2108a91cbbe23e1f793e02e42a510083c476f38ef4
3695,3695,0xb9EB251a6C80C88824dbB56473bc13189901bB99,dark,34984482,,0xf34e0d66fd0162beb2c72bcfedfff22ad4c86c8cd9fd1b8575db7c3bda2bc2d7
3697,3697,0x6A92B04612F647F048c24951673d45471C7E18c7,dark,34984482,,0x664f0d689f9908cae34c223b992385e0300bbc2a7b9f6571b002a24e2c493297
3701,3701,0x03E3fd5638D4085e7787624e5dC89F16017dcB59,dark,34984482,,0x3e244fa9af4e94a7413539ddd45aec08a3401f7e4febbb3d01605cc043fcdefd
3714,3714,0x4A22064846B49393A26256a2a23402D4311421D8,dark,34984482,,0x54b748eb8dabff424db7d2a1725ced30c4cfb4fbb2f95bbf3ac737770ec34188
3715,3715,0xb5F0452bB5358b3e2b73a8518EfED4BF647c8D1E,dark,34984482,,0xc051f5b4b38b9905e26d076bac69226eb6d42600d90e829771efd99cc77cc0a0
3717,3717,0xa6bb40f4B684C3bd8A08b081ECA34d3f4fA0bd0f,dark,34984482,,0xc1c8aa07daeb8477bf9ee1285a91a720ea71dc43cf12db90d2a9f559439c688c
3719,3719,0xD341c20d9b3A5F56b70f825432689bE78B8F2bFa,dark,34984482,,0x44e04993dd36b5cbfb0211b9a6121f62f6438398fb8a4fbaddc6f1b0cd9cd1f5
3720,3720,0xB28CAf14827255d4C791a853732bFF9C938b2cc2,dark,34984482,,0x41c35591557f67fd45ac76723993ac4c44712865340ba74c0b686023589d8323
3725,3725,0x2825CDb4A71AC7942DA889f1ff72d536a8209343,dark,34984482,,0xc5e35ff4d5ddff2d3792d4bb2b01a8c040984f7e61e32a18ee9da8d445624c2e
3730,3730,0xa64c6369C0d4c61AeeE1f8997bCfB4022F2C614b,dark,34984482,,0x85ce36a6a3aedd9cdf8062738a5ddda031449bbc1c91a572422c74c319e5076a
3731,3731,0xA7f5c35464f41cCC9a227642AE0dA88c79564B32,dark,34984482,,0xd93003dbf1d4034132936f90a079b53686d4a32ae519cfc9b891588c7be30342
3736,3736,0xA4074Ba612888227A9b9ac15cf7918F087A0DC47,dark,34984482,,0x645d441a14afa9222262ab06298c033428c486559b73242b8aec8f8b7c32e57b
3737,3737,0x8ABd6925DccE4b8b7f6F8F0f51bD0CF1B2707357,dark,34984482,,0xa2702bc26d5a7bdb08c5741cc9a50022d59b3e55f3f32e242f376ddf0cfdfaec
3739,3739,0x16F5EF133d0D15B196A778d22BF1ec56f8f37C05,dark,34984482,,0x0e7073c3b13a7c2d828891fd541d392c38dd3457a865f3b48ae5fae86d44dbd2
3744,3744,0x58b984535e1c42E18Ceb4C320358350269f27D5b,dark,34984482,,0x74670339faec4c150dc6bcfdb96dafb896a2fdc6d11a56575086bf71a265c73a
3745,3745,0x516aC603F68B405a4e382F08Bd5646bB07a29db3,dark,34984482,,0x7625c28be30b9a8c0aa3095fdbbff45e5f1857bfeea7c1cd87a4f8a03c9bf9c6
3746,3746,0xa6bb40f4B684C3bd8A08b081ECA34d3f4fA0bd0f,dark,34984482,,0x5cd1020df66d826b61c8ba15902dbc82483166b87fb95f750dcc2d10331ac6f3
3751,3751,0xe9132a6E4a610b796AbBA5fD4210911FafA55a22,dark,34984482,,0xe6c2944e25df533c97ca4006963c5544b9a0ec794dd321362a006d933ede35fa
3756,3756,0xFEC90aBF3CB869Ef58821C85e418589D57BbD749,dark,34984482,,0xcf039c9be03de2837970d832a76a57685696fdff175f78e9030fb43d07801023
3760,3760,0xeee2ED5D5699A78cEf90E7245BB92468CCD8702c,dark,34984482,,0xcd5cb47795caab513eaefc6e4a2fff99d7188b7471749d39164248ccca516ddf
3771,3771,0x16F5EF133d0D15B196A778d22BF1ec56f8f37C05,dark,34984482,,0xcea06c3dc341848411ddc84061059d44c7b4293b44491181b6813e7faea74d9c
3772,3772,0x18E4508aE09a93a24006b7e36d2833659AC6602c,dark,34984482,,0x6001df44c2bc24d5cb7c314b52efe3c7061f58b1bc7686a69c96650adffdb09f
3773,3773,0x0a5280F6c9aaD5B5b3D6fE20737871cB5bC52B07,dark,34984482,,0xc83d932ff719a83c365be998817bbb00b2e6b401b46530e352f126d4c03abd07
3776,3776,0x9Fc71AdF531476BCf08FcD31e6eFF5F52c2f9Daf,dark,34984482,,0x763c1d7f0280d28802182347c2f34a437d4ffd66c54c217c082a4ba4eda68862
3777,3777,0x2EfED473D498d749DF0912C01EBB632D9EDacc19,dark,34984482,,0x8db7cefc02e065045c5c149ca73cfc798abe831321c4d6adfa51805c08e248c6
3778,3778,0x46da67cf582331eb8e592023a9E9edef2a321111,dark,34984482,,0xb55d518aee808f23ea725a17864c4b906b14b126429e681e385a088b0ef6e142
3779,3779,0xa6bb40f4B684C3bd8A08b081ECA34d3f4fA0bd0f,dark,34984482,,0xef975d882d2343257fb3dd9d101bcb5104ede4cdeac449154a3b0e3ac984d960
3783,3783,0xb5F0452bB5358b3e2b73a8518EfED4BF647c8D1E,dark,34984482,,0xd29831617a54788c2c66076388fd818a056838257d8e3472990cf85e53a8949a
3785,3785,0x78abB89ba802f0B3794298339D668B4f2C280455,dark,34984482,,0xe42d73be807849bfe41b1867167b86e978c40631fae307452444eafec5b836a2
3788,3788,0xFEC90aBF3CB869Ef58821C85e418589D57BbD749,dark,34984482,,0x0674f5fc8a3d055c73990259e3f800aea194836997239eec4152317c6e37342a
3790,3790,0x4CFD59Ad1d7236Af5C98248435B38e96554CD15B,dark,34984482,,0x7597b7a40e9e0cfb6243a1db9394df3ecdb4eb03c072013042eb82653da9d8f5
3794,3794,0x27dA6F24Cd437BC0A00469E19aD8342b7f2e50E3,dark,34984482,,0xe1eb01761130da5dfa88b58d2cd3cb87822ad70a4c0fdeb567d068e433bac8e2
3795,3795,0x3D145930A87880EdfB5687A45783429e1E7EBFa3,dark,34984482,,0x1619e11cbe15b6bad9399ae4a12f4cc6f5ce48453b703cd090bfd09ecd03ebdf
3796,3796,0x03FDef14113fFCe886A4B61FA08A0C747E87aA96,dark,34984482,,0x541ab6d4ab76f51876b2741bf506900bfa1905a073110efc5c87f0d594e0a115
3799,3799,0x39243FD5EC3762020bbfc1F980b920C88C3A493a,dark,34984482,,0x7f1cce19fc35c83e1313e67ec4e2725c947c7de1f4a2d29b9e4bd5998e8b63bc
3801,3801,0xb5F0452bB5358b3e2b73a8518EfED4BF647c8D1E,dark,34984482,,0x2977839ba7d3bc2e402b359c65713d27d285e7558e0653e09f8cbb5bfb0f8a9c
3812,3812,0x9863058b0369F03736d5b1E863d4Ee26559a400f,dark,34984482,,0x067ed9ddc8465bb8e362375b00bc42b880874daa7da7d04a64e5a0719255a37a
3815,3815,0x39243FD5EC3762020bbfc1F980b920C88C3A493a,dark,34984482,,0x7ab1a1a3b7b1636ad92807465e2351144cf69422a67baec2804eef67a4b882c3
3818,3818,0x4B21a4B2e88fE128f4851750811DFA9C64236a83,dark,34984482,,0x0a69617978bb7a2585ed873c0a726f0268c0ace0f4522e23662823752a686a1c
3821,3821,0x8bE3F73A170EB7244e357c8D1Dd41696958340D6,dark,34984482,,0x02351b9e4b54c8887f749a7bb6a18f8a1702802496417c473841459bfe3e8d0b
3823,3823,0x27dA6F24Cd437BC0A00469E19aD8342b7f2e50E3,dark,34984482,,0x0892441aae810539e3d891875d1feb1aa6a61f7136b094eba324dc3cb0985b29
3824,3824,0x27dA6F24Cd437BC0A00469E19aD8342b7f2e50E3,dark,34984482,,0xe2b549c6ac6faa37526acf6e954ca2d18bb48dab6dd7eccdb4b73f8789f01421
3827,3827,0xfD5Cc1b62A7792D727Db762A2e1abC2615e650c2,dark,34984482,,0x3ed853cf15bc85f22fb3249da5616e1ff45aa1a3cdcd0dc36d6bc2fec565dffb
3832,3832,0x1ff67d19f75ad2F9375db66d6d27F29BCe8b56D1,dark,34984482,,0xf586c70a247a9a5f7b803f43598dd0f69ae806d5d09c5a5ba4758c483652dfc9
3836,3836,0xFEC90aBF3CB869Ef58821C85e418589D57BbD749,dark,34984482,,0x19d70994967de9eb0934f19c0da23fdc4e4f87e71f966df5ea1ea8c060f9f13d
3841,3841,0x0BD99fe8140C39FA91C0818D1691B8fE073119D9,dark,34984482,,0xe5d0d12f4ba4e82e703f8000837c04fd758b33db7af81ba9452f958405affe7e
3842,3842,0x9Fc71AdF531476BCf08FcD31e6eFF5F52c2f9Daf,dark,34984482,,0x5a5cafb8b98c9031c5f26213dc1ac101f49cb3be86687b8fbcdc343a9ac70ebc
3843,3843,0x549DdB9583Bab764a8ff8f2B9e19e44eb0f23248,dark,34984482,,0xe94b57b6d7727b9bf1843591245c93e08a6fa89cfad532d08872f651536f6f99
3846,3846,0x03FDef14113fFCe886A4B61FA08A0C747E87aA96,dark,34984482,,0xf3d05c932bf4d171d7621cddec82d06dabf41afa1dd1715bd4f398c1adb08341
3848,3848,0x03FDef14113fFCe886A4B61FA08A0C747E87aA96,dark,34984482,,0xc5667f8799cce94b5ff4653157ce28ba634814a369f17feffdbf7b49beddba30
3851,3851,0x2825CDb4A71AC7942DA889f1ff72d536a8209343,dark,34984482,,0x50c0244358f6d7002056d0f2c6268c530558547059c5b5490adc95aaa965003e
3857,3857,0xA4Fd253F9309DEC87393c92A6E305DD2D395A20a,dark,34984482,,0x42a465f297ce9be39e2ae3f55d24babcf95832259894d0c14275f0e751dd7831
3859,3859,0x4B21a4B2e88fE128f4851750811DFA9C64236a83,dark,34984482,,0x0f65646b06a12ee1f5117fd58c6810d8e196461dd942259bd13154e7ec1cf97d
3860,3860,0x4CFD59Ad1d7236Af5C98248435B38e96554CD15B,dark,34984482,,0x69c1e960ac86497e24004f6c4df5c2f7f0956a5eaad0123badcc10449b95d7a9
3864,3864,0x18342C47E3Fc11aCeba1274EB04241f893F3989d,dark,34984482,,0xffabc48a85c62acbecb4f2dc0e23c9ed0ceb980e7228c0f15a716e48b89aeecd
3874,3874,0x4CFD59Ad1d7236Af5C98248435B38e96554CD15B,dark,34984482,,0xb8c686fd60edf4ddf2be984fdf48eb5853d8797f2e849be1e6e5d875ba084094
3876,3876,0xb9d666c6E61826545E2c8e26B46e11f501354591,dark,34984482,,0x270beaf44ffe9976e41dd9417fac57d0af46566e282b8f1bf066142ba2d45193
3879,3879,0x4B21a4B2e88fE128f4851750811DFA9C64236a83,dark,34984482,,0x1f909d7cab5cbd8a875177595d303adc2c5b36f7aa74aaff844e47a6e3860e09
3883,3883,0xbc1b79317926c9a991556f8aad586a51a01f71A3,dark,34984482,,0x47109d38465ba344ba9426479188ae6c6a27771aab1cb6adce4fb7d2f4324393
3884,3884,0x999dd3Bdb875CFa5b0817C2eCC2c0B8379999999,dark,34984482,,0xa6097018653511a4aca632ed6b4fc3f89bb32ef166b2ec710d54b078b8337ad9
3890,3890,0xef65cF8a7DbeB1fbF9E7EC5341B96c16424fD4De,dark,34984482,,0xe827314960358062793465855dc9c5212ea140c699e6ee96aa0377065fc23dd5
3893,3893,0xa64c6369C0d4c61AeeE1f8997bCfB4022F2C614b,dark,34984482,,0xd323f21d6eb932856a45ad65dcac036e5aaf21c042115c8535a6a41f7d4472b2
3898,3898,0xFEC90aBF3CB869Ef58821C85e418589D57BbD749,dark,34984482,,0xad60f5d8ab967bddf02227b27ced6234022baa299a72e5d2eed300153bd32035
3902,3902,0xA4Fd253F9309DEC87393c92A6E305DD2D395A20a,dark,34984482,,0x87a924795b88087a95c66069dcfa94e1a245ffdaca7e67ca8972acb7942fb09f
3903,3903,0x39243FD5EC3762020bbfc1F980b920C88C3A493a,dark,34984482,,0xed0312bcc6b6516c36b8cf90660d32b56146c2e806b4b84d2e61827d6618ff7a
3904,3904,0x4D562Dd8BF1D9A3bd6C21b95d20D9382166ADA56,dark,34984482,,0x1c80de35c83b3bec88c6601ad995901732ca412ef8411e3142e204e064a87734
3909,3909,0xbc1b79317926c9a991556f8aad586a51a01f71A3,dark,34984482,,0x9061cfcb021e641ad3a302a2e9afbedf41731d0d9d82368e439d9a409c019ffd
3910,3910,0xedE5aC95c306aDF9cDd1726FCab07aE709872Ac1,dark,34984482,,0x4c2eef2cae414855c8d96539b49fd541b436db5373e8def8371cae84733e9e43
3914,3914,0xFEC90aBF3CB869Ef58821C85e418589D57BbD749,dark,34984482,,0x3d0ec939585f15bcb4cbcfd74dbf662ef78c453fb4ed77a90add7edf149f1773
3916,3916,0xB37FCb9607B2636Ce692061AD3de99AEC5d8435c,dark,34984482,,0xcfa19c9eb51ee388abfb795a089cf3f7a66d98ad8257ec555d665da9ab5b2cc6
3919,3919,0x39243FD5EC3762020bbfc1F980b920C88C3A493a,dark,34984482,,0x1f0d6c2a31c465194ace2516b771d75a3ebdd201d0034ab2770e7fab46e8b762
3926,3926,0x2825CDb4A71AC7942DA889f1ff72d536a8209343,dark,34984482,,0x0ed1ced3e6a60b6b5b83569f93b0529435e5fbb7bf7034e468ac0ad21473af67
3928,3928,0x3e7662E685B50DD4f2d590a5E6D547790141e9eF,dark,34984482,,0xc89a2573b7113b5cacaf3d298340a546eb0a68d73f98378c6627d80650efeaf0
3930,3930,0x39243FD5EC3762020bbfc1F980b920C88C3A493a,dark,34984482,,0xe485e860d09792f2a66d7963e35b84126f514eb1cc687a725d0c5935850a4961
3932,3932,0xb5F0452bB5358b3e2b73a8518EfED4BF647c8D1E,dark,34984482,,0xd7f69d03ba1ec64bdc1b3daaacc4367824b686216d2dfb84575aa0ace1b00feb
3955,3955,0x2Eb8C19f6d68F55E9544C12D6893DCA28354B6ad,dark,34984482,,0x2ac89ac90e365696cf77702c55ec52e17ee20ff4cc727c3a4029287910bfd97a
3957,3957,0xa64c6369C0d4c61AeeE1f8997bCfB4022F2C614b,dark,34984482,,0xa6f9bc5dea66efc9e2e801338b92c33b29196bfe281c24a98026a07eb0824ebd
3961,3961,0x803Ef4352FD0cA9ebbF78D50c81da36121f1e0E3,dark,34984482,,0xbc0aa78ddbb335366090e38294023d7d7582c31e2ee42d62d60ad58b7cd74aba
3965,3965,0x5a442E8e51f58fd2d48C6E4cCD5144F709BB28D2,dark,34984482,,0xa3e8b78c45d65024ec545a76d960ae45971e3cc7aa578459018b20c0995af12d
3967,3967,0x8bE3F73A170EB7244e357c8D1Dd41696958340D6,dark,34984482,,0x0b7c7964beeaf10b4c3b8ef9ce4f50a68d430fed9c96402f6e6bcb9462243c22
3969,3969,0xA4Fd253F9309DEC87393c92A6E305DD2D395A20a,dark,34984482,,0x63ef87733239addff9e680f4c567da0a66467965e821966e01f4c0da7dc34513
3973,3973,0xB24796412345dbe99D9873C98c9d9ace9479fc71,dark,34984482,,0xcab917fb5966f1f74e2d364792cf5c6a8741bf2c818b4b7fc1f6c0ffb7f25588
3978,3978,0x8ABd6925DccE4b8b7f6F8F0f51bD0CF1B2707357,dark,34984482,,0x8fcca598d5d4432755a44168f8b031f5d3f691b88a9735551da8a8d3db4024c5
3980,3980,0x9689B11B77D799181612227e474AF7da3F49A3e3,dark,34984482,,0x5ad9e08b4e6b5aeba2cf9858d094a2c6b0d3c0ecb177b107ea5aba4315314919
3982,3982,0xA4Fd253F9309DEC87393c92A6E305DD2D395A20a,dark,34984482,,0x14916eceffe5c420bc7fe3f2530474c50870d3e3cd518b6a4756a5d5e8483fdd
3985,3985,0x27dA6F24Cd437BC0A00469E19aD8342b7f2e50E3,dark,34984482,,0xd284bfe8ab522627643709268f4c6a345bce6f09e4f88e4af52278d2a9673b72
3988,3988,0x39243FD5EC3762020bbfc1F980b920C88C3A493a,dark,34984482,,0x38c6aa824adf9018e26605a74ff5f72515c8c844cd578107dc1c5ba5d2b5111d
3993,3993,0x8ABd6925DccE4b8b7f6F8F0f51bD0CF1B2707357,dark,34984482,,0x4ddd902f8cb7d9a6397c85d042626aabe606298d602fb5bf22c627705701a392
3994,3994,0xf2a2Fea9DF87E9EF80876Fa740EFc556F27cD8EE,dark,34984482,,0xebbbf62be4bfff1c5f7c378d1b43ad05853ed379b31d93ec57c9f2fbbe55d274
4001,4001,0x646758E8B061381A59313950A0F51f277D8ceAC6,dark,34984482,,0x2566392527b1dbc5af08378a7eeca5fcac43f016ddd175145595fb00b5540d8a
4002,4002,0x05d3cD6859FCd219b4482Fb1D72743f07df8D606,dark,34984482,,0x07a62908e2d10751bb2cf39b3c443f6cec5985118cd54a3344880d7639c7d77b
4005,4005,0x05d3cD6859FCd219b4482Fb1D72743f07df8D606,dark,34984482,,0x089b95ad6f57001f95137d26ae5c3ff2e5ab0017fc819900d9e2eb09f9c23797
4007,4007,0xa05Ec35F7D1eBa823cff2ED26AeAED419683742f,dark,34984482,,0x1961a0e3d0fdd8b7700b21db993bd9c6183b47b10c87ccbaba4e424ce49dd8bf
4021,4021,0x16F5EF133d0D15B196A778d22BF1ec56f8f37C05,dark,34984482,,0x13971db620359a1dcab0d53e3402afc839f7efd295ed6f97b1857f61264938d1
4031,4031,0xef65cF8a7DbeB1fbF9E7EC5341B96c16424fD4De,dark,34984482,,0x545e5b1fd900c497d45d51dbb6f956b5c69eaaf80889664d53ee2f9f4a55c558
4032,4032,0x78abB89ba802f0B3794298339D668B4f2C280455,dark,34984482,,0x3008d662f5352dd18dd439322e5ddb1f725e4bee7ab3452b7194f32c8a85f568
4033,4033,0x6b06FD0181285Dd1BD4b3cfacE9E4a6685DE0C1a,dark,34984482,,0x9c472f77cffb782990fe5308267aec890dfbeaec33fb01f5e9c8e846d893ba0e
4034,4034,0x9Fc71AdF531476BCf08FcD31e6eFF5F52c2f9Daf,dark,34984482,,0x28ad854f69b5dafd1664b29008e1dee004b5a7d04ba2261b2929580279a07a7a
4038,4038,0xB37FCb9607B2636Ce692061AD3de99AEC5d8435c,dark,34984482,,0x28485c7ce3cfa9acc4ea8da3e642387316438429f07a8c24999dad569350cf19
4044,4044,0xa6bb40f4B684C3bd8A08b081ECA34d3f4fA0bd0f,dark,34984482,,0x8a6cc8c623f3158a58df2cd0e5868da6651d5b21f9314a29c9ec12e42714e6d1
4056,4056,0x8797A47a9200b52Ee90B4c5b5fA5A0DeD56dD5F5,dark,34984482,,0x0a7a7e26579e3c096e786df0dae0c9ab0c609b2f14057fc32c598bd409fbcfb5
4057,4057,0x8bE3F73A170EB7244e357c8D1Dd41696958340D6,dark,34984482,,0x612afdf386ccf0c45370746a49a1e37b1c49477fae3799be62225c4378c4f6ec
4064,4064,0xBdDc59b367915f116c13B24050191502ed7C70b6,dark,34984482,,0x88da9ce9796a2c69161204c2183f94fb55702dd96b20fd1dd247d31370046bcf
4066,4066,0xb5F0452bB5358b3e2b73a8518EfED4BF647c8D1E,dark,34984482,,0x5d5c1896a22578e550da553e45291eae4dd40a7cb6b1efd4b3cec6f2ac32317f
4068,4068,0xa64c6369C0d4c61AeeE1f8997bCfB4022F2C614b,dark,34984482,,0xb406b2cc1d9e83349bd361fc712a3ea3ca238d467313d7a65f02aa744629d90c
4075,4075,0x27dA6F24Cd437BC0A00469E19aD8342b7f2e50E3,dark,34984482,,0x1a176695f5183d178e46531ac414bb296a39bec7f0ce5022cc74de6e0058f980
4076,4076,0x4CFD59Ad1d7236Af5C98248435B38e96554CD15B,dark,34984482,,0x617d09b9689863ad1fa6e5b7702df6ca68f495521feae8fb6a88a0d3729413d7
4079,4079,0xa6bb40f4B684C3bd8A08b081ECA34d3f4fA0bd0f,dark,34984482,,0x583c3dfd6e01e7b43fad9b0d2f754d7b9ec39c2ad2fbb6151397a68f02507069
4083,4083,0xA0cDD98f639A36Dd504F3694D489C0d8203142D5,dark,34984482,,0x53e12d59f5bfa923bb07a7ac96fe7d4e80c69cca020846d2ad1f176edc7cb551
4090,4090,0xA4Fd253F9309DEC87393c92A6E305DD2D395A20a,dark,34984482,,0xea9bac87df2bc7f46e6fbd0c18d1781a18baa75cb5fd462f2a76ec3930e6f4bd
4093,4093,0xA4074Ba612888227A9b9ac15cf7918F087A0DC47,dark,34984482,,0xf778926ca8894658ee1b4b5e66abafb9674183acf348bf5617220b9b4ba3b513
4094,4094,0x9Fc71AdF531476BCf08FcD31e6eFF5F52c2f9Daf,dark,34984482,,0x839b05f1868bf3d31e5b2c3417b3ac2511d73b09997ba8d1d3d3d164d7d76d5f
4095,4095,0xA4074Ba612888227A9b9ac15cf7918F087A0DC47,dark,34984482,,0x6e25ae218f99bc444a9d1e35eac8c5715c83cd156850deb4ad12dc6dc2d87497
4096,4096,0xB28CAf14827255d4C791a853732bFF9C938b2cc2,dark,34984482,,0x9334ffdf0b62f428659cc0b08fffeb6ebd643792277a4de1b638e5602aca52d9
4097,4097,0x3F86652B7A10D911033FE76443000DD06856C108,dark,34984482,,0x7fd113d17554bea1940dfe7c8e62e4073052bb1629a402bd78d4ba6a875c6238
4099,4099,0xe9132a6E4a610b796AbBA5fD4210911FafA55a22,dark,34984482,,0x3074ffc783971a096519f139d9bf2fb8b5c89fae91fdd45e8986b4c6e332b513
4100,4100,0x4A22064846B49393A26256a2a23402D4311421D8,dark,34984482,,0x7e8a3f8d353421fddaa13901616c461ec902d8a67fc4ff643af1101c783c5161
4106,4106,0x28caB576d0f839E870998A621E028A4Ce0d76a86,dark,34984482,,0xe7e68375fb79c18a667d5e947cb885d87eb6a3491ee44b20592ef1e3d6539cf3
4109,4109,0xe9132a6E4a610b796AbBA5fD4210911FafA55a22,dark,34984482,,0x8ecf94f4b15ce2e88b35ce1b3d6f0b10d7dcc85a995fa38b9dc77454e1707d02
4114,4114,0xE99CfC98b6013B13EE0C669F09F7804505505Aa0,dark,34984482,,0x4dd2344a34a4e0aef27386189a92f41a70ae40fa4d67aa4bd23b9510ed5b4e52
4116,4116,0x9c8FF2Cb10EB8306c98765ae3f9B2E8a4C6233EE,dark,34984482,,0x12c993858f524e61f40c0f91ac6f752d19d2fbee72a5680fa5712a5337139f77
4118,4118,0x2EfED473D498d749DF0912C01EBB632D9EDacc19,dark,34984482,,0xaf06fcb9ee218d5c574053fd0b95367ac60f09f49991d1af8b9cd7b7ebe2b712
4119,4119,0xf99A3402B06f7C3aDB6Dc9360Fe1213DdDDDdddD,dark,34984482,,0xc013dc492a99f8a3b06b35096aed8c271a3afe9e04d5721e5bc1ec8c5ad5fbe0
4121,4121,0x29909b9c97845D5eb998B4AA41664a46c5dc35C6,dark,34984482,,0xe27690d1d632df4b698c55b078bdce97370741a509c26d6a03aea433058fa878
4126,4126,0xa6bb40f4B684C3bd8A08b081ECA34d3f4fA0bd0f,dark,34984482,,0xa0745ce4497ea4aef3d8ff4d730187816ad0060be9321442f148d809cbfc0798
4128,4128,0xB28CAf14827255d4C791a853732bFF9C938b2cc2,dark,34984482,,0xe8963de584fa84441ee4980952c55d30f43bca975588b5f53ff910fb51c8cb4f
4132,4132,0x16F5EF133d0D15B196A778d22BF1ec56f8f37C05,dark,34984482,,0xca23565b59bb34b4ecd2e9f41d69afc5fad7e193be24a136447b799882b8f0f4
4133,4133,0x8DDf5ce5C373F18c3cae5C720250deE928C5C07d,dark,34984482,,0xcd0fdbf0d0f5b4a9698d90c260566d247da74f1f7f0fa4071c60f73c3e02912f
4135,4135,0xA7f5c35464f41cCC9a227642AE0dA88c79564B32,dark,34984482,,0x4c6ad3f24bd05bc12a9fe3c4c8dbb0c1e342fd89cdfa94ce27a23f19c81d576a
4136,4136,0xA4Fd253F9309DEC87393c92A6E305DD2D395A20a,dark,34984482,,0x24c22e381272017ca5c3709fe73df66071ea2d3937e872f497719e7516298523
4137,4137,0x4CFD59Ad1d7236Af5C98248435B38e96554CD15B,dark,34984482,,0xbcc07192b0d699177f39f9d3338ce6b7d66a70a935218a89e9dbcc6397f848c4
4138,4138,0x2825CDb4A71AC7942DA889f1ff72d536a8209343,dark,34984482,,0x043bb2c92150c05f1a0f952a73352fabf7d4904daffe006342800bf2ae289098
4140,4140,0x05d3cD6859FCd219b4482Fb1D72743f07df8D606,dark,34984482,,0xdcccb9ec93da1fcf67d249258a8af157e7b0d4ed58ec285102bd1cbf8f108668
4141,4141,0xEDe5D451718D7f59067dFC793d965b6C36618Bc5,dark,34984482,,0x864654e678499e76c48bbc60586e8e0c0d125cca5b8888f6073f1335358717aa
4144,4144,0x4CFD59Ad1d7236Af5C98248435B38e96554CD15B,dark,34984482,,0x227e2c5563aa800caf62b78ffc332bc4ec6dba67bf393f3eb50065a624a836a6
4146,4146,0x18a25FB8f7fAe25deDEb501f19B0Ae333c095810,dark,34984482,,0x76ceaaeb2357820f98848442930b5a42db55fbd0e0d33a46ae5a22267dc78d34
4153,4153,0x27dA6F24Cd437BC0A00469E19aD8342b7f2e50E3,dark,34984482,,0xf9f8cdf2b8d173d42d654511370880c73d082924f6a8c8730a09a8b8421e23db
4154,4154,0x0923C325344017D0E2cb72cAF592A35Ee7E5C24A,dark,34984482,,0xdab7535e9969e4e6a51bf706668a878f6e587280181b377e317d69cc0cadacf4
4155,4155,0xb5F0452bB5358b3e2b73a8518EfED4BF647c8D1E,dark,34984482,,0x2b9f858ec1ffdc23ea8d1854ccccc77d84e65db2256ba62f17c8446ef89a73f7
4161,4161,0xbb19A9546B1736f40507434043291FBf69652825,dark,34984482,,0x610c0ef948b91b477992c661fdf4ddc0f0414886cc67dc65ba025f0098cc7a5c
4167,4167,0x9Fc71AdF531476BCf08FcD31e6eFF5F52c2f9Daf,dark,34984482,,0x70e95906fa66d40248762f8ccffd8b1a2fc6ab0a748471b7d1277f3ef9083285
4168,4168,0x4CFD59Ad1d7236Af5C98248435B38e96554CD15B,dark,34984482,,0x3c47e65b445b357987c1538151191795533532e575af94b191f09086b24b5590
4175,4175,0x516aC603F68B405a4e382F08Bd5646bB07a29db3,dark,34984482,,0xdb2dafea4fca636365bd89058d903cf290a9e99b07ba3adf45a19fc2ca8f48d3
4180,4180,0x2825CDb4A71AC7942DA889f1ff72d536a8209343,dark,34984482,,0xed5755eca306595fdbea015e84700ffc2322ac06463a77a842f48c3667ddcc4f
4181,4181,0x70d94AA3AD899b5456E8B1199049F98E2aB36A55,dark,34984482,,0x0669e0f495425caec235e734d343a0135b4cd3e054c93a75316957707a412df4
4182,4182,0xf2a2Fea9DF87E9EF80876Fa740EFc556F27cD8EE,dark,34984482,,0x9acfd84de0c85be2e0524c3624e33775a5e547492f8fef7778d62c0d6b6b14c5
4187,4187,0x8bE3F73A170EB7244e357c8D1Dd41696958340D6,dark,34984482,,0x85db5277788b1e11b2754f339afa2fae261d0325cfa88ade66b751b2a35f856d
4189,4189,0xE99CfC98b6013B13EE0C669F09F7804505505Aa0,dark,34984482,,0x17f207bd65a8393860d949e1ee4120f16dc7e2b0a34ac9394795f3bb8ecd9591
4193,4193,0x9c8FF2Cb10EB8306c98765ae3f9B2E8a4C6233EE,dark,34984482,,0x16fa9ac1429702736d8cd79487b7a0bbd925e5ffadeef1ac07f2621cf088bd4d
4195,4195,0xB37FCb9607B2636Ce692061AD3de99AEC5d8435c,dark,34984482,,0x17d4c1924685f309c970dc2be4d3cb33e73dbb55b1d31f0300c4f94d0fb02934
4200,4200,0xe9132a6E4a610b796AbBA5fD4210911FafA55a22,dark,34984482,,0xceaafeb589328e55d4892b41e058bf6a0759d639a5c75bb3840748fec954533a
4203,4203,0x4CFD59Ad1d7236Af5C98248435B38e96554CD15B,dark,34984482,,0xb2687262c334854598c1056dff8bfe4b37afb965ec9d9cde2c3dcfda762785ee
4207,4207,0xc3360a43b70a49CE84E0DB88800CB8d6b7666666,dark,34984482,,0xbc385e1ea0a3aa07434e57758d7bfbc1ad633b8276803fec7cc4d1c44f46649f
4210,4210,0xb265580A69C9B40AE89BeFd737Dccfa1F477893D,dark,34984482,,0xa246cb3db391102bb4f951c0455f76d7fb54b4a725b711192a87fe45c089562f
4217,4217,0xb9d666c6E61826545E2c8e26B46e11f501354591,dark,34984482,,0x45655f9ad82c5230fc2886c0523f30e33c052b5af9f676cd32a8cd7e0de364b5
4220,4220,0x4B75fC23Dc360538bef714662F4138A4Dcd518B3,dark,34984482,,0xbe2643c05998bb44e145b77b6e2cbd23fc3c1d9f7085f109e4ffb7fffa51fc47
4228,4228,0x2EfED473D498d749DF0912C01EBB632D9EDacc19,dark,34984482,,0x1349d4447a0526ba769ddf16e6bef946900c8a313973adcf959333bfa3ec4bdd
4232,4232,0x9689B11B77D799181612227e474AF7da3F49A3e3,dark,34984482,,0x8e4e211c069c55a80a5c8288a01d4704ead8ba56f7c15895dc6ab29cee120a00
4233,4233,0x4B75fC23Dc360538bef714662F4138A4Dcd518B3,dark,34984482,,0x1c6f64878f89e71581286fd4dbc330c7dc87681ae5681f02ccf929c3cf0f3bf2
4235,4235,0xA4Fd253F9309DEC87393c92A6E305DD2D395A20a,dark,34984482,,0x69df1339dbce591b9291edcd003eaa1e3b5dff039481a41d3ad466932ef8b902
4236,4236,0xCa1a2fB7f3179D887504966b25d1606978AdcD42,dark,34984482,,0x755feb88e33b1f5e66201f61abe046d0d15528b52c5a667eee354e0218304e1c
4239,4239,0x78abB89ba802f0B3794298339D668B4f2C280455,dark,34984482,,0x4f013e9228cacd2a6b0335efdc3233edb76dcd1a58903f9c5a71c659ebf52f6a
4243,4243,0xBdDc59b367915f116c13B24050191502ed7C70b6,dark,34984482,,0x1221ceafb6bb6efd6fef4865ea7b5290968e0eec03bb92cc42065d70b5a160a0
4248,4248,0xBa4E1050d4615465cFFcfA274D89984Ea3bb27C9,dark,34984482,,0xa197b5c2ea14594458f8a83746ad1cb03b1321eb2b946d09316685e13db364bb
4249,4249,0xa05Ec35F7D1eBa823cff2ED26AeAED419683742f,dark,34984482,,0x1cd2d9d35435bb040f7391e2353eb2fa414c3e2f53a5c941dd7a3d3be807bad1
4261,4261,0x4B21a4B2e88fE128f4851750811DFA9C64236a83,dark,34984482,,0xcbb1b23f6b147f313d5e0f9300a9ea7139192aac4724953cd2306f7d0cefa97d
4263,4263,0x37bbFc32408449Ec4251bf3C2fef4F7CD52746ba,dark,34984482,,0x277c92d10c384bfcaf2f2cde43b62dda0e54c47cbddcf7d0d46674391cac54d6
4264,4264,0x8bE3F73A170EB7244e357c8D1Dd41696958340D6,dark,34984482,,0xa42de2f9ed1d918851cb3627d2fe82e27ad682483aab7d5d9e78e07d5ca68dd6
4268,4268,0x27dA6F24Cd437BC0A00469E19aD8342b7f2e50E3,dark,34984482,,0xc2673dd8333366a9d2cac3a4b5bd92fd87de5a82ccbc1b5c6a1de6026a0b2ae4
4273,4273,0x4B75fC23Dc360538bef714662F4138A4Dcd518B3,dark,34984482,,0x2e9984ced71d550562c749a229ea3ae152c182f81f54a8c97423e0e11b6fdb14
4278,4278,0xb5F0452bB5358b3e2b73a8518EfED4BF647c8D1E,dark,34984482,,0xdf5669edcbe6f0cdf3cc00bda960acde584386e9d99f6ce767e9ae3ba4b3fbc5
4279,4279,0x1ff67d19f75ad2F9375db66d6d27F29BCe8b56D1,dark,34984482,,0x6f45b81680a05ac5fc0061f97c32612fcbe0facd219032a459a5895bedaa4c21
4283,4283,0x8bE3F73A170EB7244e357c8D1Dd41696958340D6,dark,34984482,,0xff26b0da7c7ab9db1bc0d74a26e59ad40d9ab70beb65370df7cee92cf6f2aaab
4285,4285,0x8DDf5ce5C373F18c3cae5C720250deE928C5C07d,dark,34984482,,0xe4caefa40e1619b8a453383dfa0bd64c5a656b43ea3d49ec646e1033989c0919
4290,4290,0x8DDf5ce5C373F18c3cae5C720250deE928C5C07d,dark,34984482,,0x5b66fe866dc96d5f9897f3eb24bd6026a8bb717600cc6a05b405d7d118a61cba
4291,4291,0xB568c1f18D80CbaFB3267976c0B95EFe76B2b38F,dark,34984482,,0x7ec88bd1297ba4f3b03bca615d1587e0b8c6cb0922defd92925fc447326d38be
4294,4294,0xa64c6369C0d4c61AeeE1f8997bCfB4022F2C614b,dark,34984482,,0xbac5333de2da3c7a7626a69d5c5fc745ea9dbad28a8d16a12fa4411ed33d7740
4303,4303,0xf2a2Fea9DF87E9EF80876Fa740EFc556F27cD8EE,dark,34984482,,0x878e0f1c47441a421fab0ea126fc941d864d3a7257e8471d03e581cda7753d8a
4305,4305,0xaFa0aDb782345AAA73d9341F6b5C0Da0afcedeC6,dark,34984482,,0x589c37eb5dbdf43b6f4e9118fa896d31b757e2eeacd11c2af04d65cae07b760c
4306,4306,0x9689B11B77D799181612227e474AF7da3F49A3e3,dark,34984482,,0xd8bc732ea5d623673d3bef7925035343c2a38f19f481142e7493f867c449b1ce
4309,4309,0x237d44ff9c9A48bce5Ed6c337db3080Ec7967F56,dark,34984482,,0x82c5f3b135ceb5cd4907c3e8818a7085eaf9b9b683b3961615c7315444b67564
4316,4316,0x8bE3F73A170EB7244e357c8D1Dd41696958340D6,dark,34984482,,0x56df03387e180b0bfebb0323cd9954170ebef165e2bc8a5837a5a8af1e7b6b55
4317,4317,0x29909b9c97845D5eb998B4AA41664a46c5dc35C6,dark,34984482,,0x4a36b3f5f2566552c2f282de6dc7bd1965917ad4cfcf27f1b99043b0d03b92c5
4320,4320,0xf99A3402B06f7C3aDB6Dc9360Fe1213DdDDDdddD,dark,34984482,,0xe0f51503772d1cfbf3bf32273be786e3625cfa26d57ff48c517d942453f247bc
4321,4321,0xa64c6369C0d4c61AeeE1f8997bCfB4022F2C614b,dark,34984482,,0x5a73c34e319b88b47230e13e84a956c1fb4b16dfab0e8ebb120f618394d5d0e7
4322,4322,0xedE5aC95c306aDF9cDd1726FCab07aE709872Ac1,dark,34984482,,0x09108203fb728211d24aff78165736d1d2aa1399220e43a8f1e8d6e4e49763e7
4324,4324,0x9c8FF2Cb10EB8306c98765ae3f9B2E8a4C6233EE,dark,34984482,,0x0fc3943c5846c32aacfdb3faf297dc933e4e09c05a0a84c459ffd2fad48bd3a3
4328,4328,0x6b06FD0181285Dd1BD4b3cfacE9E4a6685DE0C1a,dark,34984482,,0x231289de15a60cd70cd7c70308c922290309fe33c990edc9539b3147c1058d97
4335,4335,0xA7f5c35464f41cCC9a227642AE0dA88c79564B32,dark,34984482,,0x48ef22352e28da12fa91ecafd16bc1ab96cb7286510f2ac04a49b708f4008a1d
4345,4345,0xbc1b79317926c9a991556f8aad586a51a01f71A3,dark,34984482,,0x07e00e04cfb2bf675e10925b678aaab074c97a8a4fb26b56c6e2e4c63da23ebc
4351,4351,0xFEC90aBF3CB869Ef58821C85e418589D57BbD749,dark,34984482,,0xe25bd3ee75338df5893d8c3b27de6b9fee97af7c0291a380d93010bf626b58ab
4354,4354,0xA4074Ba612888227A9b9ac15cf7918F087A0DC47,dark,34984482,,0x8ccd65d55282cedf4348c88071de65c1214f8ffe91744f31f3bcf0537b2934ad
4356,4356,0xE96E9F95a5f4200dC7e27E966E4d6D84168a9BB1,dark,34984482,,0x9013f5e16094e09bcc2e0c776ab4b0d2a2a1e24bad6706a788881e63d31864bb
4359,4359,0xCe47A2BB65a063D164A14cce8AE84C60C40ed9cF,dark,34984482,,0x53e9e83e480a558c9b17edb05090dfe65803e635377f0115bf8057319124ccf5
4364,4364,0x27dA6F24Cd437BC0A00469E19aD8342b7f2e50E3,dark,34984482,,0xe6fc7f3472eda1371459711f385343e341c9a679ee0ff0bfaeb0a11c0e31c8dd
4366,4366,0x29909b9c97845D5eb998B4AA41664a46c5dc35C6,dark,34984482,,0xfe92b654d4968a1259d25b9a8ea09d40ec2aefb35df2c76009d1b3148a7ea659
4368,4368,0x8797A47a9200b52Ee90B4c5b5fA5A0DeD56dD5F5,dark,34984482,,0x2337745436f4fd1b0f9586ea92801818f086d2cbcac78b080ea9140741716cf5
4371,4371,0xA4Fd253F9309DEC87393c92A6E305DD2D395A20a,dark,34984482,,0x9150717833cd078e498f0467e7566843819a73448b61b14c6982ed12d15c7a8d
4373,4373,0x8bE3F73A170EB7244e357c8D1Dd41696958340D6,dark,34984482,,0x68b45d899edaa0fb9f66d74b659d2ba7730499af6c43b26a4c9c8b01c598364d
4376,4376,0x18342C47E3Fc11aCeba1274EB04241f893F3989d,dark,34984482,,0x273450853142177cea077330535fe0606741645f166dbdbcbbc7faced172fb86
4378,4378,0x8bE3F73A170EB7244e357c8D1Dd41696958340D6,dark,34984482,,0xb3d2e4e5d44b78097f80bdf72c50f114a45622147908865913af8c4cd7b27361
4381,4381,0xaF9B245B0A1EfC3E94eB7ED5d09A841649712390,dark,34984482,,0x478f7babac29e2a32e6a35996b80d487166a923accdfbdf1beadf023d480cdb0
4382,4382,0x2EfED473D498d749DF0912C01EBB632D9EDacc19,dark,34984482,,0xa100572526233ea476dd963bcba66cc6522d538b08894284bf2c87d7809f725f
4388,4388,0xA4074Ba612888227A9b9ac15cf7918F087A0DC47,dark,34984482,,0x03ea1f875fa1861ca4f44c7b65443f17a5bbf39be5e73377869c71e03d826fd4
4390,4390,0xc3360a43b70a49CE84E0DB88800CB8d6b7666666,dark,34984482,,0x928164410fdac553560c842fb96ef608024430d99e3b2653842e4309f5e425c1
4391,4391,0x9c8FF2Cb10EB8306c98765ae3f9B2E8a4C6233EE,dark,34984482,,0xfbf6ed1d3e0504d2e5a02cf0c1d1fe22e6292d9da3c8bd40d332ef2fa23326b5
4397,4397,0xf99A3402B06f7C3aDB6Dc9360Fe1213DdDDDdddD,dark,34984482,,0xc516f1ede235628a039d96b2b97dbeb7a5843b71f88bc813d5de4b1b25093d26
4400,4400,0xCa1a2fB7f3179D887504966b25d1606978AdcD42,dark,34984482,,0x7c8289a76e40ae172d613b4c7727f980c49f8c1ebdd9e7dc4adde520199fbd77
4406,4406,0xe9132a6E4a610b796AbBA5fD4210911FafA55a22,dark,34984482,,0x4e969ab67fc175a9f5481c316003763607b6088f6c0335fb7fcbaff790fb72b1
4408,4408,0x27dA6F24Cd437BC0A00469E19aD8342b7f2e50E3,dark,34984482,,0x344f5cab0176a6c480ff5d56f41e4fc09b00e08879aa7db8a2f56ae6db5830b5
4412,4412,0x549DdB9583Bab764a8ff8f2B9e19e44eb0f23248,dark,34984482,,0x2bde598c566380c327f99b7f3e619e816f0d1cd5104baa78429550fbfb6e97e0
4421,4421,0xf2a2Fea9DF87E9EF80876Fa740EFc556F27cD8EE,dark,34984482,,0x8a696fa4a46ca8d70a7e03d49af72f002a56609d215d40d206207f168e959990
4423,4423,0xA4Fd253F9309DEC87393c92A6E305DD2D395A20a,dark,34984482,,0xb69dca272fd6db6d6fbb2fcd186c762e557937e6edbb7ceae03445f081890109
4424,4424,0x561A7818742874bd14f05B3f999BaB1FeAf4c84a,dark,34984482,,0xd160491604fa376e15a3f909b2b5fd3f7b11566279194b5e538fd1bb2d0427fa
4425,4425,0xCa1a2fB7f3179D887504966b25d1606978AdcD42,dark,34984482,,0xc8d71a79d3be4df8a8470759f6ed712283a4f07ba313d0d5fa4db23ae41e833f
4429,4429,0xB37FCb9607B2636Ce692061AD3de99AEC5d8435c,dark,34984482,,0xc4c2880b66e9eca30a19b36ec58e5fac7ed9235814c1665476a34f98af76f149
4430,4430,0xaFa0aDb782345AAA73d9341F6b5C0Da0afcedeC6,dark,34984482,,0x22e40470389ccc3be2c87af00c1563403b4748e0e0bacefad7e055a7b365b681
4436,4436,0x2EfED473D498d749DF0912C01EBB632D9EDacc19,dark,34984482,,0x64a685f9569255b0374a3205e70e43c7ffdd3166c496272b38851e25a576bb30
8,8,0xdB0b65fDc39Fc0bC0AEb014CD1fe5e52699f457E,hardwired,34984482,35337540,0xb03f277aac5378f884cbed144e065084770373eb8469fb738f2be6cfdbcce6e9
9,9,0x37bbFc32408449Ec4251bf3C2fef4F7CD52746ba,hardwired,34984482,35337540,0x257fbdfbcdfd715774b2ecac4eed2077f7fb9f529d8e2ce6e870249875ca88d1
10,10,0xE595Ed0eee63FE6ceB3e6b6770B9D826223a3737,hardwired,34984482,35337540,0x1d45c4b04e9feb690a55950c078b395e9cdd59f7f3fae250bcfa8c1bb3dde837
11,11,0xFF60c38F0343a8b8De07c9770266764c452A368F,hardwired,34984482,35337540,0xd5b4f0ae9f6957296f7c5287d493e19146ae7ee45157b610689ea36e01bf7c51
12,12,0x45dDd8614DdD6471803d9d96c6C1F58bBacC2088,hardwired,34984482,35337540,0x00310692395f11a14484312b3bbeba5f68a7bf30f41d2f46c9eee74f007878ae
14,14,0x69766b2927B793404811c84721bd0E17b2F7f7e2,hardwired,34984482,35337540,0xe7709ea577a3f0f30b0a2a98408491ea7a5f6dbf78f6f4965e264a1d670bf53d
16,16,0x131b857b0B78b3CF8417e7B870291cA39a38A40f,hardwired,34984482,35337540,0xb32ecdb75b06570fc880780be843bc5b212dae6ac505ec397100e2c1438c5903
17,17,0x5b453C5a3860EDB7a7e1410066f4F7a5f40DF51A,hardwired,34984482,35337540,0x194cccd48de81cddd986357172c62c56e8e7064d23948fb903853aa6709e343c
22,22,0x07545d5ab6D8a7A8BD356a723E7722dEA898Daee,hardwired,34984482,35337540,0x680e113609fe349c69372b5f5264831e549ad31bc74595f3bd890320fde0dae7
23,23,0x71F9CCd68bf1f5F9b571f509E0765A04ca4fFad2,hardwired,34984482,35337540,0x517d4b96a861327ab9ceea88fa93a2cb508be462646eda298984ff3657152228
25,25,0xFc9f3d66Cb037037e3247414DcAc338f8993A629,hardwired,34984482,35337540,0x4b793c2ec5422dc3775ae25ef53edbde6cdf521836f3db54efe03a79cdc6902e
28,28,0x0BD25AAF269cB40d023bE6c80Ab5c8cD08746935,hardwired,34984482,35337540,0x32dda9cfe68d0fe9a8000db24c8134751f9ea8c42f878bc7fa28ce94f3c6cfb0
30,30,0x7117FFB8544CCBB0d6Ad2802dC36D8c066CF74aE,hardwired,34984482,35337540,0xb296da9bb31626bfd00b5aff214d3f61c9481c231af225162b5b9d5b51aacdc7
31,31,0x71F9CCd68bf1f5F9b571f509E0765A04ca4fFad2,hardwired,34984482,35337540,0xb03ba81e51458d69654a084127f5c90ed835127c278cc067557951623979300b
32,32,0xaD128B4FD496Ca73eb54B93529A0519C875125cE,hardwired,34984482,35337540,0x3f02119c4243bdd21e73624d9848767dab51304d6547800587e6d2d20dbe8103
35,35,0xf99A3402B06f7C3aDB6Dc9360Fe1213DdDDDdddD,hardwired,34984482,35337540,0xb9374fd981b020780e650799585242a81317d1f00d162c2477cbf4b06223b74d
38,38,0x52653f7a14903Be0d00CD3225fd3Ace2295c3ebC,hardwired,34984482,35337540,0x8adf51a30103c987ff6df906687f8dc698554f2b6969baefa3c24040c1f94b99
39,39,0x9ef02557bB81557d5FCE437b4FE59b08C724a5D2,hardwired,34984482,35337540,0x1f37097b81c1c62bd6e2e9db4b771867bb4cd4318ae55a9714d6efc5295740aa
40,40,0x27B97F58459F3a27b4D77E549b06CC36F773B033,hardwired,34984482,35337540,0x9fcfdeca915ef5f82abd1bb582c9ec8569ac09b40ae46a08763f96047d6f67bd
43,43,0x5F39f249d3EA2AF3A7F3263CB371D0F506e4F1e5,hardwired,34984482,35337540,0x158372cd67d1f8d96d7205784b5898dd7655cfdaed4b22f9ad8a60931c419987
49,49,0x387Bd4252f4fdd1919e8234C37203Ce4b2aee1FE,hardwired,34984482,35337540,0xdbfafcd990dce67bd187e7d5cc58bc98f7e56198674f07c23b316f766274cf98
50,50,0x968faEeE158B1b382bb1B0518AcD9318Ef82d73b,hardwired,34984482,35337540,0xa6730d4529d3f3d0b49bcb2b8bcf37f408ebe42a941fc33d920d1513f2406411
56,56,0x968faEeE158B1b382bb1B0518AcD9318Ef82d73b,hardwired,34984482,35337540,0xf1894fc16eb7f2d65c46305f00a4ec9d93ff21fcdde03c50cc260cf8abc8959e
59,59,0x71F9CCd68bf1f5F9b571f509E0765A04ca4fFad2,hardwired,34984482,35337540,0x84d5337473f68d3a9ea6e677fa67bdc09780973ff695796a1a7abdae0e4e277f
60,60,0xE595Ed0eee63FE6ceB3e6b6770B9D826223a3737,hardwired,34984482,35337540,0xd9a62d0c954e37ef54ffe1e5f420fb944e739d9914d53c178cdb07b52f970900
62,62,0x58D4671fFc99Af071E1a453531124Db837B3CdCf,hardwired,34984482,35337540,0x29072e08aff13ac51712066346aba5ac703687f961ff9d86c443f9119cc6653b
63,63,0x4aC4a33101aBB2AA21167De2b881429B915818a3,hardwired,34984482,35337540,0x39ba9175fdbe92651f50b2e145877d0b1c0210d6f6d68d4bf414dfc76dedcbb0
64,64,0x93F7ec63f7f29A301C01980b1f8506d7F6Ff3D78,hardwired,34984482,35337540,0xc52d0d6343b411fb1b12b731d348c044649a07d292434ee2efc40ee3431a5ae2
66,66,0x0fB06273b43A96c1286aa2E23FC209fDa089B12A,hardwired,34984482,35337540,0xe5f8093567e0c3e4116faf9fe207dab7e062840040527119452dadd0b13fab4b
67,67,0x58D4671fFc99Af071E1a453531124Db837B3CdCf,hardwired,34984482,35337540,0x19b095ec92ef264727f2fb99954165fda84973935c5fe424ad44ce87685614db
68,68,0xe28601398A5448D1147e6E8b0E0c6d686F0d216D,hardwired,34984482,35337540,0x372063ed75834c04402065c391c13f7ae00637e12ca36b31a5a12fe630a819da
69,69,0x5A17fB43794212F5Fac2298747c8757b8Dd94A17,hardwired,34984482,35337540,0x4357f5c896539b6e1f07364b35e47d8ea91cc2b689507c3941bbaaebcde4c05b
71,71,0x417798bFeBe4D3bE45AD970da1D8a3789a377D4a,hardwired,34984482,35337540,0xafe689f657025be563f50c740cf08a3e679bda8c78932bb992a3408c94708bee
72,72,0x6906A8025A4b7eCc24a5145D1e1d88f745A78Fd7,hardwired,34984482,35337540,0x7a4c8927d10d7b3d482b3a7bfe3bb87be259cf5bdaacc2601c89ce12bfc6e4e8
75,75,0x58D4671fFc99Af071E1a453531124Db837B3CdCf,hardwired,34984482,35337540,0xa1e027f6a57f751ad371e3efe8c3c176cf452dbdefb3d8dd1b70b82efd5f7dac
76,76,0x8295935703d543a6dB78b9EEDE2f67F7d43B8622,hardwired,34984482,35337540,0x568070f4869ead527d6e3ed77b436ab8bbe773b6c839b3b83f9a5789f79bedec
83,83,0x5320bedC1980f5B56D6bDEa71a450a287493142f,hardwired,34984482,35337540,0x1f0e01f415194d88921cdf29841b50117ea251fbb2ccd5515a5e455c650bf4b2
84,84,0x968faEeE158B1b382bb1B0518AcD9318Ef82d73b,hardwired,34984482,35337540,0xf2e5c235861db3932def79474a82acc739449f1900fc2102305f7f8d6680d313
85,85,0x9c3d34751CbDeF9b72530D33Fc40Fc796CFed1b9,hardwired,34984482,35337540,0x0b048fab5a168ab211ed26248f4b950463d948cadcdf754d2433fccd31eaf899
86,86,0x52653f7a14903Be0d00CD3225fd3Ace2295c3ebC,hardwired,34984482,35337540,0x4f863ec48d22ae035bbf76313482c80c1cab722f80704dfcc8e3dff8e39d279e
88,88,0xe495fBb0ec80d15946FFA1c5b059A7Bde18da928,hardwired,34984482,35337540,0xf8b2603b8d3e43402daf3ec680799584d1cf94a5e4e199a36d1debcaa704c0c4
90,90,0x381921Bb1C940eAEcF2bC40a6DAb81f970343299,hardwired,34984482,35337540,0xf0bfeef076e839dee92b8d3d681860e02643abea60ae56e804d67841bb63bc2c
91,91,0x18342C47E3Fc11aCeba1274EB04241f893F3989d,hardwired,34984482,35337540,0x120b1ac7d5bdde0033559bdf7e2bae27efbae2ef50cbc480f7956e4ef18a552a
92,92,0x16A2eA30C129CdF5aEc6179b5E689CFf9dF3B9Ed,hardwired,34984482,35337540,0xf386c229cb470b0533df976e6a9e36f8f8aca0bb50fe813d0842a94e3ad52091
93,93,0x60f49185E47a2843C2eA0b20A880249698636d05,hardwired,34984482,35337540,0xf47ccc0688a2cc127926b2c173441bac4dadb01de51f04e0d3cb2cfc2ff8cf39
95,95,0xaD128B4FD496Ca73eb54B93529A0519C875125cE,hardwired,34984482,35337540,0x97365406a5becf45ee29af3e9026b877988b4dd007301a00c60be3e2c17dca1a
96,96,0x4910E245B9A9C89d73e9D80aD179Ab484C508405,hardwired,34984482,35337540,0xd93f53569e7e523bd95d7b328330e741f0818162d0b04e39583f102e2d0d4928
99,99,0xfc7506d541eE119a64f0d75f907D21408b71A562,hardwired,34984482,35337540,0x07cc61190520a3f46347304d1232266211147e4017093279d72be52543e23929
100,100,0x968faEeE158B1b382bb1B0518AcD9318Ef82d73b,hardwired,34984482,35337540,0x6c7bca4cab941b2bcf95cedca3f88481bd2af2ec8dc09a716d7fb5b5aa3a2efc
105,105,0x71F9CCd68bf1f5F9b571f509E0765A04ca4fFad2,hardwired,34984482,35337540,0xb8ec9469966896ce00dd95549826ed121adf451ac6bd4da2d47387322be99695
106,106,0x1910889Da1a784783cC6be709c3a3427946CAd44,hardwired,34984482,35337540,0x49dbe531bb6faefaeb3bbafc32b654c3b7934ad467bc99b458110fbe31fb7fe4
114,114,0x7345BFbe5f996cBacB15794fE7891fc91A4C662e,hardwired,34984482,35337540,0x254bbe1f5601ceeb358119af59082bbc99b6c595042f9cfa0a2f0a49b2b58721
115,115,0x9689B11B77D799181612227e474AF7da3F49A3e3,hardwired,34984482,35337540,0x4ea52ab5d21dc52201334c6c537ac9fbe3abe171c1ab81b95ba241aa6832de9a
117,117,0x8A494eD488C5BC157E0Fb2983FdFb90E2d63B691,hardwired,34984482,35337540,0x0ea5c4ea083092bfcbf19bd6c6a32ba6a44d4c139fb87de283a093b8209b6fa8
119,119,0x99514773a40f64e52ae3014C7836Cf0E703Dd0b1,hardwired,34984482,35337540,0xcaee8913ea2840199f01b2ce69a75794abcfda72e07b24f5bb6e07a014c804cb
120,120,0x1294815ADB1CCd64c8AEed7b0515EB2003480629,hardwired,34984482,35337540,0xe0f758c09496e37b77f236c13276c77f0558a5cb79280cea6bea969dc20f065c
123,123,0x71F9CCd68bf1f5F9b571f509E0765A04ca4fFad2,hardwired,34984482,35337540,0x6ef5abeadda2c512ee085902f3d7000a9f0669cc3a2c5af1af3afe7a694c3dad
124,124,0xAfA9a53C81CF0FBD747A5215D3e567dc16AA0B93,hardwired,34984482,35337540,0xaa0f0687ca4581e479a820a5718abb245b7c1104a129a3faec5b92aaf12c9857
125,125,0xdB0b65fDc39Fc0bC0AEb014CD1fe5e52699f457E,hardwired,34984482,35337540,0x51b9bef39e63208fc6fa9e11231e46c0dd9e203c339f808788bd835240eff92a
127,127,0x968faEeE158B1b382bb1B0518AcD9318Ef82d73b,hardwired,34984482,35337540,0x41fcdaf16ebf230b05ec5aa631659c6f0959ca35f57d8f9713b4c49904b0b5a2
132,132,0x71F9CCd68bf1f5F9b571f509E0765A04ca4fFad2,hardwired,34984482,35337540,0x7d6ba2392bceabaab9f797881cafb68def886d412a13b594f3f69218659e1a6e
137,137,0x71F9CCd68bf1f5F9b571f509E0765A04ca4fFad2,hardwired,34984482,35337540,0xac76da0101e50b1f4b0e209279186e58902f6fcc499f89087a696a0f6c9a0139
139,139,0xE595Ed0eee63FE6ceB3e6b6770B9D826223a3737,hardwired,34984482,35337540,0x6f8b6c348c607ceb365a69e0cc25e4059be13cec8a9a1b1d8b5b6211832e167a
142,142,0x4aC4a33101aBB2AA21167De2b881429B915818a3,hardwired,34984482,35337540,0xe5915dc176d3b63f15b7878bbe2a7fdb2453b18fb36a14fab98c84d7f5cc32fd
143,143,0xAfA9a53C81CF0FBD747A5215D3e567dc16AA0B93,hardwired,34984482,35337540,0x55892363155fed2d8c47e4de5a1689b673c9126954d23e3498d200deabe2b463
144,144,0x6981A22A6EfE33E2572Cf98C36cCF9336D657050,hardwired,34984482,35337540,0x64ea687e00885115667833079435d2390d8acde6c54ea5cd34bf12957a09e920
147,147,0xEfb19323C9832248Bf08e1080AB15F6a394941Ba,hardwired,34984482,35337540,0x921e4e3d99643ca385247c2fcc46105b4bc033c2ed63a9768eb412197e23ac00
148,148,0xaD128B4FD496Ca73eb54B93529A0519C875125cE,hardwired,34984482,35337540,0x5774366b52d4e292e28881fb90d7a2d28c474f9cde85117e399b71f2c68d78c1
149,149,0x9ef02557bB81557d5FCE437b4FE59b08C724a5D2,hardwired,34984482,35337540,0x2e0ec0012394260104ba7e08c4ebf48588eedb8f84e80ce26b150e4f61430dc2
150,150,0x648fd29Aa020FEBAa1b36d9BB125D20eD8712d09,hardwired,34984482,35337540,0x2c836f2a8201aa868620d50b0066f080a651671884c8ce0340199a78dd3545de
151,151,0xAfA9a53C81CF0FBD747A5215D3e567dc16AA0B93,hardwired,34984482,35337540,0x0d2f457d231673eda489c11c0884a651a940ca220423731eaf1930b3bca34b37
155,155,0xeCEb30eA282cd2Ea3669794d5CB3f79799999999,hardwired,34984482,35337540,0xc54be0750e8e73158b26219c1b9917863470a0a15f0e63c35721f27778182321
158,158,0x1136A1520d9234CA514Ad7c6a0ab2BB544dd13D3,hardwired,34984482,35337540,0x4f0d06168349c5de9d789a535f521ab9c87f1678a42342f1027f851019b3e400
160,160,0x968faEeE158B1b382bb1B0518AcD9318Ef82d73b,hardwired,34984482,35337540,0x6747ea76f0b037df2f8bc1c37ca49029b137e6e9a37cbb79ce1ba1bf4162f4c6
162,162,0x3875Cb7c71D18Cf43693446b33723aFDe80c06BD,hardwired,34984482,35337540,0x0363b73d11cbd10deda6e6bb8b6c9b528c88b5958044f82fd491fa6bba3aab37
164,164,0x1136A1520d9234CA514Ad7c6a0ab2BB544dd13D3,hardwired,34984482,35337540,0x1962cda80591f12c2107438289279124e629fe6a9f0da5b542e2c3ce9a057272
170,170,0x9c3d34751CbDeF9b72530D33Fc40Fc796CFed1b9,hardwired,34984482,35337540,0x6d077059459849eb047090bbe25cfc1c9db6bee5b19b8d6c8329b1f695f880e5
171,171,0x0A33BB5047489ee4fad6604F3fA5FC65E4Df378c,hardwired,34984482,35337540,0xf1311115ebe8d3c3761ac1ab3512bb1ed880740ddc58b3d86e11622e9a05366f
175,175,0x60f49185E47a2843C2eA0b20A880249698636d05,hardwired,34984482,35337540,0x1692bc92b26fa768839879a7a7e3809ae7584181d05d73e95ba35327de6a96ab
176,176,0xb55Df3a73E9f8bc8E41E83f387695EACDaB269D2,hardwired,34984482,35337540,0x71976741d967507242d925c4ccdee5d51d81424e45e7e54c212a405a2db75b89
177,177,0xaD128B4FD496Ca73eb54B93529A0519C875125cE,hardwired,34984482,35337540,0x861038de6db2a52edacd3c787042f96b4c22a437e5d47888c5417085ce23b681
182,182,0xe28601398A5448D1147e6E8b0E0c6d686F0d216D,hardwired,34984482,35337540,0x2d92d69870826725aa0f230cceda288f124168141501a537c38bcf8bac1009eb
185,185,0x8e8f84b84102Dbe31Fd8Fcec07d8eFE8cA66e79d,hardwired,34984482,35337540,0xd90654fdf641ae6fa4ca92ff477f85ba0fb03253fb870626b21ddda74435681b
187,187,0x9ef02557bB81557d5FCE437b4FE59b08C724a5D2,hardwired,34984482,35337540,0x920f82eb074a862aaca7338ccea57229e3a0b02d8620140051a93e5a0fa5638d
188,188,0x2825CDb4A71AC7942DA889f1ff72d536a8209343,hardwired,34984482,35337540,0xb3b2d28750e48ef018068f71c61d6fdffd76246c7de7a07078b4ba8ad496ab57
191,191,0x9ef02557bB81557d5FCE437b4FE59b08C724a5D2,hardwired,34984482,35337540,0x4dfae39b76c2419db90b34ec1d1201dccc4a585e42e16bfaef8fa7fafbe08d8f
192,192,0x58D4671fFc99Af071E1a453531124Db837B3CdCf,hardwired,34984482,35337540,0x096efa1059cb42f157afcfed34c9ffd7a3b42c95c6fb53325e16664aef58e771
196,196,0x8A3E6d8E8D08F68D480824646707D463F27655aB,hardwired,34984482,35337540,0x1a1353d29580bc1762b736dc709f2e2c781261a3dc08888e4830976f2201d57a
198,198,0xf4C4a59049C4253860FfE93C088030EE5137f8AE,hardwired,34984482,35337540,0xfa7f867489491dd0fc2d048ed6a20a2db180175eff7b1acedc0947c964a09d61
200,200,0x7345BFbe5f996cBacB15794fE7891fc91A4C662e,hardwired,34984482,35337540,0x9462c943a6854499895c4e0a0fcdcab197bab4793c3733d3e092b857f30f769f
204,204,0x71F9CCd68bf1f5F9b571f509E0765A04ca4fFad2,hardwired,34984482,35337540,0x90be5e901306ac7b64331b547c5c12065b5dd7f47c377c370d65b33a8c30c39f
212,212,0x93ddA8BFA0F91AF4e23a5CAD662EBC13649FfF5F,hardwired,34984482,35337540,0xb202042a65ea38a112b4feb293dad093ad77457ec523b97b5dde080a968474f0
214,214,0xFc9f3d66Cb037037e3247414DcAc338f8993A629,hardwired,34984482,35337540,0xe438bcdbdef08fa6219705c60ad55984cde48957fa54f52a29e8186ce71f6e22
215,215,0x1910889Da1a784783cC6be709c3a3427946CAd44,hardwired,34984482,35337540,0x90ed177b5ce5fd972faab5732fd70fdc4604159f1a5ddf967cd5f8a14ff09ba8
216,216,0x9ef02557bB81557d5FCE437b4FE59b08C724a5D2,hardwired,34984482,35337540,0x9270a69b9f6fc181f209da3a970c32099c8e304738e68b583ed4f567e3cad9c7
218,218,0x8A3E6d8E8D08F68D480824646707D463F27655aB,hardwired,34984482,35337540,0xc1e36a8272964c1e368dac09ba1f7af2977be0bdbcd41320ceade400dd71a9da
219,219,0x71F9CCd68bf1f5F9b571f509E0765A04ca4fFad2,hardwired,34984482,35337540,0xdb1aec9e13c7db64f6aba721d404cdfd9ec1da4fdeff777b8c3cdc1da87ea05a
220,220,0xFc9f3d66Cb037037e3247414DcAc338f8993A629,hardwired,34984482,35337540,0x54aeeb52b86025af7c03b02a7a33fd0ebb8caa67fb50f7bdfd5504028fbc5d08
224,224,0x63dB185dE4f443Bd0A64b9593E4fBF7D0F2Da1e8,hardwired,34984482,35337540,0x09c0d64fbb12f8031253e41202009e160410801f5b4bfa678c01447d0fa73f90
225,225,0x1910889Da1a784783cC6be709c3a3427946CAd44,hardwired,34984482,35337540,0x45e9c56bcdbd03fb654062bec9f0b533c2da4b065cd6790eb90d7e0c8bdf0077
226,226,0xb5F0452bB5358b3e2b73a8518EfED4BF647c8D1E,hardwired,34984482,35337540,0xda5694b49f23b5b0c0d1fa9d6324be4707bc226eacd920702f637b9f8d13ca47
227,227,0x9ef02557bB81557d5FCE437b4FE59b08C724a5D2,hardwired,34984482,35337540,0x7079936c990e06bb991c50bacf10cdeec806ba683d606cff8eed171716452f5e
233,233,0x74e056C46dF26FBB47965E462194848fD302964a,hardwired,34984482,35337540,0x2480a63fa09f94d2fd95173fa7e8fdd8e3636d776f73168f66deda632e2823fe
237,237,0x71F9CCd68bf1f5F9b571f509E0765A04ca4fFad2,hardwired,34984482,35337540,0xdcf91910547ccfcbc9947a61f2800b83b3b3d887c1984c81076817737be5ea99
238,238,0x530b7e7DF6A5B5F24ABa1373E6F245C5a72f8eD5,hardwired,34984482,35337540,0x3344917f6dfafb6e65ce63998a9aab6efe596210fa92ef6fc6c21e36416dc819
239,239,0x71F9CCd68bf1f5F9b571f509E0765A04ca4fFad2,hardwired,34984482,35337540,0xaf715eb0fcd279ebbe5c5f79047c353f5ff1394c84b68119426195391ccc6eb0
242,242,0x0A33BB5047489ee4fad6604F3fA5FC65E4Df378c,hardwired,34984482,35337540,0x55c104126b5f3369668d5719211cd6201d02c9ea205c47fb1785ec3d84e9027d
243,243,0x07545d5ab6D8a7A8BD356a723E7722dEA898Daee,hardwired,34984482,35337540,0x7fd161318873f0d0d6fdc20c2bdf0f428d3ffd7a3f0904cd6ce2c7f3f511589f
245,245,0x7345BFbe5f996cBacB15794fE7891fc91A4C662e,hardwired,34984482,35337540,0xc5e21f03eb08160c19400acc3844471598a0ffbcee1dc9f0cb0ee3e08f0acf87
247,247,0x0fB06273b43A96c1286aa2E23FC209fDa089B12A,hardwired,34984482,35337540,0x44755e99f34d830e6147dcbfaaeef46c35187d8b52d14341dc5984f9e9896bc1
251,251,0x165B8AC3dBC3221C9fc07359AB7fF9CeFCaF0B1D,hardwired,34984482,35337540,0x09932fef15e1dc0aa6d84b69c1535571f977da4dc40a803d7db29ab301588cfb
256,256,0x968faEeE158B1b382bb1B0518AcD9318Ef82d73b,hardwired,34984482,35337540,0xa9d3b474f66578253fff0dc1c4d386ca090194a205da4d159ee63a10d382f823
260,260,0x1938d569aD28E435b644A9c191cae54B17a55711,hardwired,34984482,35337540,0xa5c955dece5585f0c7a8fe1051707a15e78a6e243da75c87e750debabd681638
262,262,0xde79bd3bC8B883bCBC8a76593D6ca82097802f21,hardwired,34984482,35337540,0x6a8cc6f361bcc71614cb43722c6fa73c9c63ba9076824f5baa75d7633637a388
263,263,0xB0f840b7E0Aa17259f5036081d86F6c07d64930d,hardwired,34984482,35337540,0xa973b5794e77618358f7aba25243e83cdf47a45037489b504a45830d42f74812
267,267,0x5EdD4bF18EdB9f7105D32753ECC1959B9fDf30E3,hardwired,34984482,35337540,0x75a7919ac031022a5419b2ee433b9669354b230b0d355ab675613d8f190898cf
272,272,0x16A2eA30C129CdF5aEc6179b5E689CFf9dF3B9Ed,hardwired,34984482,35337540,0x30742dd28d7ed739928c9c8fb5890a56725c76ac547c7a44da8ccdd606b8a720
275,275,0x93ddA8BFA0F91AF4e23a5CAD662EBC13649FfF5F,hardwired,34984482,35337540,0x6eb62bbccb0aa45a6c987be9a3858700b535649ba9fd5d0eff322b10a5c0476a
276,276,0x5F39f249d3EA2AF3A7F3263CB371D0F506e4F1e5,hardwired,34984482,35337540,0x366f0d62149a4377a9bd0d52c14dd17cd66bbdf1e6c43ff64ee3ae8c173808f2
280,280,0xa64c6369C0d4c61AeeE1f8997bCfB4022F2C614b,hardwired,34984482,35337540,0x66a442649bdc2623c1a6debeb2a7bb6b2e2e3bb18c0e941a53a432adb64c3a9d
282,282,0xa64c6369C0d4c61AeeE1f8997bCfB4022F2C614b,hardwired,34984482,35337540,0xd84220e511c9621f4233d051ffb04f6db2800f08be6bdc4ffe584cb6d28bb8b3
283,283,0xd271e9691007D2175CF4926c4bF52c6f8E0B86b6,hardwired,34984482,35337540,0xe11cdcb88b52e16d7556d7421f3a5655ed66ad69151b7daeb40ac9031e6c8b7f
284,284,0xaD128B4FD496Ca73eb54B93529A0519C875125cE,hardwired,34984482,35337540,0xa153f6524b514accbaf5a8ebad680e807f4d89c087fe62f70c710ce02bbbf96f
285,285,0xd813771D3938e7acd0175BcF938cd6bb071d72Ff,hardwired,34984482,35337540,0x9960acb2624f3d57667202d22a2c151f66db13587dfa5322bb17a485c256fa85
288,288,0xCBA3CDe0dbe164518B45E827004089303948E7CA,hardwired,34984482,35337540,0xd0d701c3671aa20988cdac42cdb776079aa668e4d6c7a123c4333e6c18681fd2
290,290,0x71F9CCd68bf1f5F9b571f509E0765A04ca4fFad2,hardwired,34984482,35337540,0xd0655b7c2fb6ec6595542dfbcd4e52c2ff6dfb414cf027057775db670660eb24
292,292,0x7171E64E979265aeD6588577D1c6b60A701d7866,hardwired,34984482,35337540,0x7819b302d50f73f07d9090a4d51437b72ffd5db91ec679d1dcc1da808e6d5de4
293,293,0x968faEeE158B1b382bb1B0518AcD9318Ef82d73b,hardwired,34984482,35337540,0x674275fc8cfe22cbc9e615ba10957137769a1f3c5167e4f149648ae138dd455f
295,295,0xFF60c38F0343a8b8De07c9770266764c452A368F,hardwired,34984482,35337540,0xa4ce611b83601e5f182a333002946d1d6b6c3a8ca7a6ab8f3e5c81a6e56ce083
297,297,0x4aC4a33101aBB2AA21167De2b881429B915818a3,hardwired,34984482,35337540,0x6c2aed2b9d9f5156af7699f354b648fbc639f1d898d8ac958baf43bc8f03cae1
298,298,0xFF60c38F0343a8b8De07c9770266764c452A368F,hardwired,34984482,35337540,0x5899e1350f4ed5aa659be9f67e158b13f34bd004c3b1df92faa9521ddb874c2a
302,302,0x7171E64E979265aeD6588577D1c6b60A701d7866,hardwired,34984482,35337540,0x61a75cd39d80252bc5a9826009ca3a317bbec194f8714c248eaac8f840500c45
306,306,0x8A3E6d8E8D08F68D480824646707D463F27655aB,hardwired,34984482,35337540,0x0df46ef84f436d730771f3f08c538f8bcee48788fcbeaa627477cf63be2b8007
307,307,0x9ef02557bB81557d5FCE437b4FE59b08C724a5D2,hardwired,34984482,35337540,0x0a16044f2bcfa1444bfe2f5819ed93dc4f0348de3e06e8549e860e49268ab119
309,309,0xDb363862E5e73a7ce226730de475C507547cD4c2,hardwired,34984482,35337540,0x84014b32377c5bdff78828e0d0870764f54d364d84bb5e3ea5bee66c068ad5af
313,313,0xC8EEC27c99f9870Ad3eDcd5E67dA800AEBFa2183,hardwired,34984482,35337540,0x56b040cbf1a83dc461575afc5414ab3798761218ec7bdfe9acec418092097a6d
314,314,0x863961C44588ED047efC987c7073F4100Ad40a19,hardwired,34984482,35337540,0x69ddd21430326ba7d0a34a45a97702036ef70eafbb282aad32fd3e0062219e8a
318,318,0xBdf6BCfF10Dc7BDbcF1c186523434C65fD41a6bD,hardwired,34984482,35337540,0xcb66fac47a4f9e4bcbf1fd96d6d5d095895ef9799eb9f697722707c657dd6b5f
321,321,0x1209510784320867b1380277a67a00Fd2865659f,hardwired,34984482,35337540,0x96ec6bec6b775b60496117fc229a045cbcc9dc6aa5638cda8fbf8a876d158a7d
322,322,0xa64c6369C0d4c61AeeE1f8997bCfB4022F2C614b,hardwired,34984482,35337540,0x0f5c35e25ef5653479984bc2f562c23092c07a1e910a3014198f58dcdf1c485f
324,324,0x9ef02557bB81557d5FCE437b4FE59b08C724a5D2,hardwired,34984482,35337540,0xd4c9b21e3b19a039e57b6964e22cd3fab65ce1505e9c1b0b93d9be13e446d88f
327,327,0xc112Fdf5dC4D896A3E93e1ab75ea7fa1e60B407b,hardwired,34984482,35337540,0x18e388a47d63ed815ff9fee44a6b1dab6f2b7c078ead32f9180cd8b93056fa64
328,328,0xEfb19323C9832248Bf08e1080AB15F6a394941Ba,hardwired,34984482,35337540,0x1115b9879fa1eec14a60426c98d4e82357fadefc955a04703ba8a45fe47ba2a8
329,329,0xaD128B4FD496Ca73eb54B93529A0519C875125cE,hardwired,34984482,35337540,0xcd95cca1ebc28b6200af695952c5f5d81cd5b8115a01ca935c4fe59f7f1a6c25
333,333,0xFF60c38F0343a8b8De07c9770266764c452A368F,hardwired,34984482,35337540,0x216187a818ffde49a2b075d3d98bdc0e96ce05a360d281c7b8dd7ecfbb7fbd6b
334,334,0xd813771D3938e7acd0175BcF938cd6bb071d72Ff,hardwired,34984482,35337540,0xe2741ef3df45bfa662c4fb1cc7bd5919d4563020b256f7257171a08c6fcd2265
335,335,0xaD128B4FD496Ca73eb54B93529A0519C875125cE,hardwired,34984482,35337540,0xbb569418a6419c31ee451ca87302f68f84f481a87813995ecafb53a87b35e73e
336,336,0xFc9f3d66Cb037037e3247414DcAc338f8993A629,hardwired,34984482,35337540,0x0ac8b8dcf4217fd0f5611cfb52f7b6c096ee990901776a5dc39184550fa18edf
338,338,0x968faEeE158B1b382bb1B0518AcD9318Ef82d73b,hardwired,34984482,35337540,0x4726f7a8b830ec7522aa67d134bab1edc56d77e163ed92b3288476dc126064a2
340,340,0x968faEeE158B1b382bb1B0518AcD9318Ef82d73b,hardwired,34984482,35337540,0x387c843297f5e462742c284591e7e6720051a9edf4938c10513b3eea05485b39
342,342,0x6A92B04612F647F048c24951673d45471C7E18c7,hardwired,34984482,35337540,0xc9da3af96318e9ea26204020e29d194d75d21ba4ab21dfb678499092c57cd936
343,343,0x5320bedC1980f5B56D6bDEa71a450a287493142f,hardwired,34984482,35337540,0x6d2606f772b55875ce5dc1a655e1d666ededb2a488ad06437337f870970bcc62
345,345,0x3875Cb7c71D18Cf43693446b33723aFDe80c06BD,hardwired,34984482,35337540,0xb4d6e651284b277720cbd7102a292bcbcf9032972a4931d0619c6580f51e9d74
348,348,0x2825CDb4A71AC7942DA889f1ff72d536a8209343,hardwired,34984482,35337540,0x7978cd4000d1f3ac616039bf72704865d49f6b36888602ecda370d75953bd205
349,349,0x4B75fC23Dc360538bef714662F4138A4Dcd518B3,hardwired,34984482,35337540,0xe899a20d528e01ab53da9f9c2b03f610ffce1de0c7d7713b83ef6368d2ee4f1d
354,354,0xDCb5fBAb9c772aE33700f6587C559E00c9525239,hardwired,34984482,35337540,0xa1211bc54568972696888e67c3be4eae9b61b7dee49f2500e542aceaf1ef1a14
355,355,0x968faEeE158B1b382bb1B0518AcD9318Ef82d73b,hardwired,34984482,35337540,0xbafbb988110da5d3f50c0682ae3dad139bf3131928ac3d45c8fd6ac15c9e37f4
357,357,0xD2B1AC8Bd4D12FD3126263498e7BE87c49A58002,hardwired,34984482,35337540,0x8feb2ab249a1daa7d0d07443e7263ed0bb6386425e720d0d02a65c79390c5143
359,359,0xaD128B4FD496Ca73eb54B93529A0519C875125cE,hardwired,34984482,35337540,0x9e07ba2fa207cafb879df720717316afac3256b2d47259c210bdbfb0f1b9ec55
360,360,0xDe93A926D8059d9d20a93B709312bF2cd8a7046c,hardwired,34984482,35337540,0x7bfca94ef37a1d9d86842883cfe12dfec385f4c2cc72b43834b9f618b4e39015
363,363,0xE595Ed0eee63FE6ceB3e6b6770B9D826223a3737,hardwired,34984482,35337540,0x5668e37d0278debd23be10034f8e8559b2db33caea7a899dae6b281578729078
371,371,0x1ff67d19f75ad2F9375db66d6d27F29BCe8b56D1,hardwired,34984482,35337540,0x901127016bcb9e33feea9226a4379ac79e98327e0811a9cde06e731799577d1a
373,373,0x4aC4a33101aBB2AA21167De2b881429B915818a3,hardwired,34984482,35337540,0xd6b50b63c0cb49d200e6e0ba7718def6c0bf485a70b61d29a7dcce512a0a1962
376,376,0x93ddA8BFA0F91AF4e23a5CAD662EBC13649FfF5F,hardwired,34984482,35337540,0x6ecf79cae0351cc47bd3d6f80ca5fe2d708b5973b3dad11488c2508009af0abb
378,378,0x3875Cb7c71D18Cf43693446b33723aFDe80c06BD,hardwired,34984482,35337540,0xf957343787835a46a76f11a9f3aa337b9e029e5d57ab0eab9996e3c7d2477e97
380,380,0x0D90934796058214969880D861E0973EEbcb62f8,hardwired,34984482,35337540,0x8312a0c1d704323d15314a139d38b7b3b5de0ec5d0f41879bc246a1d5a4497c2
381,381,0xe28601398A5448D1147e6E8b0E0c6d686F0d216D,hardwired,34984482,35337540,0xc77470faa90854e9071df66da2ae34acf4f550fa310bf35b8ddf377c1ff08e3f
384,384,0x71F9CCd68bf1f5F9b571f509E0765A04ca4fFad2,hardwired,34984482,35337540,0x2c3c7be744ea4db6620c7f0470678c892349ae2db0726dcd435894d61a44ad0f
385,385,0x71F9CCd68bf1f5F9b571f509E0765A04ca4fFad2,hardwired,34984482,35337540,0x16df74957aba6363e8a568b2b6662529304cf80557f2e6e0605ed188d251076b
386,386,0x968faEeE158B1b382bb1B0518AcD9318Ef82d73b,hardwired,34984482,35337540,0xce9055f98df51590cd623b6f79bab7e16c6d376751c6c913f201390177aa8e38
388,388,0x9ef02557bB81557d5FCE437b4FE59b08C724a5D2,hardwired,34984482,35337540,0xb8135b4faa222f28a91786255bc2f5c89d7ac262bfa69ab00a28ddec15620ded
389,389,0x915B472dfA70C8FE9D074a8c859089c44252D6b8,hardwired,34984482,35337540,0x789a6e30d4de779f093fba5d0ff79c8e5a2115480f3e037fa2efc46b7450bde0
390,390,0xE595Ed0eee63FE6ceB3e6b6770B9D826223a3737,hardwired,34984482,35337540,0xd8e24057e219dc4bc7cdcb9274572f0b0540f17806d3840dc0b1d65279594c33
392,392,0x71F9CCd68bf1f5F9b571f509E0765A04ca4fFad2,hardwired,34984482,35337540,0x551eecb898e0f5f74361fb5c4ba74aa8bb0face100a2ff1cdac5b505ac616433
395,395,0x71F9CCd68bf1f5F9b571f509E0765A04ca4fFad2,hardwired,34984482,35337540,0x669ee3f656260ee374c2afd15b12732668bac26c4e7aa23ff155621cbb68453f
399,399,0x0fB06273b43A96c1286aa2E23FC209fDa089B12A,hardwired,34984482,35337540,0x923980e585a400bbb3cba6f481a984aacd4d9e0c85a728878778a1c79e712b4d
401,401,0xeCEb30eA282cd2Ea3669794d5CB3f79799999999,hardwired,34984482,35337540,0xa8b827eb75b4cd83db10a519954ee28a9a83902c6f637a5f8efad408b475b067
404,404,0xa64c6369C0d4c61AeeE1f8997bCfB4022F2C614b,hardwired,34984482,35337540,0x956adcecb7978edecd021b7c1aabf0725a32363be4d4e818996169cfe11228db
405,405,0x93ddA8BFA0F91AF4e23a5CAD662EBC13649FfF5F,hardwired,34984482,35337540,0x7d94881b543eff0e106529d23264e6d36f16d0aace5333993aedecf30e207d9b
411,411,0xFF60c38F0343a8b8De07c9770266764c452A368F,hardwired,34984482,35337540,0x2e743121a546051071b9955713daa667ad68f872b04d3ca57abdb30d4741f197
412,412,0x74e056C46dF26FBB47965E462194848fD302964a,hardwired,34984482,35337540,0x510d6a40d5424302ec639f0cfd18fd195d297c7eadb12d9d213a2c581709e27b
417,417,0xb2F9B85b8ad7E2ba37C076501B03B842c1409878,hardwired,34984482,35337540,0x2f2fa102b609897b4a7800fad2db7b95480e88e687f08f01ed7f8af7bec3a13b
418,418,0x4aC4a33101aBB2AA21167De2b881429B915818a3,hardwired,34984482,35337540,0x5f2f87995f11f0407f2fef0a0037787c067269ff2cc1b5a5fff88ea093bd0433
419,419,0x9ef02557bB81557d5FCE437b4FE59b08C724a5D2,hardwired,34984482,35337540,0x38e40d91ecc44d9cb165c5241935b0683c533d37da2a2dcd95a369eb8f5e8f12
420,420,0x07545d5ab6D8a7A8BD356a723E7722dEA898Daee,hardwired,34984482,35337540,0x939ccc039a1b9141aebcf10e188b42e0aeb1942ae7be8fb643a8dbdfbd8fe120
421,421,0x942E7F82956B17C6d735D8404D24AEd30a816160,hardwired,34984482,35337540,0xa1c16d0b3acb58d911b000df12ab19c1e96aea00fc0103d5ad3f882c29aba83e
424,424,0x58D4671fFc99Af071E1a453531124Db837B3CdCf,hardwired,34984482,35337540,0xd514e5319aec0f9011c19ec60811426aed0d43a2d3add854614b36fbee066b2d
426,426,0xE595Ed0eee63FE6ceB3e6b6770B9D826223a3737,hardwired,34984482,35337540,0xf9b44e0a36a957f6ec8e2e0654fec65ec79711b7ba40e8dfdb056befe51ae03e
427,427,0x1938d569aD28E435b644A9c191cae54B17a55711,hardwired,34984482,35337540,0x24e10c2d4609ea1dd505e6080c59e63a4812ae1a8ea903ded0d82a7ae45de08e
428,428,0x968faEeE158B1b382bb1B0518AcD9318Ef82d73b,hardwired,34984482,35337540,0x5eeae1126ca37e03694fd5d59ca124e57d355d104dc2d46006f932937f9ccd5c
431,431,0xaD128B4FD496Ca73eb54B93529A0519C875125cE,hardwired,34984482,35337540,0x2aac65fc3d955e398292f692e3ec9c0b3ade3541163cc46f0b78ec0b30616814
432,432,0x71F9CCd68bf1f5F9b571f509E0765A04ca4fFad2,hardwired,34984482,35337540,0xaa19fcb80c84e3466ea196ee6804299819ba9a0986c450b0466710c4dc9599de
433,433,0xFc9f3d66Cb037037e3247414DcAc338f8993A629,hardwired,34984482,35337540,0xc579505631db55fe2395d997cf9640149c5ab2330163aee113f61f1b02eea15e
434,434,0x979e0F6B06153D9E771D63E8070BA50a533781dE,hardwired,34984482,35337540,0x88f791aeea07fd122c7dd5bd501a378579b9b665bcc2b04f6d0e7af473e8ff80
436,436,0x18342C47E3Fc11aCeba1274EB04241f893F3989d,hardwired,34984482,35337540,0x397b59867c7bccfac8a54407c4561c3bacd091b4ba3ab07c3433dd82320eaae9
437,437,0xeCFD3F182CF7D96d906D120b179BA550cf008bF1,hardwired,34984482,35337540,0xd9d6b644076cd0d62b7a9f94c2a877af2ae197faee908d14a8bcc095e43dc2dd
438,438,0xB92a9F4a71FE2c5baD859e68e4d9c2E1625bB353,hardwired,34984482,35337540,0xd61300269e25c1112fa144c61a2b8a4a8ebee4eead4d042513e82debf2bcc271
440,440,0xEfb19323C9832248Bf08e1080AB15F6a394941Ba,hardwired,34984482,35337540,0xac85e6ded0d464cd4a505241873b7f28ef147ae9fc3569a074f4209fa3dc519a
441,441,0xDb363862E5e73a7ce226730de475C507547cD4c2,hardwired,34984482,35337540,0xe4cade4911d14fae7e3561570bddb732873939d54bcfc2ff2923b909f94b832e
443,443,0xe895F4d37Da4A5e31E507B2420C3281eCBF9F3f9,hardwired,34984482,35337540,0x731cd388a5d3331e67a83e7b7ffbdc26dbf514e6f24534bf4eaabf063025919b
445,445,0x0D90934796058214969880D861E0973EEbcb62f8,hardwired,34984482,35337540,0x08086f8a557559a73666d39898f224fef111d55f08a03144aacb23f8bda74e00
446,446,0x968faEeE158B1b382bb1B0518AcD9318Ef82d73b,hardwired,34984482,35337540,0xd5d7a45cf4a2b0a546bad24e2f783ff0100aeb40afd2b1889822b2c112d2923c
449,449,0x16A2eA30C129CdF5aEc6179b5E689CFf9dF3B9Ed,hardwired,34984482,35337540,0x4d691a03e3626279fc02039ebb44547747e82f4b8c8073bc319732249c074639
451,451,0xc606e1D27120fC4856dEF95DA5Afb1d3cFd054FB,hardwired,34984482,35337540,0x91f5945d96d1cbaaaec4929d4f0e98f1d16c76ab42e18b5622caab99fdc9ce71
456,456,0x1910889Da1a784783cC6be709c3a3427946CAd44,hardwired,34984482,35337540,0x801e75865b099828aa8b5ed805d8b769ee9f48d8b6ff40dd8a669d399062c766
459,459,0x63dB185dE4f443Bd0A64b9593E4fBF7D0F2Da1e8,hardwired,34984482,35337540,0x9bfba980d9ec08b29b58cbdaa734d5dd95aa45c84b03e39a1a03a5caaebd2217
461,461,0x71F9CCd68bf1f5F9b571f509E0765A04ca4fFad2,hardwired,34984482,35337540,0x020c8b83f7fa7b07456762f22aa5225f2bcc28312f01d90c01e8062919120219
463,463,0xb5F0452bB5358b3e2b73a8518EfED4BF647c8D1E,hardwired,34984482,35337540,0x99f7a199abdbbf91aad894212224e469c0d25e4fd6330723e2c977a1cc54699d
471,471,0xF3Eec7DB82D12a2B2469534C9323d9558d008B91,hardwired,34984482,35337540,0x15e307577abfaece7469c9990ad5f32034ac3881b34c1a9afb24e330f3db9c41
473,473,0x71F9CCd68bf1f5F9b571f509E0765A04ca4fFad2,hardwired,34984482,35337540,0x0051aaa12b1509bed3960f518842e446e91d9797ce1f5c7aa00baab3e58e3a86
477,477,0xE595Ed0eee63FE6ceB3e6b6770B9D826223a3737,hardwired,34984482,35337540,0xab7fc4cc115f65d3b5e9edbcf9e2df5b72378ed93a762d8e08ac9f293cda4f3b
478,478,0x27dA6F24Cd437BC0A00469E19aD8342b7f2e50E3,hardwired,34984482,35337540,0x4d75574ea8b1ab2797ceafe8ab509a7fbcead8da3940bec3e0fa6f18e9ed7d35
482,482,0x58D4671fFc99Af071E1a453531124Db837B3CdCf,hardwired,34984482,35337540,0xb647938d62334f6dd3095c5b8d71a42330250df9fd0ec564fcca4237e1cb38e2
483,483,0xf4C4a59049C4253860FfE93C088030EE5137f8AE,hardwired,34984482,35337540,0x32842e0812dbd15d3e480ae6d55a3ecf2d2e094cbd9de47830c80dd3566b1b5b
484,484,0x131b857b0B78b3CF8417e7B870291cA39a38A40f,hardwired,34984482,35337540,0xee7a1fcbe66e918c7d8727bed06c675a99f88750438dd7bbfa50652473b385e9
485,485,0x93ddA8BFA0F91AF4e23a5CAD662EBC13649FfF5F,hardwired,34984482,35337540,0x859a80f6b3720d0ebcb49222d08b4d5ae7fda94cb3375dc4a883df5c4fc88fc7
487,487,0x07545d5ab6D8a7A8BD356a723E7722dEA898Daee,hardwired,34984482,35337540,0x9ee6d15d99852d1d506702802a0b6c1dab7385143489e27bb2ff90ab0d9358bb
489,489,0x71F9CCd68bf1f5F9b571f509E0765A04ca4fFad2,hardwired,34984482,35337540,0xdfc8eb01055cffc90aa338e10e5e9cf9c08e999dea63a5724b72451f6f4f8ba4
490,490,0x8295935703d543a6dB78b9EEDE2f67F7d43B8622,hardwired,34984482,35337540,0x8c37e0e33b993b3d5e102787719e8eef8c12035e849fc41acb07efb22effc235
494,494,0x24d6A5d5F85946Acac1adc21a4baB9d46dC8adaE,hardwired,34984482,35337540,0x09ed4fc252e4a3c7d4afd5d5f7f9e50ba33db4b8b25370c3ca2abc1094769c9f
495,495,0x58D4671fFc99Af071E1a453531124Db837B3CdCf,hardwired,34984482,35337540,0x54de54608d5144c647753817a894bd674968ac99b59ff868dd660d908587f95b
498,498,0x58D4671fFc99Af071E1a453531124Db837B3CdCf,hardwired,34984482,35337540,0xaee47baf4c1668e47f73421573d3e9355aeebebd84a1da6e4e674939360fc380
499,499,0xaD128B4FD496Ca73eb54B93529A0519C875125cE,hardwired,34984482,35337540,0x43824afa5f9cbc107925e250aeb7f3a6ff4a3be95036b761c5212e7cc89ff169
502,502,0x71F9CCd68bf1f5F9b571f509E0765A04ca4fFad2,hardwired,34984482,35337540,0xfcbea86d87617e162fd4f653916c77d5576a48539d44e5bab053fca513e53be8
504,504,0x387Bd4252f4fdd1919e8234C37203Ce4b2aee1FE,hardwired,34984482,35337540,0xd5252e3ace649d0162a40108823ca9cab62b50ff928f66e86fdb427492f688a4
508,508,0x968faEeE158B1b382bb1B0518AcD9318Ef82d73b,hardwired,34984482,35337540,0xa89391ac9d33caf52f02c518c008fde55f8954b6e13493de4e4771ec8f49e3e8
509,509,0x1F433b00614C8cFE54da61301C0a2457203CC6D9,hardwired,34984482,35337540,0x0f21f06b9be540ac87916cb91c38f21b42e441e296302165affc3ef60b075ffe
511,511,0x1910889Da1a784783cC6be709c3a3427946CAd44,hardwired,34984482,35337540,0xfe853aacfad2f1a9aae32e5eb040a2e18c3361d387ac7d15fa949298e4c73a49
514,514,0xe28601398A5448D1147e6E8b0E0c6d686F0d216D,hardwired,34984482,35337540,0xdb3d69a49132f5891d90d8d8d209133c329d0119bfbc7fc5c97863021435539b
517,517,0x9863058b0369F03736d5b1E863d4Ee26559a400f,hardwired,34984482,35337540,0xf36a22b93d0a944d50128af3fb59c2c5df585f4ea73b394a54aba669ba2236eb
519,519,0x2538372ef861fA766C9AcF8Cb735CcA3415276D2,hardwired,34984482,35337540,0xc96474534cb451fe888f20eba57a1f150f4d673decc06a87652e0bc13249a7e4
520,520,0x968faEeE158B1b382bb1B0518AcD9318Ef82d73b,hardwired,34984482,35337540,0xdf552343ac7135e5df77552095d28626ee70a39dc56f5504ebaa98006b983139
524,524,0x9689B11B77D799181612227e474AF7da3F49A3e3,hardwired,34984482,35337540,0x0db13a2f4dc4629f21475b575852c2200d355504a7d665b4d75514ffa4e10c87
526,526,0x9ef02557bB81557d5FCE437b4FE59b08C724a5D2,hardwired,34984482,35337540,0xd629d901aef758745cdfa757329f44c61ab57b44190a11daa34391bcb7d1fb38
527,527,0x4aC4a33101aBB2AA21167De2b881429B915818a3,hardwired,34984482,35337540,0x4fee188f4ded195ecd10fc21de2e791603a7223b325cbc956f77663004395b8e
528,528,0xeCEb30eA282cd2Ea3669794d5CB3f79799999999,hardwired,34984482,35337540,0x06ac87f621d42aa780623120d245d54fd60ef8cb61da222a43df7f022c60fe35
530,530,0x88Bf7005B84b01f69E796407502E537730C21da3,hardwired,34984482,35337540,0x9e3b3bdcc24fc52a5252f42345ba4fa5f9a8ff684633853b4d856b573e876356
535,535,0x968faEeE158B1b382bb1B0518AcD9318Ef82d73b,hardwired,34984482,35337540,0xfc0751570368ab91e8c0798557f429285b8762dc6aac0afe46e9cae461028be6
539,539,0xFc9f3d66Cb037037e3247414DcAc338f8993A629,hardwired,34984482,35337540,0xd4d53dcb15352ed6be28b5dcc18624c430f608954c6d1392760a065e61e28661
541,541,0xdF651625A9C9FD3c5D8145737e1039D2A262C23e,hardwired,34984482,35337540,0xf6a5bb162f48798704f2ff9a1e4875af840e6792e953838f4b90ef57e64e3bcb
542,542,0x9ef02557bB81557d5FCE437b4FE59b08C724a5D2,hardwired,34984482,35337540,0x738dc202fedb5ea4e83e59df9b5dcf536a6effd53578b0f78738b7615548d1e8
544,544,0x13a78895e2da9f3E373463EAF943a97f4432781A,hardwired,34984482,35337540,0x12e3112972326447f96924b31dffa24ac4ecc3c0b986ee092565124082c35688
545,545,0x18342C47E3Fc11aCeba1274EB04241f893F3989d,hardwired,34984482,35337540,0x942e5b72d4b24af11e2aec178ddddf6b403d60879e6bc4515ff5d6cd7ee6e8a4
547,547,0x29909b9c97845D5eb998B4AA41664a46c5dc35C6,hardwired,34984482,35337540,0x49af026de09a9730f2f42423b838fca87e8d013c4c9576099af38f6eb0c715c4
552,552,0x851F6A88F32e5371178f6b94362bedB2b066E89E,hardwired,34984482,35337540,0x85fd27d29d1e0986e060cb26b0398089129253c56c06b1d38c9465c17d2bb005
553,553,0x578a7f0798B8CB0F1ea6609fFc4C0Bf2B9125Fc0,hardwired,34984482,35337540,0x42b1e84eb3c3e6d085afa7c541e2806047b961dcaaa9f46f1a3cb22d8ffa90d1
554,554,0xA66319614B0232C2c47a8E2786D3e1446ce00589,hardwired,34984482,35337540,0x897f49f456b94750fffc378c751869eb036c2e659069d9c456c04878c9ad1aa7
558,558,0x71F9CCd68bf1f5F9b571f509E0765A04ca4fFad2,hardwired,34984482,35337540,0x3c6b3263598c1f3c060ec50edaf92572a59d26d54d24d08c34afe3e24c5de7bd
559,559,0x16A2eA30C129CdF5aEc6179b5E689CFf9dF3B9Ed,hardwired,34984482,35337540,0x2729914d0f309afef3f38fa4a6aa23de74027fd90dbcb29f17289434cf3d0c7c
562,562,0xc3360a43b70a49CE84E0DB88800CB8d6b7666666,hardwired,34984482,35337540,0x3b110a24d9805c77f9434cf6513d2ae415d468b6aa2dc5339f8ec1c61060425a
565,565,0x8e8f84b84102Dbe31Fd8Fcec07d8eFE8cA66e79d,hardwired,34984482,35337540,0x5a800d9b1933a18e269814279adf122e8eb1f6ffce6b57d0fe1800360c31603b
570,570,0x968faEeE158B1b382bb1B0518AcD9318Ef82d73b,hardwired,34984482,35337540,0xde3b9f8cf1b84587fb99403e7baf897f64ce1767a4b5767a99808c841a7dd0c2
573,573,0xDe93A926D8059d9d20a93B709312bF2cd8a7046c,hardwired,34984482,35337540,0xe847398439640800b6e020d8289dbddd06e97322e494b668d5d6dd24689f0086
574,574,0xDCb5fBAb9c772aE33700f6587C559E00c9525239,hardwired,34984482,35337540,0xe6f0e9cbc62d00db3a320b95459575a2d70acc7bfa40df478d10699193b6c8a8
577,577,0xa64c6369C0d4c61AeeE1f8997bCfB4022F2C614b,hardwired,34984482,35337540,0xa5e2c2f8c0c5a2d2c3b6a7db4d31767617bb54fa0638761311eb9b0e0bfe47bc
579,579,0xf99A3402B06f7C3aDB6Dc9360Fe1213DdDDDdddD,hardwired,34984482,35337540,0x18c8b37c57bd53e7251d9a582b80849945cbd30b55b27a9af2a6ba7f3cf57f45
581,581,0x4aC4a33101aBB2AA21167De2b881429B915818a3,hardwired,34984482,35337540,0x5a9016f877756f281642e7ac6c4a83f67137801481ce654fdb0dfb53f98ff72d
583,583,0x58D4671fFc99Af071E1a453531124Db837B3CdCf,hardwired,34984482,35337540,0x3f08a2223302654c5240fa653b3e9a5ed1d7444fc000ad7572e7996db68e93a1
585,585,0x9785234D75b7a7C3d8EE8026f1AcF67fAC14f1e6,hardwired,34984482,35337540,0x102f0d04e0d03e59f1e84ebf1e81f1d95ab281f84a47e6625715342f1f18e62e
586,586,0x968faEeE158B1b382bb1B0518AcD9318Ef82d73b,hardwired,34984482,35337540,0xba67b5fc5f499705e4098b449e7ea3af6ef82c2b3e09b8db11ca8d0f535cb897
588,588,0x230f95db9644C5b3608bA676D18426d03e435B1D,hardwired,34984482,35337540,0xae3d1e3faa0bf7ee79456c6e4c39fc5efc5250d578e0c1ac9957b94b8efb5172
589,589,0xa64c6369C0d4c61AeeE1f8997bCfB4022F2C614b,hardwired,34984482,35337540,0x60816eecbb59fabe5fe5eaede66cc09a844b538ac463e388247c29abd4060832
590,590,0xa99207aE9a63841Ea91e02676094aa08634D8639,hardwired,34984482,35337540,0x70952acc5fe06c5c482cce3452c01b9794755aa007d333af18c8bd6c71bae660
591,591,0x1910889Da1a784783cC6be709c3a3427946CAd44,hardwired,34984482,35337540,0xa8adbd70131f67f04c5e824da21b244bc50df5102cd909bc1548a40d89287e0a
593,593,0x1D7C08AdC571aC4D1d11578C0b154215B68f0cb3,hardwired,34984482,35337540,0xc0931a107c7b301dd3e6896a6874fbb667a4fe6c4c583522899a959cf0f163bd
594,594,0x93ddA8BFA0F91AF4e23a5CAD662EBC13649FfF5F,hardwired,34984482,35337540,0x0d4892312744534cc34a6a8686fbdfb173b151f58a63c0ce921d2be088a9b870
598,598,0xa64c6369C0d4c61AeeE1f8997bCfB4022F2C614b,hardwired,34984482,35337540,0xf6df639e14ecea62c08150493078414d6fd7399d8f535e7ddcfefe8e6f40a7df
602,602,0x9ef02557bB81557d5FCE437b4FE59b08C724a5D2,hardwired,34984482,35337540,0x4425a128bf353708e6a706b153627a6e51b4be4c40d26fd648db4bcfd882dc94
604,604,0xDb363862E5e73a7ce226730de475C507547cD4c2,hardwired,34984482,35337540,0xcd98e0a5ed58026b2287a45580cad0ab46bee08f041c88be7a15efbdc452a017
606,606,0xE00583616D51Fb7F1e6C4d4aB7D214a0476275d7,hardwired,34984482,35337540,0xa40033f4d4bdc69738cf641ea69dbb04371c51db2141daf7235cbd0ea359693b
608,608,0x07545d5ab6D8a7A8BD356a723E7722dEA898Daee,hardwired,34984482,35337540,0x9b02e22872b8f4ee2e202ff3e7dc3f57ebc14b4a00c9b650ab48a1d01cb05cfd
609,609,0x28ed711E5e448eD92A99554699233cDfDb1f73eD,hardwired,34984482,35337540,0x684df709bbcb60ad0c137a94255e41f016cbe7f3b0450acaef175e3ee4e64b0a
611,611,0x417798bFeBe4D3bE45AD970da1D8a3789a377D4a,hardwired,34984482,35337540,0x07d0f33ac2aa5da733da9c3ee3b10c0af73b398b3d78a4d2464889ba92c06cbc
612,612,0x5f4cEC2cA724f555DfF99995839946ddcC976A8C,hardwired,34984482,35337540,0x46d9a5759bb1964f841c5e8555466c790def9d64cda8cacb43d68f0f3d377b27
613,613,0x8e8f84b84102Dbe31Fd8Fcec07d8eFE8cA66e79d,hardwired,34984482,35337540,0xdf112f0655812bba39b4e774cb408e1bd21aa5951b3f35db509e2c011facff83
614,614,0xC323AD9e5A2C7B14Deb4276f18046e4AbCF2c05c,hardwired,34984482,35337540,0xe0cd68aba988559e6f79bfb255fd70c35269fbd05262ecc8910e16631759bba3
615,615,0x71F9CCd68bf1f5F9b571f509E0765A04ca4fFad2,hardwired,34984482,35337540,0x2e4404f895c55eda329717aad713729dabe39410ddb5da7019a95621f53f6f1c
616,616,0x4f10E7d53048b73aA11AC5C8fCf7425143391025,hardwired,34984482,35337540,0xe49f18f45fd23eceef8f174c6318c52dbf4f432e517e9b898d2b66239706226f
624,624,0x8e8f84b84102Dbe31Fd8Fcec07d8eFE8cA66e79d,hardwired,34984482,35337540,0x3ee421b774e4f4d48c24ce2f6417a8e09e08a197a3337c5f58f986430a6b8688
626,626,0x9Fc71AdF531476BCf08FcD31e6eFF5F52c2f9Daf,hardwired,34984482,35337540,0x77fa927cde35eec034f58e58ee7110b6b8eb467c23cacf7d25bffccfa066b7f6
628,628,0xE595Ed0eee63FE6ceB3e6b6770B9D826223a3737,hardwired,34984482,35337540,0x2da6e2ffda3018f80048ad857bf0732082ddbe98df39c67ba4040f6a3f261631
633,633,0xb5ffd6cd735bE02d0696D02C327FAEA6DDdc00e1,hardwired,34984482,35337540,0x71eb064552e88f0da596a9ef9f167eab0595f4b30916cae5c036f78040e667c9
634,634,0xaD128B4FD496Ca73eb54B93529A0519C875125cE,hardwired,34984482,35337540,0x4823df0a5b1bbdead048bbbbfbe8462e4ee7edfc49aafab5b1c18f036a829577
635,635,0x968faEeE158B1b382bb1B0518AcD9318Ef82d73b,hardwired,34984482,35337540,0xa699eb2441a7559d3b5d741f401d160c72f9327cfa99ffa3a5f75a41e6bf0bcf
636,636,0x968faEeE158B1b382bb1B0518AcD9318Ef82d73b,hardwired,34984482,35337540,0xe3b24a2ddcf707a31e99f46ab0529780c734206b37dac87d6b29936159c1005f
638,638,0x1f00b89f92990B8b3a1708A59e11397Dc5aF0364,hardwired,34984482,35337540,0x3c5a321bfb8917586588e4fbcc74df8b12766b532f4779c73ffc789ba6186071
640,640,0xd4997B903938FEe88731E77B746E67bb65FE9fE4,hardwired,34984482,35337540,0xe93cbd0aa983584ade47ffbd7fce6449621f445f3a9061834fb66c63cf1bd7e6
644,644,0xFF60c38F0343a8b8De07c9770266764c452A368F,hardwired,34984482,35337540,0x48253b4a0cea7a8f48ac16b71c31765a715f7e5accf467f4ae03df4ea27cd1ca
649,649,0xd813771D3938e7acd0175BcF938cd6bb071d72Ff,hardwired,34984482,35337540,0xcd350b17f981f8c64350819bb6c15613580bfae851099f253068638edfbf099a
650,650,0x69766b2927B793404811c84721bd0E17b2F7f7e2,hardwired,34984482,35337540,0x7a770dbab1831680f0644ea5f89cb88a2e1ba6e9933baa0b6fd3dcab7f352f30
652,652,0x9c3d34751CbDeF9b72530D33Fc40Fc796CFed1b9,hardwired,34984482,35337540,0x7c652a7333e7672a27a8376b2dbf42f56d662d8006e41796f41fecfe4956c621
653,653,0xaD128B4FD496Ca73eb54B93529A0519C875125cE,hardwired,34984482,35337540,0x3425947a8eab2f7b666bf3e02a21476d80bdf666c6946526548bc65c64318f38
656,656,0x968faEeE158B1b382bb1B0518AcD9318Ef82d73b,hardwired,34984482,35337540,0x38f2a329eae8ceba57856e89d4e7f2dc87a5f064cde36b47ba9e4570c8b0dba7
658,658,0xbDc15474d336A82113E0eB41eE572092298D3bE0,hardwired,34984482,35337540,0x2332cb298cfa8d58659ddd8be22797ebca1c94263d45649b0ae6183cdc0ad675
659,659,0xaD128B4FD496Ca73eb54B93529A0519C875125cE,hardwired,34984482,35337540,0x230679af1660d3325884938e5cd2b26fc4ba74b839010ab42d957e8e17cc4a87
661,661,0x8A09064A767F3013F6FAdC99C187E4A28659614a,hardwired,34984482,35337540,0xf843ab9b4836c062df486e55f4bb3b878187a6a75d454432b59e3c77876dfb8d
662,662,0xC5C4Dc12061e3fB752656dc6F71653871d861A4E,hardwired,34984482,35337540,0x0f43ee35e023eb0e3a45e1ee7b941cf38eb2bf4bdad1f6af17f7b3958890fbc7
665,665,0x16A2eA30C129CdF5aEc6179b5E689CFf9dF3B9Ed,hardwired,34984482,35337540,0x026edf9b42c9a4872eea8b05b4b5ce92c299cdd2c3b745e1ecf205347ae7fb3c
669,669,0x56d674434D4f139d721011f80967c5E81E4eDCB0,hardwired,34984482,35337540,0x3d69e5767d14968f87d7b0aa6369d18e94678f8781f4cd19abae9997dfd93706
670,670,0x71F9CCd68bf1f5F9b571f509E0765A04ca4fFad2,hardwired,34984482,35337540,0x6e812e9dc58ce5fe33622c27fb95f46d9626ae3d8292c018dee36e19228311ad
671,671,0x71F9CCd68bf1f5F9b571f509E0765A04ca4fFad2,hardwired,34984482,35337540,0x0d224b9b635ffd9fe5e24d503036f309cf0d9fbb6363aa25077aa9273a980362
673,673,0x968faEeE158B1b382bb1B0518AcD9318Ef82d73b,hardwired,34984482,35337540,0x7db6683f2e02777ea7a76e14a81077fe0e4ece77d3fff6dcddfd13881576a362
674,674,0x5320bedC1980f5B56D6bDEa71a450a287493142f,hardwired,34984482,35337540,0xa7deb09353a1154cea5f4be02334576933b4e891d5a00e7a44a6f6b734783728
675,675,0x0D90934796058214969880D861E0973EEbcb62f8,hardwired,34984482,35337540,0xf998d71219f684cb92c1004f9538b7c15b84196ba74c22755386461732f48ea7
676,676,0x63dB185dE4f443Bd0A64b9593E4fBF7D0F2Da1e8,hardwired,34984482,35337540,0x5f3909095fb3d4c4087783da49572a40793f80ebbbee9c6fd9d85a1073429520
677,677,0xF328A0eB0e61393b88F1204c7Fba6AE7C1862829,hardwired,34984482,35337540,0x0619038e073a9e07859e6ffd804267d55f28cd607db92df0ef29fc9dea5349ab
678,678,0x2329665C902edB0337194e5d8776443d2e3eb14E,hardwired,34984482,35337540,0xa1482192d10b66e424104fcce238705a6f645aa48ed1088f35694dd5b9d6884d
679,679,0xf99A3402B06f7C3aDB6Dc9360Fe1213DdDDDdddD,hardwired,34984482,35337540,0x2e41265036e695f337f08fde9aad2fad4a53bd4fa15322df1e03590065317a34
680,680,0x9ef02557bB81557d5FCE437b4FE59b08C724a5D2,hardwired,34984482,35337540,0x5af2d548e853c37d2c00048b1801b7bb1ea774770303efbc65b847bb83aca036
681,681,0x71F9CCd68bf1f5F9b571f509E0765A04ca4fFad2,hardwired,34984482,35337540,0x26db7b01a76d32a8b554da3bfa0ce07bf6e0c93717bb382148d2d7fc19264f43
682,682,0xaD128B4FD496Ca73eb54B93529A0519C875125cE,hardwired,34984482,35337540,0x75ef707e6f3542412a4fecf65e47842e49c26c0f046d310a5949b3de5e95ae89
683,683,0xa64c6369C0d4c61AeeE1f8997bCfB4022F2C614b,hardwired,34984482,35337540,0x035a182f6a62c8ba5c7f0ab01673c615a4f6ac0aa78e701b115fabea094f1210
685,685,0xd271e9691007D2175CF4926c4bF52c6f8E0B86b6,hardwired,34984482,35337540,0xe057111500ec7df3a97eaa45296207be75d25822589a7823974c3e55efbfd7fc
687,687,0x93ddA8BFA0F91AF4e23a5CAD662EBC13649FfF5F,hardwired,34984482,35337540,0x4cf7e065e07b7f402aadd5c17ccd22235781589b6c7008cb17ffe8b0106064a2
688,688,0x93ddA8BFA0F91AF4e23a5CAD662EBC13649FfF5F,hardwired,34984482,35337540,0x63501f323f22338b7e2ee5fbcd73a46998d26d552276f55d9b662dfe63dbfb43
691,691,0x71F9CCd68bf1f5F9b571f509E0765A04ca4fFad2,hardwired,34984482,35337540,0x96eca59909d9c4d49411425b3700ebb575896a49d6da50a79d7a9a4d797b73d6
692,692,0x27dA6F24Cd437BC0A00469E19aD8342b7f2e50E3,hardwired,34984482,35337540,0x50e0220d96f23bd00cf8a000a44879b4efb5f440bca8c5a3573b7c7a1935d35a
698,698,0xf2cB1cAf152c6e36f1FF1A1C8eb88232221cCdE0,hardwired,34984482,35337540,0x37d0a6c4cafbab6f86b1f6ac096b29c13691a398b0ec116d174904c88950ece5
699,699,0xa99207aE9a63841Ea91e02676094aa08634D8639,hardwired,34984482,35337540,0x2fd0ba6c160e3380255e0aac653d0995f4dbb76dd448be98358236331f73bac7
700,700,0xaD128B4FD496Ca73eb54B93529A0519C875125cE,hardwired,34984482,35337540,0xa635629ec769cc0a78f7e9d66688dfb1b2a9c9082d0f7c38fc10081aec0be609
701,701,0x5320bedC1980f5B56D6bDEa71a450a287493142f,hardwired,34984482,35337540,0xabb76332f67ed434d74c5d23a16e29356ed0b7503f11e5664644066deccc6451
702,702,0x1910889Da1a784783cC6be709c3a3427946CAd44,hardwired,34984482,35337540,0xd1e0dd297db9ec51b344d941e987ff95f7d924539fcf325dcb544ad25be8281e
705,705,0xc50c27097e3BC6F375E901378Bdfa3607E501f48,hardwired,34984482,35337540,0x9fbee94eb4b3e4f5dbf5663ec181924ed832d221e140e0ecbbd2f17e717b2c9a
708,708,0x99514773a40f64e52ae3014C7836Cf0E703Dd0b1,hardwired,34984482,35337540,0x93f775c2d2ecb8856f1b1c6c78988959d63898c63dc3804114883a169c36cce3
712,712,0x69766b2927B793404811c84721bd0E17b2F7f7e2,hardwired,34984482,35337540,0xf84eced3d9b3ea815c5079c0d1a7b729828b3d725df1e9fc9f7762a47ae3ed54
714,714,0xd271e9691007D2175CF4926c4bF52c6f8E0B86b6,hardwired,34984482,35337540,0x37bd5dcdea678d7acf3749db07800071417016cc52a9cdbf447bcb04e25f3956
716,716,0xaD128B4FD496Ca73eb54B93529A0519C875125cE,hardwired,34984482,35337540,0x517cbc974749c9d4a369fd7c88f5e70d64056e39bcc8248feed840924ed5a794
718,718,0x5A17fB43794212F5Fac2298747c8757b8Dd94A17,hardwired,34984482,35337540,0xef682cb3fc3b7afff1d9c6c3b9b04cce29bbe0f0403a9d59d2b04c78fe65f414
719,719,0xaD128B4FD496Ca73eb54B93529A0519C875125cE,hardwired,34984482,35337540,0x6f8de3dd248184276a04f2e1a7bb3528cd6fdf25f630905db6457725fedff766
720,720,0x0A33BB5047489ee4fad6604F3fA5FC65E4Df378c,hardwired,34984482,35337540,0x40e0e1619c852953061f18fcaee481bdf9d1f8ef3ddd7f50cb7475c78bb8ce50
722,722,0x71F9CCd68bf1f5F9b571f509E0765A04ca4fFad2,hardwired,34984482,35337540,0x8dd3218284176aee57a7e493ea149e914a9c88f2bb8e2a7c9f923a2a3b3d796a
723,723,0x31321ec8bb8ecF06Fa79FDB73fc69938A3e4dE31,hardwired,34984482,35337540,0xaae60dabde32ec305bae74f4dc07cc2c877c16a9971266d178234492c589c8cc
731,731,0x28a3f1D3d7B13477d8Eceaac4741f0aa35374a2b,hardwired,34984482,35337540,0x2a656b44c05f10759467908be969174e197e2cda44d87012fca0b3d5f5da14ec
732,732,0xd813771D3938e7acd0175BcF938cd6bb071d72Ff,hardwired,34984482,35337540,0x16507b614f4f58ba4fed4297886ec1a0741a612b65dbb829881969e36e96cffb
734,734,0xd271e9691007D2175CF4926c4bF52c6f8E0B86b6,hardwired,34984482,35337540,0xc2b29e48d30ae7caad153cdb26302da6cb9029c29407fb8339892b0e9650cb76
739,739,0xeCEb30eA282cd2Ea3669794d5CB3f79799999999,hardwired,34984482,35337540,0x538dd5014d46e336535e063c95cde3f7fbc77fe7cfb1c62ae03987f1e9144f44
740,740,0xb4A22D79110Bd50342DcdC15079f966e883e7f0a,hardwired,34984482,35337540,0x1a8740c500fabf1400f0fc77e72b7d3052cebf99ac88a13ba9a7be14f4bdb99b
742,742,0x5320bedC1980f5B56D6bDEa71a450a287493142f,hardwired,34984482,35337540,0x5aac298fba079d0a31a626d99cce25f35b53a9f2832fa3b9b68e2483bba6a647
743,743,0x71F9CCd68bf1f5F9b571f509E0765A04ca4fFad2,hardwired,34984482,35337540,0xdb2e9fed52cd271626435071405717d3330d676528d460aab63d6958ee405d21
745,745,0x93ddA8BFA0F91AF4e23a5CAD662EBC13649FfF5F,hardwired,34984482,35337540,0xeb37e86bc631536c11c3824598b23dd4213b8e990ccdecf297a611f412160823
746,746,0x8A3E6d8E8D08F68D480824646707D463F27655aB,hardwired,34984482,35337540,0x78479579d2ffa9c06acc4698e7190dc6f1a2028bc7b10fb9259d081dd985264a
751,751,0x8A3E6d8E8D08F68D480824646707D463F27655aB,hardwired,34984482,35337540,0x5e9e44e5f5d33fb31f19db087c35c1c5b250257c68948e71d2cacf2239703170
752,752,0xFC3bf72e5353CA8C419DFF08db344F92C232D437,hardwired,34984482,35337540,0x0b9cc6b05953eafe1a3f0556fe9c5cda80bdadaeaa9413fadcb3b8e57b132976
757,757,0x71F9CCd68bf1f5F9b571f509E0765A04ca4fFad2,hardwired,34984482,35337540,0x30c99c12a9ea504ceb1e560d035b7aaef26c15b9034bef523893f21417861411
758,758,0x58D4671fFc99Af071E1a453531124Db837B3CdCf,hardwired,34984482,35337540,0x9afdf03927381730f76ebfec1dc40e663b2ac1545a606f85363853d9dd4cc367
760,760,0xbdCe0D96f3dcdCe9ff12d6EE9B14189528D61B1A,hardwired,34984482,35337540,0xa25edaab8e67f50e12aaa4624091331b7c58e5ffc39679e51d0f7327afb868e0
763,763,0xd271e9691007D2175CF4926c4bF52c6f8E0B86b6,hardwired,34984482,35337540,0xe9a9e046a50a3349e213e11743efba37f09f4d7060d20f9d03ba705e1d0e4074
765,765,0x93ddA8BFA0F91AF4e23a5CAD662EBC13649FfF5F,hardwired,34984482,35337540,0x1fc0da74f88a47d7b1027ae86b247c64514a4c9f2dc636f9bb5bab5f273a922d
766,766,0xd271e9691007D2175CF4926c4bF52c6f8E0B86b6,hardwired,34984482,35337540,0xd0e29907fb310417c4d1a9de99c411eb953b74ad4789bacbe016165aec023b48
770,770,0x7117FFB8544CCBB0d6Ad2802dC36D8c066CF74aE,hardwired,34984482,35337540,0x84247c0fde947ba59e43e5e7ddcedb34711855bf423320ca826c2651c52d0a10
771,771,0x69766b2927B793404811c84721bd0E17b2F7f7e2,hardwired,34984482,35337540,0x0bced799cb35e9dbb735630957b69aba24c993d8e4301e6117805c415af734a1
773,773,0xEfb19323C9832248Bf08e1080AB15F6a394941Ba,hardwired,34984482,35337540,0x5b608c4d0e9d398d674e769a663ea1e482fd7d8fa6230d53d8ba6c1643829431
775,775,0x99999999995d964fF2b47B0f3A0675370905131E,hardwired,34984482,35337540,0x202d3077df0af267ebf6a036f0f31397d94b7d692dacbf16ad2611923a4b4bad
777,777,0x18342C47E3Fc11aCeba1274EB04241f893F3989d,hardwired,34984482,35337540,0xbc716c700c3c720c01cce4f512ab6ae5e13038cf97af612386e3e1bb125e6dd1
778,778,0xd271e9691007D2175CF4926c4bF52c6f8E0B86b6,hardwired,34984482,35337540,0xa03f5f4d949b2b9de12be0e3066a085a4b588e92894b859879d246c852dcf99d
779,779,0x90421BD820ef91260B561525c3868ea3CeC67A03,hardwired,34984482,35337540,0x3e07abc2befed3e7f468040d67173ede45da02d391498370f9960077a6852b71
780,780,0x09b0f729b1f0B219725C8811AB33dBAe5BDb2087,hardwired,34984482,35337540,0xb5a89b2b422c07a108ffa6deaf47a4be5baed9ff065baa6f5228012349f5a14f
781,781,0x1938d569aD28E435b644A9c191cae54B17a55711,hardwired,34984482,35337540,0xd30f3323c674a97e84c8e8b0e068017c2713e929f84bf707236c0dbe341b599e
784,784,0x9ef02557bB81557d5FCE437b4FE59b08C724a5D2,hardwired,34984482,35337540,0x7fde34182f13632fa23b34f4f509b551671809c8fb1413173d7055321359c610
785,785,0xd271e9691007D2175CF4926c4bF52c6f8E0B86b6,hardwired,34984482,35337540,0xd39c6739bbb5142ff4bb2ff503ce12fb8280b45cc4c9ac4fc217b9cbb985ec5d
786,786,0xe895F4d37Da4A5e31E507B2420C3281eCBF9F3f9,hardwired,34984482,35337540,0x47dcf969a861500a79cfe638f5fcba36c6458c15e367e6b74dc04648411fcac2
788,788,0x968faEeE158B1b382bb1B0518AcD9318Ef82d73b,hardwired,34984482,35337540,0x6dd0b41e6e535af9eadbfdd55b74a67c3fba8bd012a74cb34bf3bb2dfeb7eef5
789,789,0x63dB185dE4f443Bd0A64b9593E4fBF7D0F2Da1e8,hardwired,34984482,35337540,0x9fa873757abb232b2fcef94667d7380ad8b18922c45edb6d9e62008c6979ba8c
790,790,0x6eb312fd9c652bf9D77345941446b177805F03cc,hardwired,34984482,35337540,0x84028548b6beea15b0b1fcf5e15b33c6dddf5c17d20d4e273f0767fe07ab68bc
793,793,0x00cbab9AD333c5e4d912703F4D8348f09759f75e,hardwired,34984482,35337540,0xd68019b93aab8ab834479263186bae7c31d6505d8a5cb2f4d97f8d63297d59ea
795,795,0x0D90934796058214969880D861E0973EEbcb62f8,hardwired,34984482,35337540,0x77c04030206ac03dc4eb82e48d3733f10fb4b4520818659b9c955b25f0cf6c94
797,797,0xFBD3c3aA054d241fc30732582d4F8519391804ba,hardwired,34984482,35337540,0x53b0630948dd883bd17205bef637afbfc72eb246d3b2e5caa2cbf00dcf687942
798,798,0xFc9f3d66Cb037037e3247414DcAc338f8993A629,hardwired,34984482,35337540,0xef6376f7ef4a430254fda46d83f555704b35fa692b7a7597b6e14c8712447a69
799,799,0x626600e9f104eEA6eB45BBD3150AD72F1361a8D7,hardwired,34984482,35337540,0x5d0adc1f55ce56b4acca11c17d984a0703abf277cf99c134d860a313fbcaea16
800,800,0xFF60c38F0343a8b8De07c9770266764c452A368F,hardwired,34984482,35337540,0x06f25580987a0096cda2a96848edb014a60b59b736a101048168804ad3dca219
801,801,0x324C30c4cd450EF781E7a7A7b685B30D2b0890A2,hardwired,34984482,35337540,0xb553f9cbb5bd194966543ce4a7e21d79bcfb3425182418bdaa6ed14aa3acb5b3
802,802,0xe88871f39C98963Bf4e553765E574D27755A4052,hardwired,34984482,35337540,0x63908ccbe1442b87a8c065d81677439bb9c6dfa3d1ccdf9ea43e8c60ce8cd6aa
804,804,0xE595Ed0eee63FE6ceB3e6b6770B9D826223a3737,hardwired,34984482,35337540,0x6e40c7b63c55e76b74bc81e7ab0c281a37d2ba0c737837771a6511ee73f5ea03
805,805,0x9E6fc37B8bd2FC7855026CEc105D76342E37Af84,hardwired,34984482,35337540,0xf1700ef869d9a5cd2028747c96020f8e1fdad9052193cda1cad62fc5ee5b1b4c
806,806,0x65F8169Ef7cd5f6D0bc90D4478Bc234762f9276a,hardwired,34984482,35337540,0x0504570ee5223c537f5dc60fea12db91cdf485e30e997e8d2b207e2784dd1125
808,808,0x9ef02557bB81557d5FCE437b4FE59b08C724a5D2,hardwired,34984482,35337540,0x6a494ae8c828b9399e9b57e446945158b281dbdde0ae9a3b49baec168a996a49
812,812,0x9ef02557bB81557d5FCE437b4FE59b08C724a5D2,hardwired,34984482,35337540,0x9a0fc83e2ff75a2ffcf8333b32d4b65a4c4f361611de7d1e19bb9f671b60583c
818,818,0xEfb19323C9832248Bf08e1080AB15F6a394941Ba,hardwired,34984482,35337540,0x76ad1a49a188b29a22ccb15b0a1d12a2f3db4e5b9ddd5112eab4b1f7515234d6
819,819,0xE595Ed0eee63FE6ceB3e6b6770B9D826223a3737,hardwired,34984482,35337540,0x1652b7fd154b2e7100edacdae5021aa8c016e617752159c63441a53ca2e14b12
820,820,0x58D4671fFc99Af071E1a453531124Db837B3CdCf,hardwired,34984482,35337540,0xe2ac2bf8271e18d8c3eb1ed533c551488f1e9237f06e49b4c79542f9e53f3588
827,827,0xdead68114524855F4B20749741291b776567dead,hardwired,34984482,35337540,0x2a80ffda3d814585b6f7e42bac1a642068c9fb7610244fd948f00738e0777548
837,837,0xcc14B10A7346c8fC99e3CCE1862a6E7118b24035,hardwired,34984482,35337540,0x706ea8b21240a5290ae269083a62e4e003f09456fa021845b90b086c9b8bebf5
839,839,0xDCb5fBAb9c772aE33700f6587C559E00c9525239,hardwired,34984482,35337540,0x2f3afccc46a18e840b4e80ff8a965feca5b77787af47ac9335477a465648cd97
840,840,0x9785234D75b7a7C3d8EE8026f1AcF67fAC14f1e6,hardwired,34984482,35337540,0xd59d72432259fd7572195749e47f0dfa17190f59133c0c382e368b4023a6e11a
841,841,0x2825CDb4A71AC7942DA889f1ff72d536a8209343,hardwired,34984482,35337540,0xc1893067e41f6494bd89c8708bd2b75d9ca0b59c7c60cc7be9738412087f87f0
843,843,0x910Bd7DC68b906cBc602128D92D0929493E2803b,hardwired,34984482,35337540,0x4a27378848967174f8523c5dec27071a1a135c4e28fe0b68ece153a63cda9738
845,845,0x381921Bb1C940eAEcF2bC40a6DAb81f970343299,hardwired,34984482,35337540,0xaa6562a319ca3555ba4d3b58ca9b814198f6fbbc1b8cc43820b1f88e9f72031f
848,848,0x5b453C5a3860EDB7a7e1410066f4F7a5f40DF51A,hardwired,34984482,35337540,0xe978ae49374d3971c454b661871460a6faf02f3a4671b55086dbe3a5cab0ea3e
849,849,0x49b3E70dfC8B18654F5335532c17406794AC5Ddd,hardwired,34984482,35337540,0x3bfc6012521f258eada13333c24196b9de8daeee9e23b4f194705076c9c6be12
850,850,0x52653f7a14903Be0d00CD3225fd3Ace2295c3ebC,hardwired,34984482,35337540,0x4a78cc0cc4e9710cdd4c3b94b9279901f125623fa7618052e699ce9271199aaf
853,853,0x165B8AC3dBC3221C9fc07359AB7fF9CeFCaF0B1D,hardwired,34984482,35337540,0x503b1f1acccbbba48400592e06d80bb74e0268341e31464d4e48af0b66f15a86
859,859,0x5320bedC1980f5B56D6bDEa71a450a287493142f,hardwired,34984482,35337540,0xa590adc931e328c8bd35e1a162961902e92360a335a928d17c8857b4d22ec773
861,861,0xe28601398A5448D1147e6E8b0E0c6d686F0d216D,hardwired,34984482,35337540,0xab8c672212718581744eb6bf1c64306292aba5949eac6512429cb8021f0c02d9
862,862,0x31321ec8bb8ecF06Fa79FDB73fc69938A3e4dE31,hardwired,34984482,35337540,0x83989eed8cc56d543af810c4be8cc3aa8dc44a98fe16b227e43c887fd4097692
863,863,0x45dDd8614DdD6471803d9d96c6C1F58bBacC2088,hardwired,34984482,35337540,0x971a40a6d7ae28fadf5e4347f8cded85576156dba0254cf4f5d1c0ce906a6600
864,864,0x71F9CCd68bf1f5F9b571f509E0765A04ca4fFad2,hardwired,34984482,35337540,0x28698a15db5de071a3d5ef50c431c8875f4fa277675f9081a9958031677a9fe2
865,865,0xc3360a43b70a49CE84E0DB88800CB8d6b7666666,hardwired,34984482,35337540,0x77671833b37c26791f2da41432b14060efdb3f48bd2c9b59bb571f869e0fdaee
866,866,0x968faEeE158B1b382bb1B0518AcD9318Ef82d73b,hardwired,34984482,35337540,0x95977504d0cb5c0f24129b624329b444acd69351e768f042670d6399a0a30593
867,867,0xd813771D3938e7acd0175BcF938cd6bb071d72Ff,hardwired,34984482,35337540,0xcc2b55d64901f5df29c0ad626e865276fcda2864dbf81b4540bc5d2dd160458c
869,869,0xE595Ed0eee63FE6ceB3e6b6770B9D826223a3737,hardwired,34984482,35337540,0x49d8d6596153d7832908c1cbea55e105a2e436fe426a17ec47a41e7c9ce7081c
872,872,0x29909b9c97845D5eb998B4AA41664a46c5dc35C6,hardwired,34984482,35337540,0x167c86ea839b37bcd2dc77da4e343125e7b9313367b003ceaf33894e7c228cdc
873,873,0xD4b114C01B438D9Bac74cC005adB8850a9B190DE,hardwired,34984482,35337540,0xf90fca3f997440cea18904f005f58a1ffe1f54b617cf1de831aa0572b54c5360
875,875,0x5320bedC1980f5B56D6bDEa71a450a287493142f,hardwired,34984482,35337540,0x4b4f7441c7e5529b4a6c6bd9ea91126424ff0e84e276c1299c8017b95bc59195
880,880,0x5320bedC1980f5B56D6bDEa71a450a287493142f,hardwired,34984482,35337540,0x7a3ba115efad16aec49da0fdd601c62d4293dd6d9d2fdd94504d6f1b5d317498
886,886,0xE595Ed0eee63FE6ceB3e6b6770B9D826223a3737,hardwired,34984482,35337540,0x816f8d80e0a2dd6a78ddcbbafb3e8c937f2ede1cbdf3deacab3daa95e7f8148c
887,887,0x1910889Da1a784783cC6be709c3a3427946CAd44,hardwired,34984482,35337540,0x593f0ec1c52b12666b86ad6ae6445be4aac27ae056edd23f656d41b7b2dcee2d
888,888,0xB3cBd0229b71494c3c9Fb3cc6a4750C126Bd640c,hardwired,34984482,35337540,0xce12c07728739b229931a210f16d953d79a1b2dc45086c1970578ef5c456af06
897,897,0xa44F1C3454d7B0b0cc38F26015537b111F6be568,hardwired,34984482,35337540,0x01f77101d8afe832bcc66e0ed66e3939dc233ee9149b2b26f0927a02d1045b2a
899,899,0xeCEb30eA282cd2Ea3669794d5CB3f79799999999,hardwired,34984482,35337540,0x61153c4030f8143cb7269c18ae87686280717f029c8e81df238d6840d052bc25
901,901,0x58D4671fFc99Af071E1a453531124Db837B3CdCf,hardwired,34984482,35337540,0x7ddfd5b72f517fd5d29821a354fb7d75486225f0c32548c5110d0d174ad60099
903,903,0xE595Ed0eee63FE6ceB3e6b6770B9D826223a3737,hardwired,34984482,35337540,0xfb67eab8c18bc3a40e1042c131c027e9735365dea2f41c2d455ce8f564b4a3e5
904,904,0xd271e9691007D2175CF4926c4bF52c6f8E0B86b6,hardwired,34984482,35337540,0x7121d4e68f01d9b023605cde081db3f12985b4b4de85825d6d44c6b007c6aab8
906,906,0xDe93A926D8059d9d20a93B709312bF2cd8a7046c,hardwired,34984482,35337540,0x298e2bab7fbb24d86b0e6379c0349bd5bcfb80f3c24eb439426a0edc2be0df45
907,907,0x968faEeE158B1b382bb1B0518AcD9318Ef82d73b,hardwired,34984482,35337540,0xd0b361c7d7c8ba2ef3edf02151856be9d3eb1ac3f368ba200f5e9ea494793068
908,908,0x0BD25AAF269cB40d023bE6c80Ab5c8cD08746935,hardwired,34984482,35337540,0x448b2a8dbc96ade9acbb7258a626b04304285edddcea011dbaae127957f33663
909,909,0xaD128B4FD496Ca73eb54B93529A0519C875125cE,hardwired,34984482,35337540,0x93101f410ba6761bbaaa59c154b1800547b1fe3896c84accee4219cb98ec0878
912,912,0x71F9CCd68bf1f5F9b571f509E0765A04ca4fFad2,hardwired,34984482,35337540,0xb962dd798e957d4bf5929df62dfb95c24a65823591cac7f6f0a3a82f3a3da61d
917,917,0x0fB06273b43A96c1286aa2E23FC209fDa089B12A,hardwired,34984482,35337540,0xec2f8b5fba664add24142855932ec44fb3651140b74c4057f070fe811243c9b5
918,918,0x6b06FD0181285Dd1BD4b3cfacE9E4a6685DE0C1a,hardwired,34984482,35337540,0x5d654f22ec60a5739433e568db7a3deb60164d771fc345546a75407638894dc7
919,919,0x71F9CCd68bf1f5F9b571f509E0765A04ca4fFad2,hardwired,34984482,35337540,0x52bbafcb6222dc6d5ec9805f26c1caa1025011d3ee7c9ea0c8b359c51fd186aa
922,922,0x69766b2927B793404811c84721bd0E17b2F7f7e2,hardwired,34984482,35337540,0x77399556d580f087c561756d1c54872b2cbc33c819be63dcf0f352492e319133
925,925,0x8A494eD488C5BC157E0Fb2983FdFb90E2d63B691,hardwired,34984482,35337540,0x3aa3e43137c5ebe494cbbe569f1ed72ed7a0e3a9ea7eb3a72fa28c98f3885a16
928,928,0xE595Ed0eee63FE6ceB3e6b6770B9D826223a3737,hardwired,34984482,35337540,0xe8d119784ea13b53895315541fbe13653f37ca0ac1cfa8c97c04d08d5b645084
929,929,0xF3Eec7DB82D12a2B2469534C9323d9558d008B91,hardwired,34984482,35337540,0xe9f26d3ae8fc2685bf91155fdb2a364cefb373442f7cabdb4e477a4acf113441
931,931,0x4aC4a33101aBB2AA21167De2b881429B915818a3,hardwired,34984482,35337540,0x8336ceba1483cba19bd66dc8ab4b18fab391b301e12cd2c6100d332c5652dad7
935,935,0x968faEeE158B1b382bb1B0518AcD9318Ef82d73b,hardwired,34984482,35337540,0xbdf7d3a2837eead0a297187a9fcc1f0975746ee9105df4b023b719fa75c1c9c1
937,937,0xE595Ed0eee63FE6ceB3e6b6770B9D826223a3737,hardwired,34984482,35337540,0x85de067c1d28e6fd71d428e68c05fbe1564eb685ea52ff7b5d5a456993272541
938,938,0x910Bd7DC68b906cBc602128D92D0929493E2803b,hardwired,34984482,35337540,0xab97e5767a3c3b4e62421078f0565c536f253c08209c362f751ca75c8df08049
939,939,0xa64c6369C0d4c61AeeE1f8997bCfB4022F2C614b,hardwired,34984482,35337540,0xfd07b829be26c0aa7baf8cb4ea45737318fc755ecf391e414516bfa7b62b30f5
940,940,0x4aC4a33101aBB2AA21167De2b881429B915818a3,hardwired,34984482,35337540,0x010eb6614434554a11e6cb29acaf6bb4bd6a9223b5ba0a9cd6b10990b9b80eed
941,941,0x07545d5ab6D8a7A8BD356a723E7722dEA898Daee,hardwired,34984482,35337540,0xbdfee23eb6c3774eba8d0d665a156a072324998ca834a5b6eb7d4b7c32958034
950,950,0x2825CDb4A71AC7942DA889f1ff72d536a8209343,hardwired,34984482,35337540,0x684490b5e09c714362cc77e7140e17d681bc19dfaf0606605892195fd3d20d59
951,951,0xe28601398A5448D1147e6E8b0E0c6d686F0d216D,hardwired,34984482,35337540,0xdafc07cd2a6090b0faa3807200afa17fe28e44e1d73c3e628e42d7a58b8b5321
955,955,0x942E7F82956B17C6d735D8404D24AEd30a816160,hardwired,34984482,35337540,0xc1a8e05fc6883fcdcf2fc3c200da1cd405f41717ec16f16a1a373c394a2b571d
956,956,0x5A17fB43794212F5Fac2298747c8757b8Dd94A17,hardwired,34984482,35337540,0x9594b1f68c2e1ceddf7c426760d2790921ad0bff9e4548df19a2641eeba7b39f
957,957,0xaD128B4FD496Ca73eb54B93529A0519C875125cE,hardwired,34984482,35337540,0x2d0e54c6b2b3f0b161fcce90e8848c38294ddafb00fbe5f74bb3ee342c1f02d8
961,961,0x58D4671fFc99Af071E1a453531124Db837B3CdCf,hardwired,34984482,35337540,0x9a01f02ef7125cc0972f7f541b2067e7c7f64d058a121b2b2351ab30ea650022
963,963,0x4aC4a33101aBB2AA21167De2b881429B915818a3,hardwired,34984482,35337540,0x39b9ad62d99de52710f614b38b80a40d8ebb29a4c4d7d749c1976a9a1128d138
964,964,0x16A2eA30C129CdF5aEc6179b5E689CFf9dF3B9Ed,hardwired,34984482,35337540,0x3c41e446d23a9875bae2d65ade3b4bb991be1588f165ac5044857703d4917611
965,965,0xFc9f3d66Cb037037e3247414DcAc338f8993A629,hardwired,34984482,35337540,0x92436263059dab3ec309e39dde1bdefb41b141473317f2b3ddfa21ecfbc200ad
967,967,0xa64c6369C0d4c61AeeE1f8997bCfB4022F2C614b,hardwired,34984482,35337540,0x53fc7f3afd23ce4a5da1db07d493686db15de71d23c050fafb33404708088d0d
968,968,0x1938d569aD28E435b644A9c191cae54B17a55711,hardwired,34984482,35337540,0xd2e3612f7430eb5c4dffd63421e7623d2afa410859e0561208b73b1a02b802b4
970,970,0x10364Cd9b418EE616C0A56379Ba7D1DD63b108aA,hardwired,34984482,35337540,0x7eea8a3c2fb483b58ea52ff2dc3b825aaf17abbb8aca7db5b68149cda0d0bb0e
973,973,0x71F9CCd68bf1f5F9b571f509E0765A04ca4fFad2,hardwired,34984482,35337540,0xa7278f0d3ecbd67a1bd1c359d3234d9549988647d6b415a413d54877558a7975
974,974,0x71F9CCd68bf1f5F9b571f509E0765A04ca4fFad2,hardwired,34984482,35337540,0x9d999c47c3632fde1647467bdff715dd1e97d33f3a9da7a4e63b0d20ea180692
975,975,0x93ddA8BFA0F91AF4e23a5CAD662EBC13649FfF5F,hardwired,34984482,35337540,0x7ad9f052c3fa7386f1a7a4fd71ac1de2388eabbe8c10f741ce08231efdc3c4de
976,976,0x8DFA9FDfF11Fe92D451e7019757ce569C1769463,hardwired,34984482,35337540,0xad7f7aed8c1face28a87fdd216347f3de23c55784e3c1b616bf24bde0d682e28
978,978,0x03ad9259A227e44886c6b1c1833c2E79379b976a,hardwired,34984482,35337540,0x9631d2755fce492b808c2060d9e61de5a8f021af84331b781d18cc30f285ebdd
981,981,0x578a7f0798B8CB0F1ea6609fFc4C0Bf2B9125Fc0,hardwired,34984482,35337540,0x86bcafb7bb929195c8a89125728529d13d63ae8e5afbd6ded62d3316307cce0e
982,982,0x968faEeE158B1b382bb1B0518AcD9318Ef82d73b,hardwired,34984482,35337540,0x1dfc6b3dc25771471200a30e534b0ffd3a1df549f3c2eeb5bbd19e1401e92cc5
984,984,0xb55Df3a73E9f8bc8E41E83f387695EACDaB269D2,hardwired,34984482,35337540,0x66d9fb4565d24183d82826e8ba2abe94657ae9bcf0e703e990b096637b93415a
991,991,0xD9eeD39ffcF0274c0b44E3f50586b208b9E8b50b,hardwired,34984482,35337540,0xa51ac199bf7d22264c10d09b10b2899b49bf6db44ba742c5b733275aac0119ba
992,992,0x71F9CCd68bf1f5F9b571f509E0765A04ca4fFad2,hardwired,34984482,35337540,0x48d3dc542a298b4be50c4a91939d7139cfb563be87bb5021ba8dd4bcbed1120a
993,993,0x5320bedC1980f5B56D6bDEa71a450a287493142f,hardwired,34984482,35337540,0x50c8b971506fd16406becba473ca5081bc95a4093857848b6b55ff696351d97e
994,994,0x226c1cf05631AB8eb374acdBeA87b25f159f72bE,hardwired,34984482,35337540,0xa7f3067bfd6eef64fc5db5a871b145354573324f21cffb70e151e6f86041dab2
998,998,0x16A2eA30C129CdF5aEc6179b5E689CFf9dF3B9Ed,hardwired,34984482,35337540,0xfad978037c8af9d561cb2ec37b573a22542c2fb22dd7e6cbb27dcbc55a82ce1a
999,999,0x5D67519515961c351Bb56110F3f578fd7E199929,hardwired,34984482,35337540,0xa5df138f9bf4969edf6bd551a8ebc9b6703dd6a7cdaa87285c589670a1aff98c
1001,1001,0xDB3aDf57Ac928Ca7df7103c4c8F6509B3Cf9944A,hardwired,34984482,35337540,0x00edac97c4414c4c41b562cd3ab656e922a9e2e0ea71e4bed11d3f2f74235fb1
1002,1002,0xd271e9691007D2175CF4926c4bF52c6f8E0B86b6,hardwired,34984482,35337540,0x98c4bb54499ddf2e3fc6fd42b70a98c6b7f6c3efa439524fc64890183337bb37
1004,1004,0xAfA9a53C81CF0FBD747A5215D3e567dc16AA0B93,hardwired,34984482,35337540,0x9d4b219bbb1a114af6d75c9a8ad9f7adf517ae931829cf71bb5a055765aa34a3
1006,1006,0x16A2eA30C129CdF5aEc6179b5E689CFf9dF3B9Ed,hardwired,34984482,35337540,0x5747678bf948697d7995bb25c19b57c93d15ff59988eb0c074b0cb3f447b2071
1008,1008,0x58D4671fFc99Af071E1a453531124Db837B3CdCf,hardwired,34984482,35337540,0xcc45fa6852d5a08c1f23791b8e7733c29fb414fbae03df9102e7a531598fffb3
1009,1009,0xb5F0452bB5358b3e2b73a8518EfED4BF647c8D1E,hardwired,34984482,35337540,0x5bb15ba8bd1cc0243648bd7dd0697fc429a88c10d83fb21ac4fd81ae4a4d3742
1011,1011,0x0D90934796058214969880D861E0973EEbcb62f8,hardwired,34984482,35337540,0x56ac16077ca562483650c31ad932a9edb75e3ace2e342745ed4829e6d64bd71b
1012,1012,0x58D4671fFc99Af071E1a453531124Db837B3CdCf,hardwired,34984482,35337540,0x1ba3a2f062a1ef8edc65cccf7ff67369c03d00b45c955d0603f609ad453f9fdd
1015,1015,0xc77B5585cA3Cd4bEec6051CcA89921a2f01d9A5c,hardwired,34984482,35337540,0xb186e61c76b32e4a60f81d479c624631f819873d188f38fea6e47df190ebb7cb
1019,1019,0x18342C47E3Fc11aCeba1274EB04241f893F3989d,hardwired,34984482,35337540,0x368f9bd47783aaf1f2a74247123f8de8cd208fd88fd341457fe00c4b59bd7027
1023,1023,0xFc9f3d66Cb037037e3247414DcAc338f8993A629,hardwired,34984482,35337540,0x1496cae0807f8baca9f0f53737fa5e4cbc305630e2a2c055e60215916e6c329e
1024,1024,0x3A56E4058a006fB3c63cA1B1dd15795bAFC3f7a6,hardwired,34984482,35337540,0xc0e45961c16a53d169a8a711d8b8b48116f304c334a986840495357fcdf08636
1026,1026,0x6fA01D057A5316dF6903dD6497Ae734CFdAA4653,hardwired,34984482,35337540,0x17af07b827a66a54a323c70fb169c904f1761e88a673d041a771f8c9893779e0
1027,1027,0x90E22C430509705B9678eB1b7457223c4b879a2b,hardwired,34984482,35337540,0x576000bda5227186e7eaefb653f2f920c0c3a1b998a5f58cfc8bfd9f961f4351
1028,1028,0x968faEeE158B1b382bb1B0518AcD9318Ef82d73b,hardwired,34984482,35337540,0x431ed24018f63ce7dcddeb5be1d719221ef053e55132554a352e0449928f69d5
1033,1033,0x8A3E6d8E8D08F68D480824646707D463F27655aB,hardwired,34984482,35337540,0x0bcd3d0c880a4f9fdaf00666f4a6fa6f191bfec47178a66848af5813271af60f
1034,1034,0x9ef02557bB81557d5FCE437b4FE59b08C724a5D2,hardwired,34984482,35337540,0x48009460d293150f1cb0debddbdb606cd6e3b40eb2dc77c57be9704674b20736
1037,1037,0xb55Df3a73E9f8bc8E41E83f387695EACDaB269D2,hardwired,34984482,35337540,0xd9edd58a3c788ca93f05a55ee5e0213544ea674f9f8ca4f53509b6c1d193876e
1038,1038,0xB0f840b7E0Aa17259f5036081d86F6c07d64930d,hardwired,34984482,35337540,0x4a270fbad8d131e5c11666da7c45526188394ed79a2f8d1c59f9a3fdbc5e85f8
1039,1039,0x9ef02557bB81557d5FCE437b4FE59b08C724a5D2,hardwired,34984482,35337540,0xf0116260bd452709e4e12482afee16d66e80dfbc6f454d3b9395e22503eb9ce8
1041,1041,0x9ef02557bB81557d5FCE437b4FE59b08C724a5D2,hardwired,34984482,35337540,0x1103d0379bf5e01217a3f1772adc4f37a2698b9e7da8d9f5f5847531296d9baa
1054,1054,0xBdf6BCfF10Dc7BDbcF1c186523434C65fD41a6bD,hardwired,34984482,35337540,0xb2cc82d9ef5f7b665845d99713e9b3edbe3dd23a2685f98994e7429df91494fd
1056,1056,0xE595Ed0eee63FE6ceB3e6b6770B9D826223a3737,hardwired,34984482,35337540,0x31f86fe4a4d4988ae6fe5f4b25d2ef3b5c1d4b51aa3553c2f62aed42282a00cb
1059,1059,0xDe93A926D8059d9d20a93B709312bF2cd8a7046c,hardwired,34984482,35337540,0xeac4ab7c1e628b73748921748b49f702d10eaf2dfc9a05533173bb82780717c9
1063,1063,0xFF60c38F0343a8b8De07c9770266764c452A368F,hardwired,34984482,35337540,0xb2080f5cb4f1d88967382e5bec97a47806a746d9791dc198e5a0912099b1b477
1065,1065,0x58D4671fFc99Af071E1a453531124Db837B3CdCf,hardwired,34984482,35337540,0xeeee2b0efc4c19ff1eff6283c74b8f1672d71713b6528b2b8c3ea5fb29bf6dc2
1066,1066,0xaDdEF58a2fe79E6AEEa53859e38841af9854f36c,hardwired,34984482,35337540,0xae6d2a514d9e22900c4e38c2a68df73685bdd8b75a1ff5f3ed27bbceed85f0a3
1068,1068,0x9ef02557bB81557d5FCE437b4FE59b08C724a5D2,hardwired,34984482,35337540,0xac24f8c23cc67248ef803d5688d88805120b8e5ae435e50f9f1515b6bd76012e
1070,1070,0xaD128B4FD496Ca73eb54B93529A0519C875125cE,hardwired,34984482,35337540,0x99c56311b6d5515f46f7d5c32e0160c6907eddfb745c212cfa9a8895cb4aa443
1072,1072,0x3875Cb7c71D18Cf43693446b33723aFDe80c06BD,hardwired,34984482,35337540,0x34adec656f243db3d60dc58bb1f5fb2ecf85204cc1bbba4cf1147c15e681e153
1074,1074,0xb5F0452bB5358b3e2b73a8518EfED4BF647c8D1E,hardwired,34984482,35337540,0xbc084c563724a0453cb6066ab9d84ff538cc26a562a48e6cc58ab349d4819e5e
1075,1075,0x8e8f84b84102Dbe31Fd8Fcec07d8eFE8cA66e79d,hardwired,34984482,35337540,0x831834aef45071ca85aedd9dde043c86f2f5998d106e3f90e3e7431916d564cf
1076,1076,0x0D90934796058214969880D861E0973EEbcb62f8,hardwired,34984482,35337540,0xe56c2876dc6097c0d7e8db91b38c09596767ddaacb51b12e52d6e24c0f1c3ab9
1078,1078,0x7171E64E979265aeD6588577D1c6b60A701d7866,hardwired,34984482,35337540,0xdec63944a8ebd4e37fa8f352b612a6511be950d9e11edc62e3e973d4acfafc43
1080,1080,0xb2Cd76921325064FA42a457A691eb2dB1F56Edaa,hardwired,34984482,35337540,0x2529c9690b5e1ba415cb81dc7ad8e21799d1dfa78d7e54e7e5e7ae061ed81ec7
1084,1084,0x417798bFeBe4D3bE45AD970da1D8a3789a377D4a,hardwired,34984482,35337540,0x979d6b981f79a68f83014ad83dbe4f079df25531bed11a45de1e90bdc1adbf40
1085,1085,0x968faEeE158B1b382bb1B0518AcD9318Ef82d73b,hardwired,34984482,35337540,0x2b2aa86314092fdd4bedb194c75a8407a86e692dccd480d09bfb3585e4c43e87
1086,1086,0x71F9CCd68bf1f5F9b571f509E0765A04ca4fFad2,hardwired,34984482,35337540,0x14bb3ad14a0b30f7ce8297666e923dfcfc42d5a23d8c3538b123b4551c937ec7
1089,1089,0x968faEeE158B1b382bb1B0518AcD9318Ef82d73b,hardwired,34984482,35337540,0xbd1b021e3a9cce0c157549917db3637cfbc04e56da8966103034ecca30dc5915
1091,1091,0x968faEeE158B1b382bb1B0518AcD9318Ef82d73b,hardwired,34984482,35337540,0x59d511451221e427f16c0a93fa714ee2fb379b4e34daf194e3696129d8a47a61
1092,1092,0x49Af885eD4605d00a41949473Fbe722D909D2bdC,hardwired,34984482,35337540,0x2e706dac53a5354cab229d1aa87741d41e171ab0e633082e1444f0e23198b891
1095,1095,0x5320bedC1980f5B56D6bDEa71a450a287493142f,hardwired,34984482,35337540,0xecdf2c45ea603b2a6645f0ba56a2a4375fb84f55e9bd5cbd0fbe66c6e86bc36d
1099,1099,0x8571eEAB30d3329b2927c243011B6e1440ecddE9,hardwired,34984482,35337540,0x06438d2b35a2b91a36381c587f8c2787e6f261215bf616f860bf79f98e873919
1101,1101,0x6eb312fd9c652bf9D77345941446b177805F03cc,hardwired,34984482,35337540,0x26c880b0dccf90e4254197b1fba2151810e80f276e3d81405d29685ee904828f
1104,1104,0x71F9CCd68bf1f5F9b571f509E0765A04ca4fFad2,hardwired,34984482,35337540,0x548c0c66bc01fb7a688486f40214e0b6963a6787a61599767ba43543e49c7b7e
1107,1107,0xE595Ed0eee63FE6ceB3e6b6770B9D826223a3737,hardwired,34984482,35337540,0x44a943de0e834f86ea669aaccdfba0dd0aaa95f55a87e628f3f08dc7b484e135
1109,1109,0xAfA9a53C81CF0FBD747A5215D3e567dc16AA0B93,hardwired,34984482,35337540,0xf2bc3c0228a906201a42330c3757822fe3baf9fef04519188f3eba6bda92c0bc
1111,1111,0x10a508E2b7C10dC4B8105869792C8D18ef9373A9,hardwired,34984482,35337540,0x92621a6f81f28c06c83290b3de9057a2ffaff33a17bb88864d90092131d98795
1113,1113,0xb5F0452bB5358b3e2b73a8518EfED4BF647c8D1E,hardwired,34984482,35337540,0xf59a7f2d0782769a87bad26d0f67399ad6194931eb5ff4bf0428477d022895fd
1122,1122,0x9c3d34751CbDeF9b72530D33Fc40Fc796CFed1b9,hardwired,34984482,35337540,0x873157c9183b0bc4005aae6f453b9bd8b12f76204da22f09b01227de641be86d
1123,1123,0xB568c1f18D80CbaFB3267976c0B95EFe76B2b38F,hardwired,34984482,35337540,0x896d61ede47150c04c368c9d7feb96c4d15d4bc0607f8e4a842238427e145c41
1124,1124,0x16F5EF133d0D15B196A778d22BF1ec56f8f37C05,hardwired,34984482,35337540,0x327b35276de363f31a9afd63da334cbb00a38c047abf11dc3c52d6c272fdae2d
1126,1126,0x0A33BB5047489ee4fad6604F3fA5FC65E4Df378c,hardwired,34984482,35337540,0x03f789b1389039f429142ba7f79d09731c199b4447b09348b70a145bf207ecb2
1127,1127,0xeCEb30eA282cd2Ea3669794d5CB3f79799999999,hardwired,34984482,35337540,0x3b9bbbb04f56a895a55230d3969c7de682b6758ff1c30070d38e41e4e0b065cb
1129,1129,0x9ef02557bB81557d5FCE437b4FE59b08C724a5D2,hardwired,34984482,35337540,0x83fde93f32904d85aaeb8208c6aa7a3513115a4a7c8b6b0bed4b5a280d363311
1130,1130,0xFc9f3d66Cb037037e3247414DcAc338f8993A629,hardwired,34984482,35337540,0xa01ca8d52252d69fb70b75d72958db693c1ed4d8b1370b9fb2f1694c53fb8d1b
1131,1131,0xDe93A926D8059d9d20a93B709312bF2cd8a7046c,hardwired,34984482,35337540,0x0f9cd389b71afbd09dc79fc58651c65f4bb1b86c28aa650a5804da01ac2e5b6c
1133,1133,0x5320bedC1980f5B56D6bDEa71a450a287493142f,hardwired,34984482,35337540,0x2521007b1f7b873a505fb21aa8a890713eaeca969783c4268fb3ff69c58773e0
1134,1134,0xFEC90aBF3CB869Ef58821C85e418589D57BbD749,hardwired,34984482,35337540,0xc072f7ba525ad192985ba7947cc3d50fde01f5ae6483285e18c8753183d42f62
1135,1135,0xEeAec2b48DD972067e3130EC1c2E4769BC6788f3,hardwired,34984482,35337540,0xe95ce83da8b1ae025071c727d05997ef5b199242c8e79f093407201c45ee237e
1136,1136,0xA10C742597B3639331903ed1c26208AF87fAcD95,hardwired,34984482,35337540,0xe522b183c7f74f358dd5f374b9f7c17fedea6c64347c87e459e65eb913d959ed
1140,1140,0x69766b2927B793404811c84721bd0E17b2F7f7e2,hardwired,34984482,35337540,0xc9959485918462100e16bb466f3bcbb1a8a00436730d1ac25b2af3b6ccfa9137
1142,1142,0xe28601398A5448D1147e6E8b0E0c6d686F0d216D,hardwired,34984482,35337540,0x5a5d52122aaefaabfde78777ecb52437d8e5a32c5bd2cc1690f8fc54ed5a3222
1143,1143,0x99999999995d964fF2b47B0f3A0675370905131E,hardwired,34984482,35337540,0x32d987b8fb3248783f7036948749825998c3c318a7751fd3ab818051c58ece56
1149,1149,0x8e8f84b84102Dbe31Fd8Fcec07d8eFE8cA66e79d,hardwired,34984482,35337540,0x2c3d931d9bc5efc55f9deb0e55f62c547342c325ec52199059538c524b5205b7
1152,1152,0x37bbFc32408449Ec4251bf3C2fef4F7CD52746ba,hardwired,34984482,35337540,0xd75a34cc70ce1f5ed8a55a9aab15ff0d392b1f3b01925761a30b9d0c0f0042d0
1153,1153,0xDb363862E5e73a7ce226730de475C507547cD4c2,hardwired,34984482,35337540,0x91894cb2b6955c2356e97ad72ab568e6abc13aded528df86b0c10382e0703824
1154,1154,0x03879dA9151Af28D8Aa88a407D29473086b03f35,hardwired,34984482,35337540,0x315cda5f9238fdfed2631f29914b894ede90cb850fcc264e862b1cd8e5cdfe2a
1156,1156,0x5320bedC1980f5B56D6bDEa71a450a287493142f,hardwired,34984482,35337540,0xc5692a3989d5ec39b4552e0e460475858f1575c52056524795ead434deca26f3
1158,1158,0x49c0aAAe58596C4e0DDb2ade61Fdf1407C941bBe,hardwired,34984482,35337540,0x405cc1cf601b12661b4a56fde5c35062a608e9fae063270fb85463fdb287ff9c
1160,1160,0x16A2eA30C129CdF5aEc6179b5E689CFf9dF3B9Ed,hardwired,34984482,35337540,0xdeee3df95c49248efe853f630a31a7ac1c8de563611884daf7b3f5d88c702e93
1162,1162,0xDb363862E5e73a7ce226730de475C507547cD4c2,hardwired,34984482,35337540,0x25c9b7649869620383f2d29cfa0f099336fd0017faf608f369bf3f7cfbff8ae8
1163,1163,0x968faEeE158B1b382bb1B0518AcD9318Ef82d73b,hardwired,34984482,35337540,0xa4b8dd56c7c8be78495c0e74a47da4b839a7696b5671a05dd5b7761d98f2e079
1165,1165,0x9ef02557bB81557d5FCE437b4FE59b08C724a5D2,hardwired,34984482,35337540,0x2205ed6598929d2ef74d7859086c861469931b7613e98886298ac0dcb1bd9aff
1167,1167,0xE595Ed0eee63FE6ceB3e6b6770B9D826223a3737,hardwired,34984482,35337540,0x9e8466f655b9adcedce7683d5d23ec32c7cec3bcab92a7bd91fefe23e00b9c24
1168,1168,0x93ddA8BFA0F91AF4e23a5CAD662EBC13649FfF5F,hardwired,34984482,35337540,0x45d55210ade9b4b26f5908d65890beeb640b96b49402fff5275a103f6cd76024
1169,1169,0xd813771D3938e7acd0175BcF938cd6bb071d72Ff,hardwired,34984482,35337540,0x85ed65ec73fe8b45a08c06f16b070cecb5e3cd0b703c7aaa37c5b9880e9eaa0b
1172,1172,0x10a508E2b7C10dC4B8105869792C8D18ef9373A9,hardwired,34984482,35337540,0xbed7f32378982bfebbc5c955ba3f29157b5787ad3bccf2a720f969263119b906
1173,1173,0x0fB06273b43A96c1286aa2E23FC209fDa089B12A,hardwired,34984482,35337540,0xe54e4d4e9157cf74f5821a688696fcf1360d9015622cca3716f1de251fc4ecfe
1175,1175,0x71F9CCd68bf1f5F9b571f509E0765A04ca4fFad2,hardwired,34984482,35337540,0x239a5c5c66ab76a309455965059e5b0f3b05a88038cf8d7846f98fc233ebee83
1178,1178,0x71F9CCd68bf1f5F9b571f509E0765A04ca4fFad2,hardwired,34984482,35337540,0x29a13fa29ea6cce6e8bbc8c1df1fb4dc355474b3fb1bc250a3099e8080e60d9d
1183,1183,0x63dB185dE4f443Bd0A64b9593E4fBF7D0F2Da1e8,hardwired,34984482,35337540,0x4d448deffb5928b97bc2338a12a66930fe83f30f890677f7190842ccbea59299
1185,1185,0xdF651625A9C9FD3c5D8145737e1039D2A262C23e,hardwired,34984482,35337540,0x16eb5012ef50ac64f1583d2a0e5abfadae49fa3def37ad6ac70f27992af74fe9
1186,1186,0x93ddA8BFA0F91AF4e23a5CAD662EBC13649FfF5F,hardwired,34984482,35337540,0xf6993eb27dacd079155c8a6bfefe98d06e3111d09401a83e6207c7ee9a54aad3
1187,1187,0x968faEeE158B1b382bb1B0518AcD9318Ef82d73b,hardwired,34984482,35337540,0xc91666026266eac854fe1930a9c1a53964087fd5c8c513416e79ea0106d775bd
1191,1191,0x90421BD820ef91260B561525c3868ea3CeC67A03,hardwired,34984482,35337540,0x74ed799af5453c5589c557486a6b863ea9801525e794d2adb5442537a0d72c4f
1193,1193,0xFc9f3d66Cb037037e3247414DcAc338f8993A629,hardwired,34984482,35337540,0x27b8dae92e889f405051302ac876ea2ba771bad283540f3cab3188353990d739
1198,1198,0x16A2eA30C129CdF5aEc6179b5E689CFf9dF3B9Ed,hardwired,34984482,35337540,0xbad35e7798e36c444eac345b2b6dc605dcda673e0682466495b80444878c8824
1199,1199,0x71F9CCd68bf1f5F9b571f509E0765A04ca4fFad2,hardwired,34984482,35337540,0xa3885fcec39c3ac2651899266fb24e0e54362792eeed3fe6575ec94161a61610
1202,1202,0x9ef02557bB81557d5FCE437b4FE59b08C724a5D2,hardwired,34984482,35337540,0x12bc8f7fa591f326c05859c571b5c298fabaf70962c8ea63a9f50b037d77733e
1206,1206,0x8A3E6d8E8D08F68D480824646707D463F27655aB,hardwired,34984482,35337540,0x80ce04d3250f90dfd7f37d91c5a7bd433fc33ebf8288a700c3a17367640e3b6f
1211,1211,0x8A3E6d8E8D08F68D480824646707D463F27655aB,hardwired,34984482,35337540,0x9009b1d23bb3bd1dcb31d4284dc568e6b6198cd85e128599475b60305cb53768
1212,1212,0x2825CDb4A71AC7942DA889f1ff72d536a8209343,hardwired,34984482,35337540,0xacb5f7543784bd4732277d24be63660f71ab978cf42429f04bf22209cb2ef6ff
1214,1214,0xf99A3402B06f7C3aDB6Dc9360Fe1213DdDDDdddD,hardwired,34984482,35337540,0x5ded19ae153caaebdf310f0211724273a8503642916c348f457b67c0c7980bd1
1215,1215,0x9ef02557bB81557d5FCE437b4FE59b08C724a5D2,hardwired,34984482,35337540,0xd152629728f59fc2f0c9653c2b22ed9653d925cf0364e5d2855e5756887fd2fc
1216,1216,0xDCb5fBAb9c772aE33700f6587C559E00c9525239,hardwired,34984482,35337540,0xf9308ecc9f3c5e34bee28df51251a0396905eac460552873302c49cc57e372a9
1218,1218,0x16A2eA30C129CdF5aEc6179b5E689CFf9dF3B9Ed,hardwired,34984482,35337540,0x857af35c33e32d561c2de27ef697636fc65b62b58489b46e9455369ca478fe82
1220,1220,0x18342C47E3Fc11aCeba1274EB04241f893F3989d,hardwired,34984482,35337540,0x00a7e094a07da7b30fd4103c07a66317f9af691025ea71b628dffcd8e80dc453
1223,1223,0x8FfDBCAEB22E3f577a4EfBC45b7823d4659AD280,hardwired,34984482,35337540,0x375c0bd30cfb908bfaf76259c7947f96ff8c3ea3e913537248ae155f1dfd0e9f
1225,1225,0x999dd3Bdb875CFa5b0817C2eCC2c0B8379999999,hardwired,34984482,35337540,0xf559216c5ef87fc87578d738e761e3911f5b0dc5dd13031e672759852eeb4fa8
1226,1226,0x71F9CCd68bf1f5F9b571f509E0765A04ca4fFad2,hardwired,34984482,35337540,0xe688a55796b138ddcda7606f5eeaa3191d91261e26b7510851911053867b45d8
1227,1227,0x71F9CCd68bf1f5F9b571f509E0765A04ca4fFad2,hardwired,34984482,35337540,0x4299d4cd986f8e1e1c20998785e0f75bab6279e960c9747dff407eba0391f007
1229,1229,0x0A33BB5047489ee4fad6604F3fA5FC65E4Df378c,hardwired,34984482,35337540,0xa0d3e62f6104d8f47283d144075a515bfa7a788c972fdeadbee68a73ba4b83fd
1231,1231,0xDb363862E5e73a7ce226730de475C507547cD4c2,hardwired,34984482,35337540,0xa2a9871488d1eed226c62ff617db1d909d190c1914839c8e4be60ede101e82ab
1232,1232,0x9c3d34751CbDeF9b72530D33Fc40Fc796CFed1b9,hardwired,34984482,35337540,0x91c486052b46a64be7e6c55ed61f7cb74e104e922c8793b4c5a8a6792fa28a43
1233,1233,0x16F5EF133d0D15B196A778d22BF1ec56f8f37C05,hardwired,34984482,35337540,0xa0bb3c45f33b3c075124bbdfb5be10ba6730d4657f2bc53062d0b5a35b2c6881
1238,1238,0xaD128B4FD496Ca73eb54B93529A0519C875125cE,hardwired,34984482,35337540,0xe527725935f7a4d3447e49fb8586df1c4a7ebf8be3e6c91cdb79606963b51829
1240,1240,0x71F9CCd68bf1f5F9b571f509E0765A04ca4fFad2,hardwired,34984482,35337540,0x256b616385808958cf9485b8bf1a3d7085a3198a47137117acb58ee37a758fdf
1242,1242,0x10a508E2b7C10dC4B8105869792C8D18ef9373A9,hardwired,34984482,35337540,0x23850ec97f40ef86b63c3cc78bd85556b9d1f23df7a67df50b0499184dd8d7e7
1243,1243,0xd813771D3938e7acd0175BcF938cd6bb071d72Ff,hardwired,34984482,35337540,0xff6c56a115851ba070cefd49e5cc13e631ffe55243468953619b821a7d9361b1
1245,1245,0x16F5EF133d0D15B196A778d22BF1ec56f8f37C05,hardwired,34984482,35337540,0x652eb5bef29322e9678b34793e108610cdd6829c0e2e00eab9b5b2b8f79b38b1
1246,1246,0x387Bd4252f4fdd1919e8234C37203Ce4b2aee1FE,hardwired,34984482,35337540,0xb8de8270e433a7fb6852bc62b4bf312aab2fec26d4e11620701b2f40d2de17d8
1247,1247,0x18342C47E3Fc11aCeba1274EB04241f893F3989d,hardwired,34984482,35337540,0x178eb5c9f015b068ff11ed8bcd5aebba5ee9f80502a2e44f1304da1feaa5dde2
1248,1248,0x9c3d34751CbDeF9b72530D33Fc40Fc796CFed1b9,hardwired,34984482,35337540,0x3bbb97e2162b6f040ace37a657d183123a2015912cb976ad90890414bbd9fb69
1249,1249,0x699D5F04C92AC04168B6C58d6feFeef3f9d46FC5,hardwired,34984482,35337540,0x6e4aaba94498d50dda993926551b2b46a3aa01851d236e2928899fc8b194b6fb
1252,1252,0x18342C47E3Fc11aCeba1274EB04241f893F3989d,hardwired,34984482,35337540,0x4278c8f3ae238587b778a0e9095f03e6b25b313a15378c174c078acb15ff8f72
1253,1253,0x9ef02557bB81557d5FCE437b4FE59b08C724a5D2,hardwired,34984482,35337540,0xc6e39d538d797bca3328fc734962ea56a408f6010426f290ae83931b1df9a302
1254,1254,0xf22Dab405F4b4b3026E36a694bac1eC349D765d8,hardwired,34984482,35337540,0xa21199f7e922b5a70817510402ebd0ece5d2ce1952f5317850c99f777882843c
1258,1258,0x5320bedC1980f5B56D6bDEa71a450a287493142f,hardwired,34984482,35337540,0x2ec5bf5b4b41f2d0f1dfb164fc013e59a08fa939ae187e553d0417e2b7b4c115
1259,1259,0x71F9CCd68bf1f5F9b571f509E0765A04ca4fFad2,hardwired,34984482,35337540,0x375a1ae2ef9385429226a1a3628b240ccd302766333192784a8be71f260afb9b
1260,1260,0xb5F0452bB5358b3e2b73a8518EfED4BF647c8D1E,hardwired,34984482,35337540,0x54671efa89f9b677883a3acdbc5b1650a068e11b8104cb2442176516e219ab30
1270,1270,0xE595Ed0eee63FE6ceB3e6b6770B9D826223a3737,hardwired,34984482,35337540,0x41384059ef4452a06f5f4819970d79230aeed111ab0fd8be2d418c8926a4f3dc
1275,1275,0x8A3E6d8E8D08F68D480824646707D463F27655aB,hardwired,34984482,35337540,0xffe0ce06be0d95ab3e1cb6bad459a0c17673fb1ecd2a08ca879ad428831ffae0
1276,1276,0x71F9CCd68bf1f5F9b571f509E0765A04ca4fFad2,hardwired,34984482,35337540,0xe18b7335b3e70dd508de3a6c17940e66fdbc52ab9f48cdafe87e6ef9e317de6d
1279,1279,0xc77B5585cA3Cd4bEec6051CcA89921a2f01d9A5c,hardwired,34984482,35337540,0x601d454105f48612e41d1fe1d83da9b4d94f56fe6e7f412c33d027ce31584e8f
1280,1280,0x968faEeE158B1b382bb1B0518AcD9318Ef82d73b,hardwired,34984482,35337540,0x6fd176ae4880b5eb2590b8f0bef02d8acc7437c41027234d128e733c1eee2c98
1282,1282,0x8e8f84b84102Dbe31Fd8Fcec07d8eFE8cA66e79d,hardwired,34984482,35337540,0x4b780ec8a477f33db2de09b96441ee448ed4a8de8f834824c51e87faf130df05
1284,1284,0xaD128B4FD496Ca73eb54B93529A0519C875125cE,hardwired,34984482,35337540,0x614fb5742ce01b4793b2a58a7f6f7b375361d5289763bc256013aeda3876b312
1285,1285,0xe28601398A5448D1147e6E8b0E0c6d686F0d216D,hardwired,34984482,35337540,0x0e52895b3673222230fea83afa1e46e9f02c6a970ac7c364573cb86e3408cdac
1286,1286,0x2DE8fEf2330e3B2f04103D726018DA3DAe06e159,hardwired,34984482,35337540,0xc8933471110d9c8562353a93e5da396b1b2cc237301215297107e98b83d18a24
1287,1287,0x71F9CCd68bf1f5F9b571f509E0765A04ca4fFad2,hardwired,34984482,35337540,0x2b73cbf41b1b9708af298947c977effc4e38f87a0708b33d8d00b9b8a4fd373d
1289,1289,0xf6f49763360c890149e99000547D16061bae73f8,hardwired,34984482,35337540,0xeaef5e6bf2dc44345e844f71348ae144c794fa26601112fec718b8d2aa2095a2
1290,1290,0x7171E64E979265aeD6588577D1c6b60A701d7866,hardwired,34984482,35337540,0x0da95e8909a930722cddb4d800d0c2748bbeec8b137b0a0bfed2276d288e2211
1291,1291,0xb2Cd76921325064FA42a457A691eb2dB1F56Edaa,hardwired,34984482,35337540,0x93b93d33d4f917fa8002183785a4e816c4eb394bbe5aac2cffba707acf3b6867
1294,1294,0xd271e9691007D2175CF4926c4bF52c6f8E0B86b6,hardwired,34984482,35337540,0xfd56f75ebad91c37108f9d29f61d3ed95b5d6d4b049448f8974738b2e4360a84
1295,1295,0x99999999995d964fF2b47B0f3A0675370905131E,hardwired,34984482,35337540,0x3e1fbc91f3f810404a4691b9633e9d72b23556d352ca8c02a5e0ed1f4a1150eb
1297,1297,0x2902b141aB0552aF86B105AB8aD6d66483A1fcD1,hardwired,34984482,35337540,0x76caa6471a28adfc32f10d90473d6ee2e4e4c96df81cd98586dcade50b741ce6
1298,1298,0xa3B93e8e5758379fE505a043010f2611891742f7,hardwired,34984482,35337540,0xfcc983f4afe8e1333d2e3f5d87d7a393342eee0e6b76a3e52ed840ec935c7137
1300,1300,0x9ef02557bB81557d5FCE437b4FE59b08C724a5D2,hardwired,34984482,35337540,0xfdd72dac6290873058dace107c369b1b6ec6be7e2ff7cd2e4eb36f1bf421478a
1303,1303,0xAfA9a53C81CF0FBD747A5215D3e567dc16AA0B93,hardwired,34984482,35337540,0xa3e851686771f3e042cf3f4b32d2f851aec40f8fd8827b3446479a47f1d34df9
1306,1306,0xD341c20d9b3A5F56b70f825432689bE78B8F2bFa,hardwired,34984482,35337540,0xa05a4b8aa9f31744dfe75c8968423cc5eed5b157c1978acc7877a0ebdc9be4d3
1307,1307,0xF3Eec7DB82D12a2B2469534C9323d9558d008B91,hardwired,34984482,35337540,0x9cf799e924a324d9b9d0be7f90ccc4537dc09ea08bb96a1ba2227a5c8417489e
1308,1308,0xAA68779177fa739aE63f24A2F5ed3F9f752E00Af,hardwired,34984482,35337540,0xaefecb48870dac97847e328103268fc7867731eab324993068fa1caaf3ea3723
1309,1309,0x1e612c1E044c6edC3ACF5d5d15629Cbf1C4f0527,hardwired,34984482,35337540,0x92f59b0d20177b5cf3510cf510c19a3a8b1fa2f71520e54a5da4c2358b004ff4
1311,1311,0x71F9CCd68bf1f5F9b571f509E0765A04ca4fFad2,hardwired,34984482,35337540,0x6e8d300d75f6b84568fb4b7f11743c78f2a1b7e8a9fb2d31ed697ae5ebe6a498
1312,1312,0x968faEeE158B1b382bb1B0518AcD9318Ef82d73b,hardwired,34984482,35337540,0x863430d44a7eb82f0695836ec6b56e547dd43d841d4ca6ede749057015754ff9
1313,1313,0xFBD3c3aA054d241fc30732582d4F8519391804ba,hardwired,34984482,35337540,0x28380420a59b26e12a5b9fb84ea7f828bdefe53a0d43d2de54306784b8dfd6b9
1314,1314,0x69766b2927B793404811c84721bd0E17b2F7f7e2,hardwired,34984482,35337540,0x06b7ef9fe87c1dddd80167638736d602f2dfbdceda90db70d676ff6ec6003162
1316,1316,0x6b06FD0181285Dd1BD4b3cfacE9E4a6685DE0C1a,hardwired,34984482,35337540,0xc3748c4c8ae4edfad9e3434ecd240d1cde4056ae52c49c4b31bf85c8de21eabe
1317,1317,0x63dB185dE4f443Bd0A64b9593E4fBF7D0F2Da1e8,hardwired,34984482,35337540,0xaf7551ba2af73dff51bfae9ed294c0ede4733d42df4d349e4d00c5e9e6606eb5
1320,1320,0xf6f49763360c890149e99000547D16061bae73f8,hardwired,34984482,35337540,0x72126ddd6e3dda6449014b61de43662fc8eb20a0da18754653c69f4fb4a7a1e1
1322,1322,0x7171E64E979265aeD6588577D1c6b60A701d7866,hardwired,34984482,35337540,0x98b5f79d0635a251e61a63136f3ce496b42e29d1baacbcd94fc508100744a8c0
1324,1324,0x71F9CCd68bf1f5F9b571f509E0765A04ca4fFad2,hardwired,34984482,35337540,0x8131823a3beed3e8b69d58034c617ac583a786224a6657ec6d1c246d39e4cb56
1326,1326,0x93ddA8BFA0F91AF4e23a5CAD662EBC13649FfF5F,hardwired,34984482,35337540,0xf49d9850cc33e5ebb98c9e8892d164e98394cd38c3b75db82b54cb0ba61e55d5
1328,1328,0xf6f49763360c890149e99000547D16061bae73f8,hardwired,34984482,35337540,0x1e036a8052d125e0041d5b30996195e0b6fa709826f85edee16d86047e89e613
1330,1330,0xaaB14D6d60e6F693f7F885A1E8C1a47F46444235,hardwired,34984482,35337540,0x9775c39f2454835e4596f044215d186216cb931b3bb1eb45d019d5ff5de528ed
1332,1332,0xFC002033D6B541774eBAeAd84307980CC13e3555,hardwired,34984482,35337540,0x11ee861edaa9a421669586525de04862dfa48d12646b70b905dc30e565fb171d
1334,1334,0x9ef02557bB81557d5FCE437b4FE59b08C724a5D2,hardwired,34984482,35337540,0xc253c0eb90c983f269bb8a1c3dd24f931d707e5af323541722ed11da5d0998ef
1337,1337,0xDe93A926D8059d9d20a93B709312bF2cd8a7046c,hardwired,34984482,35337540,0x5163957461edec8ee4bcb89872c6c374824ac34f9d9f3a9a9deca7f1099c6f16
1339,1339,0xD0Cc14934f8E5CE6224dE7e5E76Fc8923bD63Ff0,hardwired,34984482,35337540,0x2ee65c0811f24f83ca7a731c9c97b72f8e366468a0fb0cb7db2840afeef0f35b
1345,1345,0x968faEeE158B1b382bb1B0518AcD9318Ef82d73b,hardwired,34984482,35337540,0x407a78b9fcbe8d699581cbf488d6ed06739e0539eaa340e15ffadcbb86d35737
1348,1348,0xD4b114C01B438D9Bac74cC005adB8850a9B190DE,hardwired,34984482,35337540,0x469ce4dec1d7df5bda5949adc31492b70bc55e4579dcf9a616aba4615a973e19
1352,1352,0xdAe44E165751DA8B86EF71bB93A3Ea0c00Ab5Bb4,hardwired,34984482,35337540,0x9f7c657da468d39473bff2a824e9b9b8b273f34507d30401c739c7cceed99eda
1353,1353,0xdB0b65fDc39Fc0bC0AEb014CD1fe5e52699f457E,hardwired,34984482,35337540,0x2ac13a649db1881b7186496dfa7fac9b8b08a05fd00a39477455afdbef598f61
1354,1354,0x9ef02557bB81557d5FCE437b4FE59b08C724a5D2,hardwired,34984482,35337540,0xfb769f4eedc8b8b52a86a0df2d307351b280d97992d87347360f3306d6cbcffd
1355,1355,0x71F9CCd68bf1f5F9b571f509E0765A04ca4fFad2,hardwired,34984482,35337540,0xfc857a4597285acb94b9dd6c07f7677af8fc25771bdbaad9b7f74c1dc242e1e5
1357,1357,0x7A49722aE043bBC31ee65BB510c81AF5360Bc8c3,hardwired,34984482,35337540,0x1cbdfcaece1e1ed9bcaf87f034ccfb6230b3698d058d82bb2ee1d0ebbce5fd53
1358,1358,0xaD128B4FD496Ca73eb54B93529A0519C875125cE,hardwired,34984482,35337540,0x3f1824380e1698467e0b5fa9662f802d6b413eb9bc09a5fca18dc8e8c92dc5ea
1359,1359,0xe033Bc25603D27FE4314194ACdAef59BC6DED712,hardwired,34984482,35337540,0xfe3f3663818f79c97e23ae394fd28276d286a61d02aa5cbc46fc910ee71ccef5
1360,1360,0x58D4671fFc99Af071E1a453531124Db837B3CdCf,hardwired,34984482,35337540,0xba7d26e7ddf6bd6b2291c2e5f2ecf0bb54095b237e45b470f52bcb61eb046ddf
1361,1361,0x3A56E4058a006fB3c63cA1B1dd15795bAFC3f7a6,hardwired,34984482,35337540,0x678302556667be5d9a9d95e746678ca90ccd42185a81726d6532b8ac02cbfa11
1362,1362,0x16F5EF133d0D15B196A778d22BF1ec56f8f37C05,hardwired,34984482,35337540,0x890a074d6749ff605eb7c504af2fff8fd67568788e41601d526e0783eff9d62e
1366,1366,0x1ff67d19f75ad2F9375db66d6d27F29BCe8b56D1,hardwired,34984482,35337540,0x73ce67658ab56b9fa30dee14cf08c2244f609b3ad385e7ab892d5b648cdb7b69
1369,1369,0x226c1cf05631AB8eb374acdBeA87b25f159f72bE,hardwired,34984482,35337540,0x946bc9630674701d1fe85672dc4b5144f4bd18163acd2ebb00aa1974ac97b3c0
1370,1370,0x71F9CCd68bf1f5F9b571f509E0765A04ca4fFad2,hardwired,34984482,35337540,0x8494ffd7ec57bacc0e8835a5674a6f8b5dd3918f2f60320c826cb15aa7650e0d
1371,1371,0x9BDF1b044642fBbf9Ad39A283Cc1DD11FC960646,hardwired,34984482,35337540,0x7b61a0bdc9ed7a7cf5dfabaf5852e58197dc0e389b8028c5bad4e9c6ebd6790a
1373,1373,0xaD128B4FD496Ca73eb54B93529A0519C875125cE,hardwired,34984482,35337540,0xf76f06d88968032de4ade60d894369b4f9b8682f13d447a7227c5c001a6ac0c3
1375,1375,0xFF60c38F0343a8b8De07c9770266764c452A368F,hardwired,34984482,35337540,0xb9af5a9afb4e139aaeff3380762f7577c1a445a149e28ed82bb3da1d70aa9ac9
1377,1377,0x5D67519515961c351Bb56110F3f578fd7E199929,hardwired,34984482,35337540,0xf78cc32c65600291028678617ffd6195e91377ab07081e16a271e3f3b3562083
1378,1378,0x71F9CCd68bf1f5F9b571f509E0765A04ca4fFad2,hardwired,34984482,35337540,0x72160a7af92beff1b1c440f2b4b858fb4305f12b0541b188b6a1927976492eac
1380,1380,0x4aC4a33101aBB2AA21167De2b881429B915818a3,hardwired,34984482,35337540,0xc43b708ec463e53ade9d5f7ecef28645922b5a99106dd220b92264afd144ddf7
1390,1390,0xDCb5fBAb9c772aE33700f6587C559E00c9525239,hardwired,34984482,35337540,0x8655dfb0d357428a27a88f9abc825b99525f030d3e6d9174b5747ce5394e7d17
1391,1391,0x71F9CCd68bf1f5F9b571f509E0765A04ca4fFad2,hardwired,34984482,35337540,0x65693fd39890d0679838f9a2e9b5c198f2bc4a39a9b039fb62dbee7f1ca11a38
1393,1393,0x28a3f1D3d7B13477d8Eceaac4741f0aa35374a2b,hardwired,34984482,35337540,0xeb7e14be91de6ede2a267a1608c37277e7e187366c2e6f6b7e2ef685a2830697
1396,1396,0x16A2eA30C129CdF5aEc6179b5E689CFf9dF3B9Ed,hardwired,34984482,35337540,0xf847389b0ec8bcb84632bb44905a729c8fb70472761beb7848e40f369f4021ce
1397,1397,0xd271e9691007D2175CF4926c4bF52c6f8E0B86b6,hardwired,34984482,35337540,0x8c6ca3c430af85ed0f345e7ee18fb81ecffa2ea6bc64779a9936ed0502e79d6b
1400,1400,0xf89C94f43B36719046b55E2AE60BacBfc0dB1C6a,hardwired,34984482,35337540,0x3f2abe8dd4bacc8cf46c8277ddd60c57dbec99b494b0ecc33a6bbc4a1f0f0bb9
1401,1401,0xB76041B1B7c34271286B49c06112C5Ad7D9Ddcbb,hardwired,34984482,35337540,0xd6674320c33e02d985376e5dbd94c7f6073597016c87fcddc3372aedbba0e644
1403,1403,0x42b722fb26469B3c2D60b68d3d836be745c10517,hardwired,34984482,35337540,0xb613764b0c49a5f6f654ac377c3ace30bcf6bf66f3e3f48ff4fea4deb7f9a671
1406,1406,0x2825CDb4A71AC7942DA889f1ff72d536a8209343,hardwired,34984482,35337540,0x6f5590070dedd9eb3b45dbf25093bce266ae2fa8bf9058b5504c6fd7a21e8c6f
1407,1407,0xaD128B4FD496Ca73eb54B93529A0519C875125cE,hardwired,34984482,35337540,0x3b6f35afd1dc98e5c5665ee9986f4103ffbc837ea0a8379638b7d6542587cc00
1408,1408,0x71F9CCd68bf1f5F9b571f509E0765A04ca4fFad2,hardwired,34984482,35337540,0xb6799856894b847f2723a0a03fa9db0244301b11ee33627e9a9534210a24ab3c
1412,1412,0xd271e9691007D2175CF4926c4bF52c6f8E0B86b6,hardwired,34984482,35337540,0x18b24b32a85bc281709a241c0c5fd3baafa046ddfd6a28317fbf2dd57d89197a
1414,1414,0x56b03a53ac7F23E72Ce0a376a31440a2455D37D5,hardwired,34984482,35337540,0xb0d895681478f72b624337c0d029476a5b9c85d650d4468ddb42976cf74e6c6b
1415,1415,0x968faEeE158B1b382bb1B0518AcD9318Ef82d73b,hardwired,34984482,35337540,0x4cb355a84ecce900c60043d97dd944080d1acfdf2a91d78a19ba76807c46f8b3
1417,1417,0x63C8e1155E2BE1e10041Ff56625805abCf1fBf9B,hardwired,34984482,35337540,0xaa1c2332d3dfa7fdea4c8bbefed44078d83773be23348fb114bcb6ed7ac17f16
1418,1418,0xaDdEF58a2fe79E6AEEa53859e38841af9854f36c,hardwired,34984482,35337540,0x9cf9aecaa0233cfaacebd737e01298e7e70d99392e42b5c297ed431e071d9e5c
1421,1421,0x9ef02557bB81557d5FCE437b4FE59b08C724a5D2,hardwired,34984482,35337540,0xdf98bf9e97dc771c467a54f66902e5c7f8765a64ab337c6ac90c25ddb5c7f3aa
1423,1423,0xFc9f3d66Cb037037e3247414DcAc338f8993A629,hardwired,34984482,35337540,0xb245bcb944bfd02daff4ba7b044c44e330846f8691e7d713062d2595300f1894
1424,1424,0xB3623D62FF30fadB5B2e127C07cab0D1b0808276,hardwired,34984482,35337540,0x732e10c240fc8045e74ec1cf2b4d3231f90ec832dc68cd73e717adf16ca59d89
1426,1426,0x3875Cb7c71D18Cf43693446b33723aFDe80c06BD,hardwired,34984482,35337540,0x26af5d4f5fe257b66527be6d6497adf508756b4e5d2b5afcac7efee352d76c57
1431,1431,0x71F9CCd68bf1f5F9b571f509E0765A04ca4fFad2,hardwired,34984482,35337540,0x738b3629b3ac69fd8139bf447f7893d9696ab884e6d96d9644e878ce1150b11d
1434,1434,0xbdCe0D96f3dcdCe9ff12d6EE9B14189528D61B1A,hardwired,34984482,35337540,0x8eed144d7b70dd24fadc27f94db7d482770c7d527b61fd026a1f83bb3530043c
1438,1438,0x16A2eA30C129CdF5aEc6179b5E689CFf9dF3B9Ed,hardwired,34984482,35337540,0x67f20a194af6f0727ce0db6a379d5aac9519df5d1754e803ca53058306ffc71f
1439,1439,0x9785234D75b7a7C3d8EE8026f1AcF67fAC14f1e6,hardwired,34984482,35337540,0x6ffc025420cc174951a4add1288ae36098b5e012c3ad58f2774da2d1e24ee9fb
1442,1442,0xd271e9691007D2175CF4926c4bF52c6f8E0B86b6,hardwired,34984482,35337540,0x72feae197b24c56ccdd38e133fc94577a21a5906fc43ca54d1e3ce9b5b724592
1445,1445,0x968faEeE158B1b382bb1B0518AcD9318Ef82d73b,hardwired,34984482,35337540,0x132951195a55591bc0e900b7ae8fd7355fd38684624f2ebfae8e980ec77de61b
1446,1446,0xBdf6BCfF10Dc7BDbcF1c186523434C65fD41a6bD,hardwired,34984482,35337540,0xb0d90772549cb99c5b19f41c48e4d00411d85dfde71584185037537d88517371
1448,1448,0x13a78895e2da9f3E373463EAF943a97f4432781A,hardwired,34984482,35337540,0x313013725f24e2b7daf6fe61380b15d302a9e8ee487d5221875a7029c58bed1d
1449,1449,0x5320bedC1980f5B56D6bDEa71a450a287493142f,hardwired,34984482,35337540,0xdb0955567d516acee491d00153a05aaa072af1edd1b6c062394dd2702473dd83
1451,1451,0x1f52518B47944a5c0799DA26Fc70ff5d65f9692f,hardwired,34984482,35337540,0x432b542d57f9c23c61e5c27bbf8f75d5dc55ba986af2912ef03672beca780d88
1453,1453,0xFC929dF2fBaE5e2fE820a7a311C510E31f7697AB,hardwired,34984482,35337540,0xf9ad8d88b4ece99b20002775375dd9d7f3995d8c85393a1f1bc03e9e34cc86ae
1455,1455,0x1663c5B7AfCC943c4384dFeF7085F1A2dAa41933,hardwired,34984482,35337540,0x04a12e72a4980c0654787b543e1132bce4d8d13bdb214bbf24ecc66dc927f7d9
1456,1456,0x8346Ac89e4B3297F014050dFe8baf87bF7567e63,hardwired,34984482,35337540,0x9d7766f6e3ebc34aec1b148d926c5c4ef9a8a1ce29252d7b6f812eb9c51a5ad0
1457,1457,0xaDdEF58a2fe79E6AEEa53859e38841af9854f36c,hardwired,34984482,35337540,0x8a3fe15dafc2355178425eda95ea868e4f5d3a96f1fe934af0689ee56ab8f7ff
1458,1458,0x4aC4a33101aBB2AA21167De2b881429B915818a3,hardwired,34984482,35337540,0xd2777a64f3913dc9a9fa9d7d2c81cf5d77b397e60d50bed37f65d40d0fd26698
1460,1460,0x8e8f84b84102Dbe31Fd8Fcec07d8eFE8cA66e79d,hardwired,34984482,35337540,0x0b5419de10ab0d1428ad0a66fb70c9b9fc899769a8ee8a0930b29a49f4281929
1462,1462,0xaD128B4FD496Ca73eb54B93529A0519C875125cE,hardwired,34984482,35337540,0xf85276f4bad312e2c29101789177664fe997d4f8fc72b0252a574cae32ba55d7
1464,1464,0x8A3E6d8E8D08F68D480824646707D463F27655aB,hardwired,34984482,35337540,0x661dc20f239397eda7589962b37e7a73922ecb455c2c3ab77f946c8e4550b93e
1465,1465,0x9Fc71AdF531476BCf08FcD31e6eFF5F52c2f9Daf,hardwired,34984482,35337540,0x11c0d395f7420af41d7bd16db82e1706438e71d788fb242bc8bf52da1ce97136
1466,1466,0xE595Ed0eee63FE6ceB3e6b6770B9D826223a3737,hardwired,34984482,35337540,0xcd7411cc3ffce45dbcf74d9e7702a0a2f34d22019c2e97d13257e80e93d9a6e7
1468,1468,0xa64c6369C0d4c61AeeE1f8997bCfB4022F2C614b,hardwired,34984482,35337540,0x0564ec43b0ea2454df6231b5bc971efdf6242a9c70ad1112fd3dc7c821a693dc
1472,1472,0x93ddA8BFA0F91AF4e23a5CAD662EBC13649FfF5F,hardwired,34984482,35337540,0xd6b0391bfa0e2704ba8ebd9a3aca083dffe4b33dc6ccaa015c9ecb58970b988c
1474,1474,0xE595Ed0eee63FE6ceB3e6b6770B9D826223a3737,hardwired,34984482,35337540,0xd6668e179d854b6eb123c825c99e88c32d11655658e2c24ba99f6dfa32ff60a9
1478,1478,0x1910889Da1a784783cC6be709c3a3427946CAd44,hardwired,34984482,35337540,0x3cba93616d9de205268c7a3cab448c8c9143edc127f7b9bbb184fa4d3dfb78af
1479,1479,0x18342C47E3Fc11aCeba1274EB04241f893F3989d,hardwired,34984482,35337540,0xf4cd2a121f9ba3e35f14fc5d5e298885f147e1bc880ee8fdc46978b99c85ac06
1480,1480,0xe895F4d37Da4A5e31E507B2420C3281eCBF9F3f9,hardwired,34984482,35337540,0x6f8773a18c7f48a8d7f8d060d78362efb43a4a7c6af1dca030932ccfe6415f17
1481,1481,0x5320bedC1980f5B56D6bDEa71a450a287493142f,hardwired,34984482,35337540,0x4088858d325d7422d5f00c5d9517b7e2a6128bb2a0086f465dc3da07a9fb3b97
1482,1482,0xAfA9a53C81CF0FBD747A5215D3e567dc16AA0B93,hardwired,34984482,35337540,0x17098c8005a0ee43cb1468aaad3b61f0b42d68531588f756088b8ad4a3176675
1483,1483,0x942E7F82956B17C6d735D8404D24AEd30a816160,hardwired,34984482,35337540,0x5b2b2a0cb5d548f0bd85e0a49c07ce1183dd3edd641b456719f4908745199cc0
1488,1488,0xD4b114C01B438D9Bac74cC005adB8850a9B190DE,hardwired,34984482,35337540,0x8da7c09d8befe0790637d8a643f1761ee64429c5bb4c5ea8b271d46c15b1edb3
1492,1492,0x968faEeE158B1b382bb1B0518AcD9318Ef82d73b,hardwired,34984482,35337540,0xe5a825208cd14522c6f2df86575deee8c3c6b919b5e882dd3c47882cbe2145f7
1493,1493,0xE595Ed0eee63FE6ceB3e6b6770B9D826223a3737,hardwired,34984482,35337540,0xd3325e29cb9e0d143deb8175aa2d10d3ed41c39f80d0f5e51232e7d4bf957264
1495,1495,0xE595Ed0eee63FE6ceB3e6b6770B9D826223a3737,hardwired,34984482,35337540,0x670b2df32f52e786fe582d332f1e393d53ec7c56da8a9802a4a03b749b2151c4
1497,1497,0xaD128B4FD496Ca73eb54B93529A0519C875125cE,hardwired,34984482,35337540,0x7530f57b32adb3b937f99e644c37f612c9499637c5010320f5ef5ddfe83bd892
1502,1502,0x99514773a40f64e52ae3014C7836Cf0E703Dd0b1,hardwired,34984482,35337540,0x1511e9cd4474d0735c060a41e3298bd6e7af3a546f9b2daf274d2b00458d1ecf
1503,1503,0xaD128B4FD496Ca73eb54B93529A0519C875125cE,hardwired,34984482,35337540,0xc7f728c188ec5c0f721f9271d9187b685501a75ba51484714b0b6ae065f7c4ae
1505,1505,0x03879dA9151Af28D8Aa88a407D29473086b03f35,hardwired,34984482,35337540,0xe561e3cf306def34a9d82238f8f34fb69b72f09547f80f9e3eb2d43b96005478
1508,1508,0xE595Ed0eee63FE6ceB3e6b6770B9D826223a3737,hardwired,34984482,35337540,0xc621d66300759ef9633c3e68f547447545f2403f5e0f4a4f1923f4264ce48794
1511,1511,0xB563318267d7389D01ffeDb357c8c31c88a45150,hardwired,34984482,35337540,0x422c364df7447b5ca56587d622095e98bba9a032cd223a41e7d6205d1848b2f2
1522,1522,0xa64c6369C0d4c61AeeE1f8997bCfB4022F2C614b,hardwired,34984482,35337540,0x567c5a5c25e3d1f724a5551ad65cf50979a7b452451996d44f9c84d596167523
1523,1523,0x71F9CCd68bf1f5F9b571f509E0765A04ca4fFad2,hardwired,34984482,35337540,0x2699a8bdc779dabb813761b4488bcbed808eee051b4721001469e967697b894f
1525,1525,0x03879dA9151Af28D8Aa88a407D29473086b03f35,hardwired,34984482,35337540,0xabba55ab0f682ec0690345551e60f5440d7a8c6563b0fdc3be8e393d925dadf6
1527,1527,0xE595Ed0eee63FE6ceB3e6b6770B9D826223a3737,hardwired,34984482,35337540,0xbbd0c2c6e2b57a2618fc58e8b131a5cfb4d64cdf7eea0dfa5909f33369affb2c
1529,1529,0xaD128B4FD496Ca73eb54B93529A0519C875125cE,hardwired,34984482,35337540,0xd20c2a3f8a81ca22aca15fcd69b9f29ca9a188c5215b75b7a9ed81208c1d2a95
1531,1531,0xFc9f3d66Cb037037e3247414DcAc338f8993A629,hardwired,34984482,35337540,0x6452c4a843d8d1a382399e3eb719ab28aba2bf0db675d31bc85f6d280eff31e2
1532,1532,0x16A2eA30C129CdF5aEc6179b5E689CFf9dF3B9Ed,hardwired,34984482,35337540,0xbbeb45f621cd7cddfb49179688abd1776024cf7ab5eb8b6a143196810aa5af17
1535,1535,0x2902b141aB0552aF86B105AB8aD6d66483A1fcD1,hardwired,34984482,35337540,0x46e79fc5495e3060479ba199c29ca76290ead42692bc1479dc2bde18394c356d
1537,1537,0x5320bedC1980f5B56D6bDEa71a450a287493142f,hardwired,34984482,35337540,0x0f09caaced88e4fc78cbbea340946e3297ed9df2015fe1582bb4e33a691b6289
1539,1539,0x71F9CCd68bf1f5F9b571f509E0765A04ca4fFad2,hardwired,34984482,35337540,0x35bc0259bb00ce1b11d06e557e90ef08f8d475792985367322c712f36a642d2b
1540,1540,0x93ddA8BFA0F91AF4e23a5CAD662EBC13649FfF5F,hardwired,34984482,35337540,0x6c8c8e211417fc89f0fa2b5cc800866b48646808b6550e6d59b9abe0e361f9ff
1546,1546,0x93ddA8BFA0F91AF4e23a5CAD662EBC13649FfF5F,hardwired,34984482,35337540,0x28fd5061cc109945a0b6665e57fdaa616210fa0fdec73b89d3e4808d2c96fcfb
1548,1548,0xAfA9a53C81CF0FBD747A5215D3e567dc16AA0B93,hardwired,34984482,35337540,0xaec3c07a7e5871db07155bee70368c0c49e53142bdae17f050d3410729907e9d
1551,1551,0x0A33BB5047489ee4fad6604F3fA5FC65E4Df378c,hardwired,34984482,35337540,0x76d52b5b3da1b245dc6ec579eb5a15293788dd387ad21d8b2cb5872e671dba47
1553,1553,0xE9061b69E72eFd36eFac794f0D4dB3e17327AAE8,hardwired,34984482,35337540,0x2ab2632f133e0e54adfae0a52ca9297e70bd1c4400a417a873c7fb9792e36039
1555,1555,0x16A2eA30C129CdF5aEc6179b5E689CFf9dF3B9Ed,hardwired,34984482,35337540,0x523920c4a8489607ba24538466738bd75513827b3130cd739ca859ccf692a36c
1562,1562,0x9ef02557bB81557d5FCE437b4FE59b08C724a5D2,hardwired,34984482,35337540,0x7677c8c5892f62fd34abf8611b8455987af1e60bd658bfdb375a049e261d9379
1564,1564,0xDb363862E5e73a7ce226730de475C507547cD4c2,hardwired,34984482,35337540,0x9e0a1eda4751a21b9184e92d0ccb90df0ab798f1c49a1dba8d7d3980bdf8f16c
1567,1567,0xaD128B4FD496Ca73eb54B93529A0519C875125cE,hardwired,34984482,35337540,0xd93d6e24789af55e8bdee7314f84f1690bc4b20d0af82f3fb636eee2e517b8e8
1569,1569,0xC1135a1c477157D173A05C725Cf3299162959ca6,hardwired,34984482,35337540,0x51ce4397d1e6de919f0673eafe9fac7f97514fc7025dcc93b3d681a6cac0bc62
1571,1571,0xf0d5d30176D64991f60947c78463A11f6baC1963,hardwired,34984482,35337540,0xe15b8e32a20b04f34bb11cd199587bddb241fb0e726bf2b86637126a924eae7a
1572,1572,0x71F9CCd68bf1f5F9b571f509E0765A04ca4fFad2,hardwired,34984482,35337540,0xecdf8f5de28c2441515b5a3b57ab152e30f39053870acb0b24d3d06837d6e01e
1573,1573,0x71F9CCd68bf1f5F9b571f509E0765A04ca4fFad2,hardwired,34984482,35337540,0x402c7ae18db0dc29176703c0a200802d67bd9656924b671a40b70c4bdbcf12ac
1583,1583,0x99514773a40f64e52ae3014C7836Cf0E703Dd0b1,hardwired,34984482,35337540,0xbb68154672029d5c643a5439fa3cf637b97b7c854e7ad59928211086ad880712
1584,1584,0xdF651625A9C9FD3c5D8145737e1039D2A262C23e,hardwired,34984482,35337540,0xa60dabd3451c8e3d7e2cc8a688bba77ea6f22516862f2d9af6a2e511719dd526
1587,1587,0x71F9CCd68bf1f5F9b571f509E0765A04ca4fFad2,hardwired,34984482,35337540,0x1d6025f26c0d2bfd1b02b3861e2cf5ef4e16e809b8b75acf927ac7ab47b8f5df
1588,1588,0xE595Ed0eee63FE6ceB3e6b6770B9D826223a3737,hardwired,34984482,35337540,0x4c11eab8e918f7b31b37652a862698acbaa7690eda777895e7b9d3ba91d60723
1589,1589,0x8A3E6d8E8D08F68D480824646707D463F27655aB,hardwired,34984482,35337540,0x8b8ce58f42a6bec9985e2bfb226ae1612b7a3ef8016944ae154a8f7ab532a8c3
1592,1592,0xec7fb8075A8F06bE74C3a02faBb410395341B96c,hardwired,34984482,35337540,0x1f555ecbd9292e2327fd8e98e6b2b4c67807a6f4c0b9edcecb46f72a124243f4
1594,1594,0x0fB06273b43A96c1286aa2E23FC209fDa089B12A,hardwired,34984482,35337540,0xb89d2c8b3401e6249396f0b1cd171ded7b7655c825a45f8e2394d26b9a4d6060
1595,1595,0xE595Ed0eee63FE6ceB3e6b6770B9D826223a3737,hardwired,34984482,35337540,0x0aa8141c0a2bc988ad76f977b2a14342744537f6ba9542615e5418c7d7773bbc
1596,1596,0xaD128B4FD496Ca73eb54B93529A0519C875125cE,hardwired,34984482,35337540,0x9a4dc86cfa9bbece22c2e4820c3183e97f87d52b0b55da0567f04af3ca1996c4
1597,1597,0xaD128B4FD496Ca73eb54B93529A0519C875125cE,hardwired,34984482,35337540,0x087da3565a2ca46d41e61ced97ff7e417989659dac96934cfd2c79eb1ad98524
1599,1599,0xE595Ed0eee63FE6ceB3e6b6770B9D826223a3737,hardwired,34984482,35337540,0x89587ae197b9d2d2fc414d6c5a1d7aa85fa10441a63242c30802740aa64a550b
1610,1610,0x7171E64E979265aeD6588577D1c6b60A701d7866,hardwired,34984482,35337540,0x4c2fc74b1effbefdcc2c1f4cded03ff0b10a14848524fb4e091c1a51d631794b
1613,1613,0xd813771D3938e7acd0175BcF938cd6bb071d72Ff,hardwired,34984482,35337540,0x9045488ee74403ded26a2c8cc17d02437b07169f2f0a6e862613b1d1c23e6ac9
1616,1616,0x968faEeE158B1b382bb1B0518AcD9318Ef82d73b,hardwired,34984482,35337540,0x4df839eeb0a5f2824afd1bb73156b869cfdd20f3a9e8e0025010f0e216344b49
1625,1625,0xdB0b65fDc39Fc0bC0AEb014CD1fe5e52699f457E,hardwired,34984482,35337540,0x7fe8114acd6ada73871feef8c7c91f6e7cd4a69b4b4e21ebccbb350b698d5eda
1627,1627,0xaD128B4FD496Ca73eb54B93529A0519C875125cE,hardwired,34984482,35337540,0x992810456bf33bb0ea3bce05bf7821f01c24c356e98829ccbdc680e63ca805a6
1629,1629,0xCBA3CDe0dbe164518B45E827004089303948E7CA,hardwired,34984482,35337540,0xef8afb376bfc7f8a1e6a52a34fb3066a32310d692fa1bb34667813ed79e4c877
1631,1631,0x71F9CCd68bf1f5F9b571f509E0765A04ca4fFad2,hardwired,34984482,35337540,0x5b3479cb4b98a3f8e05e3312bceea73db78418a0033258d33659fe6d363cc999
1633,1633,0x71F9CCd68bf1f5F9b571f509E0765A04ca4fFad2,hardwired,34984482,35337540,0xa6dbf562c9a6f0ed2d6bc269b7587575bc5900a1b7b58c7b45b3b67dd7ca5cc0
1635,1635,0x63C8e1155E2BE1e10041Ff56625805abCf1fBf9B,hardwired,34984482,35337540,0xac307f2f833cf723f7e47c856875af426f1f4a53525a8d1cf1ab4bab24704724
1636,1636,0x1663c5B7AfCC943c4384dFeF7085F1A2dAa41933,hardwired,34984482,35337540,0xba3124d532f838a65226decc21f559812ae35fea79719da27578f245870d871d
1638,1638,0x10a508E2b7C10dC4B8105869792C8D18ef9373A9,hardwired,34984482,35337540,0x0582c89054d49d789fc9a2c8cb3316639a00906fb06ff6b552a800c37c89764f
1645,1645,0x16A2eA30C129CdF5aEc6179b5E689CFf9dF3B9Ed,hardwired,34984482,35337540,0xf1944094f8530bede20e01bab40bd98711e9327f9231091c71baa2795fd38adc
1646,1646,0x29909b9c97845D5eb998B4AA41664a46c5dc35C6,hardwired,34984482,35337540,0x9448b683cc999943a902b3f010e2244091116527c12c7a64211313cda2e0026c
1649,1649,0x9ef02557bB81557d5FCE437b4FE59b08C724a5D2,hardwired,34984482,35337540,0xf4c93e89098b80d5b3746231248f7b1285fc55b73af5738f59e9e416d58a5a84
1650,1650,0xdB0b65fDc39Fc0bC0AEb014CD1fe5e52699f457E,hardwired,34984482,35337540,0x5eebc4f43c21f23de30713a4490b81b53c62c2e1e775d52f862adffb535c039d
1652,1652,0x71F9CCd68bf1f5F9b571f509E0765A04ca4fFad2,hardwired,34984482,35337540,0xf7bd280a22fabac7a83f46d1bf67845efb8f3f8b889104032cb901e4e2dd4d06
1653,1653,0x71F9CCd68bf1f5F9b571f509E0765A04ca4fFad2,hardwired,34984482,35337540,0xa6eaf2907cafb55d1815d99be0a05c4794cd3288d13d84dd15b028cae95c0507
1656,1656,0x968faEeE158B1b382bb1B0518AcD9318Ef82d73b,hardwired,34984482,35337540,0x4fb2da8730b04ab5a84e258be0418ff3bc22e677e65b209a9a5d5a9c9a08466b
1657,1657,0x578a7f0798B8CB0F1ea6609fFc4C0Bf2B9125Fc0,hardwired,34984482,35337540,0x785d77adc67340c8858afc98225f72c46600feb99d31500c083a0fcbeebcc216
1658,1658,0xb55Df3a73E9f8bc8E41E83f387695EACDaB269D2,hardwired,34984482,35337540,0x12c4bcd6848e5a5ed3055151ae9ca838ca1ee886bb9a1e15357ad30541c47baf
1660,1660,0xE595Ed0eee63FE6ceB3e6b6770B9D826223a3737,hardwired,34984482,35337540,0x17f932c684c7be3113db0b4c64a38df046e473a41c5bf0961243eff02d1acbad
1664,1664,0x9ef02557bB81557d5FCE437b4FE59b08C724a5D2,hardwired,34984482,35337540,0xbdf60c58ec2fc2c00bf7c3d5ebc81a380485e1a5e5b6c3615b50870d67fd8bd1
1673,1673,0x0fB06273b43A96c1286aa2E23FC209fDa089B12A,hardwired,34984482,35337540,0x33654de7e3accb15e1946ae19a2776d132712ef41cf389d3d859a2d6f36af5c1
1676,1676,0x4aC4a33101aBB2AA21167De2b881429B915818a3,hardwired,34984482,35337540,0xc267a8293ac04e6bbcf2a3a1100dd925765e0de7b2e8c6153d0b3bc0638e093e
1677,1677,0x56b03a53ac7F23E72Ce0a376a31440a2455D37D5,hardwired,34984482,35337540,0x1e7b8638f5c8126bb13f813b26f569177537eb5994a5802c51e0771d7a639132
1681,1681,0x8A494eD488C5BC157E0Fb2983FdFb90E2d63B691,hardwired,34984482,35337540,0x9fb285ff0c3545736338af4912d785c8337d3781e5a98e07f184a76f14ed3cb1
1682,1682,0x03ad9259A227e44886c6b1c1833c2E79379b976a,hardwired,34984482,35337540,0x4eeec80617b907c496f541d2823ec9aaf68c1c551f7118a30a2db7f68252ee55
1684,1684,0xc3360a43b70a49CE84E0DB88800CB8d6b7666666,hardwired,34984482,35337540,0x3966f2f1b349b5326bbf3767301d4f8e43fa5f2354af154898138497d87d85a0
1687,1687,0x0fB06273b43A96c1286aa2E23FC209fDa089B12A,hardwired,34984482,35337540,0x5c5ec792fd0ef5df368823161519116e1f32b5223c3257092098cb6f24cf0b66
1689,1689,0x6203661dB6cfe6640D4D65D5365E98Fe89B86077,hardwired,34984482,35337540,0x55a2fa66cae0fa627c7642dc747dbf67f9add13605a57f91356304a082c6731e
1690,1690,0x851F6A88F32e5371178f6b94362bedB2b066E89E,hardwired,34984482,35337540,0x52781b03080657b0b9c9da7ee9492368bae69aeb586490b57194066b501a282b
1692,1692,0x71F9CCd68bf1f5F9b571f509E0765A04ca4fFad2,hardwired,34984482,35337540,0x7d8956bac880f23c9eef343dc8d118c56e94c005f9302a811c6900df5364e141
1695,1695,0x0fB06273b43A96c1286aa2E23FC209fDa089B12A,hardwired,34984482,35337540,0x8d6bb8434625d7f8176cdcf50ad9cb2c79b6da6c0d8070cd5354830c0550b0c9
1698,1698,0x13a78895e2da9f3E373463EAF943a97f4432781A,hardwired,34984482,35337540,0xac9798d4d08c2d0b34bd8c60682025e039cf3bceed35f1c9377b0c031cfa3448
1701,1701,0x71F9CCd68bf1f5F9b571f509E0765A04ca4fFad2,hardwired,34984482,35337540,0xbf56362339733b1457a7aebb4c5d865e43a383a1f906d0d60f849225dfd93f33
1702,1702,0xaD128B4FD496Ca73eb54B93529A0519C875125cE,hardwired,34984482,35337540,0x22ea57259d5c969617af880a2105481b77a5ba4dfe7a43b2733bc93050e0a438
1705,1705,0xf4C4a59049C4253860FfE93C088030EE5137f8AE,hardwired,34984482,35337540,0x00359e84f1046074995888ea4be90e8e70888ed22f7f1491652a0ea7616c8398
1706,1706,0x6b06FD0181285Dd1BD4b3cfacE9E4a6685DE0C1a,hardwired,34984482,35337540,0x0a4ad40e8928ceceaa009c549f5bb5ff9f87e0e24da836cfa48da23855eea4f5
1707,1707,0x8A3E6d8E8D08F68D480824646707D463F27655aB,hardwired,34984482,35337540,0x46c01dc916ff8a0dfef78e8a7fa0bfef8a6a4ca1cd547e32a221edfb61d55b4c
1708,1708,0x5320bedC1980f5B56D6bDEa71a450a287493142f,hardwired,34984482,35337540,0x8ea7ff3fffb33c88a884e996ef01b6761984a7934bed65e029ae355c9ebb019e
1709,1709,0x973b75FF20f32a5c08cbEed30A52474fAD4007FC,hardwired,34984482,35337540,0x1771d92cec3b04c0391593142303f74746f5307ef12d407f3f79fd6d973dad3d
1710,1710,0xe895F4d37Da4A5e31E507B2420C3281eCBF9F3f9,hardwired,34984482,35337540,0x59f6a0860e6e425d8f4bf92d47263d6fed02e4794f496ed0d2f7eb895eb405ba
1713,1713,0x03879dA9151Af28D8Aa88a407D29473086b03f35,hardwired,34984482,35337540,0x5fd30e694659dfe944bf380286ba97709d5ddb678621cc29a48f39461c48a341
1715,1715,0x00cbab9AD333c5e4d912703F4D8348f09759f75e,hardwired,34984482,35337540,0xf0e7c99f9363b014ed825f417c64f75894028f569a482f1bf0d4a273c82a1dca
1718,1718,0x00cbab9AD333c5e4d912703F4D8348f09759f75e,hardwired,34984482,35337540,0x48e70a03dc0148642329291e23966bc2142f9d3dfda1a2ac8a4bf6a0de3969eb
1720,1720,0x10a508E2b7C10dC4B8105869792C8D18ef9373A9,hardwired,34984482,35337540,0xb60395ad688f717e552879e666cf6ceda3f06f308db58a9bbdd0e6597f7d5f1d
1728,1728,0xf1053245ae98F2C1836a91062F7Ed4e877FB15f8,hardwired,34984482,35337540,0x237a441a001420fd551f20e09f68c7bf88913c5c3edbf0d535cb8fa1f1876f26
1729,1729,0x324C30c4cd450EF781E7a7A7b685B30D2b0890A2,hardwired,34984482,35337540,0xfde2676e6ad4f38eccdfea5cb0b8f7e9ff3504f87631609220b5976ea1244aff
1730,1730,0xDb363862E5e73a7ce226730de475C507547cD4c2,hardwired,34984482,35337540,0xbd2921b1cff5e57f8f649556b0f92b544d905fe4bdd3972a37a84f2756af3220
1734,1734,0x968faEeE158B1b382bb1B0518AcD9318Ef82d73b,hardwired,34984482,35337540,0x0b853bb9619e5e145573fd98dc1368eea4e9af46219250623423a5b6259115b3
1735,1735,0xD4b114C01B438D9Bac74cC005adB8850a9B190DE,hardwired,34984482,35337540,0x85fb015aa6de53e9a631428f25ca64b2b51fb82ca37fe96b2bc8d68024f283f0
1749,1749,0xAfA9a53C81CF0FBD747A5215D3e567dc16AA0B93,hardwired,34984482,35337540,0xd23c7ca7f49fbb2e576616d8abe3ae8d20d43687dc1b5cfb94656be1c2af3515
1750,1750,0xf1276036b343c6BFE2D87524eAC29Ec3141ACc60,hardwired,34984482,35337540,0x999e9b9ba47a19721878ff04e97e99e680fe786db895e4c7be6cd387e4f9039c
1753,1753,0xdead68114524855F4B20749741291b776567dead,hardwired,34984482,35337540,0xfc434394ae836647554e33ac02b6c7a5311a1a11fd1aa0aecbdc13ef58253bd5
1755,1755,0x71F9CCd68bf1f5F9b571f509E0765A04ca4fFad2,hardwired,34984482,35337540,0x2f69ecbd4ab59ec29cf7c64cb49f3b2c189894a2e462195820da801416f26190
1759,1759,0x968faEeE158B1b382bb1B0518AcD9318Ef82d73b,hardwired,34984482,35337540,0xb325286797794d6f596e309e63f7651fdfaefb115ef394c60e7292823c23f66f
1762,1762,0x07545d5ab6D8a7A8BD356a723E7722dEA898Daee,hardwired,34984482,35337540,0xb3c6bd71d5ed349b760d9f0ec4a26f01f4eec2a00734f61323811a4502087102
1764,1764,0x93ddA8BFA0F91AF4e23a5CAD662EBC13649FfF5F,hardwired,34984482,35337540,0x3e66310e06c77efde7c06bf82b7e1afc0a54a0ac1385e7e342fd957616a2f088
1765,1765,0xFc9f3d66Cb037037e3247414DcAc338f8993A629,hardwired,34984482,35337540,0xdfbe1e883bf0b90eb211d9192590e90f704b8f75a0e9b735717af9e3011585ad
1767,1767,0xE595Ed0eee63FE6ceB3e6b6770B9D826223a3737,hardwired,34984482,35337540,0xe145964dc9ba1f500e6f4847863528d6932dcdc9ceeb347d6e0ecfbb3cd4b5d7
1768,1768,0x71F9CCd68bf1f5F9b571f509E0765A04ca4fFad2,hardwired,34984482,35337540,0xfc9831b7f806f9e8e7111944172aa308c0531252e1573f57f9cfa93e752cc7a3
1771,1771,0xd271e9691007D2175CF4926c4bF52c6f8E0B86b6,hardwired,34984482,35337540,0x2831637182beb9ccde70033401398af1ccff582cf910259cb1ba4fd453cb60ed
1772,1772,0x387Bd4252f4fdd1919e8234C37203Ce4b2aee1FE,hardwired,34984482,35337540,0xede8f604cf27a6d3b3db0c668f0c3d0140bdd4c5748c708743b596e20289f29f
1774,1774,0x71F9CCd68bf1f5F9b571f509E0765A04ca4fFad2,hardwired,34984482,35337540,0x1b57427766dcf9c01f456545cdfc49d39f6602a30b06ad46ef8c88d88b8000ee
1776,1776,0x8348142049D036042056854Db492dC20D3cf6583,hardwired,34984482,35337540,0xbb579b80b138384feb350f09412e7fc684b5ad2e5ad804eae0a51c6f46ac63a9
1777,1777,0x71F9CCd68bf1f5F9b571f509E0765A04ca4fFad2,hardwired,34984482,35337540,0x0f3158e68ae26bbac4b2ff44aaa8930b641b24f7dd8adee16f88f4a5e62ebddf
1779,1779,0x3875Cb7c71D18Cf43693446b33723aFDe80c06BD,hardwired,34984482,35337540,0xb2df18be1850a7df1ca615dd07ade819d36f02fd296e935b30e34c48dcccd3b6
1780,1780,0x968faEeE158B1b382bb1B0518AcD9318Ef82d73b,hardwired,34984482,35337540,0x367a95685961d2f711868bbc90fb41d77ecc9bd9e290bcfc6e57661dde0bbc90
1782,1782,0xE595Ed0eee63FE6ceB3e6b6770B9D826223a3737,hardwired,34984482,35337540,0xd05ab047328e434759a9fc10b057ac76b47cafe74455942d08c8479f31615f62
1785,1785,0xc112Fdf5dC4D896A3E93e1ab75ea7fa1e60B407b,hardwired,34984482,35337540,0x8d9223e90ba1bfab279aa3c357fa42da8c058947155e293996ff2bc373bba3ee
1786,1786,0xaD128B4FD496Ca73eb54B93529A0519C875125cE,hardwired,34984482,35337540,0x3a85bd9014b6e861ca9807f7006d89d4dde3bea2b8c7f707f2152a5291e5964d
1788,1788,0xDDbf1985677E84cC634970fE92eAe63c454370a6,hardwired,34984482,35337540,0x6a7eab126f0a0dd61d636bb3c024218bab8cdca40227eb1faac33119a4b229f9
1789,1789,0x18342C47E3Fc11aCeba1274EB04241f893F3989d,hardwired,34984482,35337540,0xd46fe19b134dc44a338a23ae1652faf8fa53bd74d4cc7e350f34c8256cff87e3
1790,1790,0x71F9CCd68bf1f5F9b571f509E0765A04ca4fFad2,hardwired,34984482,35337540,0xf863fc8fdcbb04de4f7070afddf3fcfb04996e5a36fd4fd4f4604738b107300a
1792,1792,0x968faEeE158B1b382bb1B0518AcD9318Ef82d73b,hardwired,34984482,35337540,0xbff01e20e75d09624295c1b07c47e43704cc9b764addefa24ad2d3e45590b47c
1793,1793,0x71F9CCd68bf1f5F9b571f509E0765A04ca4fFad2,hardwired,34984482,35337540,0x528e5683fa4747e73e11488295b899c58593461a176513bfc8c52d77e5211f16
1797,1797,0xb5F0452bB5358b3e2b73a8518EfED4BF647c8D1E,hardwired,34984482,35337540,0x68991b978377d2a86a88df06076449fbf7c7fcfeb831aa2fc1f4c8e068eded05
1798,1798,0x37bbFc32408449Ec4251bf3C2fef4F7CD52746ba,hardwired,34984482,35337540,0xe104ae6b4419381ed2ca1828b89a9302ce80eeaffe70770415f42d52bfbb068a
1804,1804,0xFF60c38F0343a8b8De07c9770266764c452A368F,hardwired,34984482,35337540,0x971d1def882cfcad6c0588def0d57919ef53842c457994ff9b83b6b7c7f909b1
1809,1809,0x71F9CCd68bf1f5F9b571f509E0765A04ca4fFad2,hardwired,34984482,35337540,0xe3daa96f55c082573926932de0afcb3e29a20dfde601b280c9ad0f5f5ae874ac
1810,1810,0x9ef02557bB81557d5FCE437b4FE59b08C724a5D2,hardwired,34984482,35337540,0x54ec9a274641fbe41636477ca0bad1ae82bd48aa287d504c7dd463240632695b
1811,1811,0x16A2eA30C129CdF5aEc6179b5E689CFf9dF3B9Ed,hardwired,34984482,35337540,0xff88da8cd2293b78ae044ac1f6ee3882e17dcd44af3640b2d72f04881fd49901
1813,1813,0x9ef02557bB81557d5FCE437b4FE59b08C724a5D2,hardwired,34984482,35337540,0xd671f516d157e49b21dc908323a6ec9acb5ebc7c9abfaf4a38aec4bf93f55733
1819,1819,0x18342C47E3Fc11aCeba1274EB04241f893F3989d,hardwired,34984482,35337540,0xda5615ec4e87122386aa8c14a6e5602c4d21816aed2b2389b298ca90da93be27
1821,1821,0x9689B11B77D799181612227e474AF7da3F49A3e3,hardwired,34984482,35337540,0x2ab85bc8fc8c37f80d7a98af243109dd4995680d4b1510489142ab06579c323b
1824,1824,0x71F9CCd68bf1f5F9b571f509E0765A04ca4fFad2,hardwired,34984482,35337540,0xe77ce9f12d694f1a67adfd8cc4a5e42d0a92aaf4e4aec3e2e1b20161f445e85b
1825,1825,0x69766b2927B793404811c84721bd0E17b2F7f7e2,hardwired,34984482,35337540,0xbf14ba2588aa3e6564e9d9f2769f156b56ce97be514ff12b3327250c1da7bf1e
1826,1826,0x93ddA8BFA0F91AF4e23a5CAD662EBC13649FfF5F,hardwired,34984482,35337540,0xdd785d2ee6af63bf981bd9d0dd6ba1ac33d6f962cf722d545eb353227a2a5b65
1827,1827,0xdB0b65fDc39Fc0bC0AEb014CD1fe5e52699f457E,hardwired,34984482,35337540,0xdb9454e2ec87d6a6e6ba10694ac3a4a60790bc2f169299dc9fb86ab47ab54b96
1828,1828,0x71F9CCd68bf1f5F9b571f509E0765A04ca4fFad2,hardwired,34984482,35337540,0xdc231f13af61a532c6ecf24fdd90c6b954b5084c26b9ee7124632387a6b5d9d4
1829,1829,0x6b06FD0181285Dd1BD4b3cfacE9E4a6685DE0C1a,hardwired,34984482,35337540,0xb63f8a7dd11a506ef911590841e88f2d53677c7d648df647381d561cf33c0c7b
1832,1832,0xaDdEF58a2fe79E6AEEa53859e38841af9854f36c,hardwired,34984482,35337540,0x2f32e16282aa4f49c1b1ecc02cb14daa065b66a6d96e6b568393b46b28afaad8
1835,1835,0x1bE40D85f1a6AA9Cd34D3DD5AC3208458259dCb5,hardwired,34984482,35337540,0xd5995f8c718c6d9cf6e3b544af280a3e54d68b8b00df1fec8270a3aad54847f0
1838,1838,0x7AFBcB572e7b0E67879EE3cCCef8Ec012dFD6856,hardwired,34984482,35337540,0xa6335ff67c848b7f7da2de7c6627f2a840b22f11d5e284ff35ab725c633df6c5
1839,1839,0x07545d5ab6D8a7A8BD356a723E7722dEA898Daee,hardwired,34984482,35337540,0xb935a4ea0500322e93e355abcca7af348fa5547b0ffab42561bc8dcccf194b61
1841,1841,0xCBA3CDe0dbe164518B45E827004089303948E7CA,hardwired,34984482,35337540,0x29a25ff4e94788b1d52500872a14aff751b1fb8fdb895b0fbcaf5e41d9abe975
1842,1842,0xeCa434448880DCC61bf2D81605a5a6e3bb6ba313,hardwired,34984482,35337540,0x55937007dfd435ce726ab8d10d8f622f5744fbeadcdacc73a3ff05c8de92260e
1843,1843,0x88Bf7005B84b01f69E796407502E537730C21da3,hardwired,34984482,35337540,0x0ebfdb6b4f1d286ff3f44903b0dfeb95d91a5c6ac09cc4fc6ed6765b6bb062c6
1845,1845,0x56b03a53ac7F23E72Ce0a376a31440a2455D37D5,hardwired,34984482,35337540,0xd22610531c3f57cd0cb3cd13536f2e447a866f94c70a135cb61727309657f464
1846,1846,0x968faEeE158B1b382bb1B0518AcD9318Ef82d73b,hardwired,34984482,35337540,0x8da123e54d89d0cbc4deb2292c3c63bd9cb0db9330bb422ee667918103f8d08c
1847,1847,0xFBD3c3aA054d241fc30732582d4F8519391804ba,hardwired,34984482,35337540,0x6d9376c486ce1006d72c0c4e5c150b1a84558cadf89f7211ed9d9b71c1fc3635
1848,1848,0x165B8AC3dBC3221C9fc07359AB7fF9CeFCaF0B1D,hardwired,34984482,35337540,0x1f9bda9de4fc1b6d1aa99ddb5373701a9e299507ea12931149496c897c30cc24
1851,1851,0x07545d5ab6D8a7A8BD356a723E7722dEA898Daee,hardwired,34984482,35337540,0xdc3dada45fc0bb78538343a5828d58a455d2a42ec029b56d4c70e8ebb04966b1
1853,1853,0xd813771D3938e7acd0175BcF938cd6bb071d72Ff,hardwired,34984482,35337540,0xe1cbb8b4aa8d5dc567141ceb918da8d5a08dce6e649b01530cb529d306213b38
1854,1854,0xd271e9691007D2175CF4926c4bF52c6f8E0B86b6,hardwired,34984482,35337540,0x6caed54d8864c9cf740df6fd6899b28f7b3b595e4e9b9b81e7901817ee7b4cf7
1855,1855,0x6eb312fd9c652bf9D77345941446b177805F03cc,hardwired,34984482,35337540,0xf3a2315592b4a4e819fad261701170e4caec914de476e09762a5d073244b8de2
1856,1856,0xCBA3CDe0dbe164518B45E827004089303948E7CA,hardwired,34984482,35337540,0x0bb984131cf404ec05cb4bd64ce1000d0ffcbf83ae7e27c17b67eb9a1872dab5
1857,1857,0xB89553f3586aD2B70fFb749F9aB908408EA0A998,hardwired,34984482,35337540,0xf961add7c1ad72da21ca1bcf9b42d3a9a1cf6b8839df15cf7289a967818df454
1858,1858,0x968faEeE158B1b382bb1B0518AcD9318Ef82d73b,hardwired,34984482,35337540,0x6a2103798b46988dafee129309c436b8f074257cd216b8ff5e55f8e21ac875ef
1859,1859,0x71F9CCd68bf1f5F9b571f509E0765A04ca4fFad2,hardwired,34984482,35337540,0xe1f321557fba434452395e65961ec97e8b3df679b36070f1b64910abfe6a419e
1860,1860,0xb5F0452bB5358b3e2b73a8518EfED4BF647c8D1E,hardwired,34984482,35337540,0x3e7f58cb50c5f435ca4aba6a5aa9053592b805b27244961094c0dd06f41ba9a9
1861,1861,0x9c3d34751CbDeF9b72530D33Fc40Fc796CFed1b9,hardwired,34984482,35337540,0xa2fa249389bb1e5a8b1c55974a09a1bb939ea1279ffb132cd58e7a40b95e4115
1862,1862,0x968faEeE158B1b382bb1B0518AcD9318Ef82d73b,hardwired,34984482,35337540,0x92ebd80a4b547d8742c81d3f079e34da5f24f48c15494f85fef1dcdc50ca27a5
1865,1865,0xf89C94f43B36719046b55E2AE60BacBfc0dB1C6a,hardwired,34984482,35337540,0x4536f200b80b63fcfe01c357be1eb5c3e3e8ea95d5397d0fd3b2cfd6d6bb7fb4
1870,1870,0xdB0b65fDc39Fc0bC0AEb014CD1fe5e52699f457E,hardwired,34984482,35337540,0x75e86b956046714d52e4d5272ac124969c2eb2ef5628ff046f47791d2d06f47d
1874,1874,0xdB0b65fDc39Fc0bC0AEb014CD1fe5e52699f457E,hardwired,34984482,35337540,0xf087dc80c72235d1602019d148983c9d32d8c7689f9e77c3361ef097e74c2ec6
1877,1877,0x13a78895e2da9f3E373463EAF943a97f4432781A,hardwired,34984482,35337540,0x3b34e44d80ac4702417fbf16440ee7f255dcba84d12ca164125eb8aef7328fd8
1878,1878,0xF3Eec7DB82D12a2B2469534C9323d9558d008B91,hardwired,34984482,35337540,0xe9ba6e9db2cf8e5637608668154a5b1a45d517462f739562b16d070881b3c88f
1882,1882,0x71F9CCd68bf1f5F9b571f509E0765A04ca4fFad2,hardwired,34984482,35337540,0x52ab3f306b97cdf4e8d36adcf4a36c2e489804d978c3f554d9b66e10d9e162b9
1884,1884,0xFF60c38F0343a8b8De07c9770266764c452A368F,hardwired,34984482,35337540,0x9f4772cb47b50fb6fd5c94cf2a9bfdf0afaf72d01b0af038905a08cac0a58fc4
1887,1887,0x6A92B04612F647F048c24951673d45471C7E18c7,hardwired,34984482,35337540,0x85647644e9faaf5f0342b5c6fc6bf7396f306e2fd02d9761b56be27704611942
1889,1889,0x71F9CCd68bf1f5F9b571f509E0765A04ca4fFad2,hardwired,34984482,35337540,0xd231d014c89f18929811704154199d57adc2b1dac6df48bc25f20f7da49929b3
1890,1890,0xaD128B4FD496Ca73eb54B93529A0519C875125cE,hardwired,34984482,35337540,0x1309af070011ec96f46b53785ab1be20df41dd21eee965f22b2c13c5f5f5a114
1895,1895,0x1f00b89f92990B8b3a1708A59e11397Dc5aF0364,hardwired,34984482,35337540,0xa8b62ca99cca4dcda6bcc4707d56f51087eec1c6a9e0a53ad5c0fa730c5d4f55
1896,1896,0x968faEeE158B1b382bb1B0518AcD9318Ef82d73b,hardwired,34984482,35337540,0xb372aeda0b440f8532ce58597118e025c97aa545fb48dd1cf9f9af064e013e72
1897,1897,0x851F6A88F32e5371178f6b94362bedB2b066E89E,hardwired,34984482,35337540,0x7878a6f0ae55c4d53301531306f0b3c19c7a7418ea9ef66d4e2782f7bca97e72
1898,1898,0x07545d5ab6D8a7A8BD356a723E7722dEA898Daee,hardwired,34984482,35337540,0x5a8bde4fe6cff358c2ec6ad2cd04f24d1b781f47174471fec82c873cb353d116
1899,1899,0xF328A0eB0e61393b88F1204c7Fba6AE7C1862829,hardwired,34984482,35337540,0x2bcc18df03057fed19a9feae27065773fdeb636f7f0c7b124ecc20fae9d54572
1900,1900,0x131b857b0B78b3CF8417e7B870291cA39a38A40f,hardwired,34984482,35337540,0x8b1325948bea6663893b814d69e521f3e629369656307a6148f4b36725359410
1902,1902,0xFc9f3d66Cb037037e3247414DcAc338f8993A629,hardwired,34984482,35337540,0x23626a7578015d0b9cb7098a9ce3e6c4c1b6c044a771f043ac285cdd4e3b2728
1903,1903,0x342d854d7Bc8e37431BC3E11F4D82f2B6cA820aA,hardwired,34984482,35337540,0x6edab31675e4574eddc05c1fa8de550b930ba5037ebbdaf85877658a73b3b5cf
1907,1907,0x5320bedC1980f5B56D6bDEa71a450a287493142f,hardwired,34984482,35337540,0x22d380c3ebe5f67015a8fe8aed4e8860910aefdd5b4aefd7ca789fce9c0250e2
1908,1908,0xAfA9a53C81CF0FBD747A5215D3e567dc16AA0B93,hardwired,34984482,35337540,0x2409ae321a057867151901689fe2df78da3bbb177918a3bc683949ef1b409307
1909,1909,0x45dDd8614DdD6471803d9d96c6C1F58bBacC2088,hardwired,34984482,35337540,0x80013227471e6c9345c255d6710cd6698dd8158fae5cf56bbba63f79c83f55dd
1911,1911,0xD4b114C01B438D9Bac74cC005adB8850a9B190DE,hardwired,34984482,35337540,0xe7a51a41d68c545a5f808f2c9522bd5e90fb754d9b36d7041248cae2e06e1a60
1914,1914,0xE595Ed0eee63FE6ceB3e6b6770B9D826223a3737,hardwired,34984482,35337540,0x83a29da3ed6d3a52615aff62979513c66fd08822ef2af0cf24071d66361e4efe
1916,1916,0xd813771D3938e7acd0175BcF938cd6bb071d72Ff,hardwired,34984482,35337540,0xce75a02be39b76dc154a5446d5280639ff6600c983606059a4faaa01fe3bfc02
1919,1919,0x56D9Ec1fb6F00811E75A7D4550e027b0a9999999,hardwired,34984482,35337540,0x8a6961934f62a520ace8a0680cca9354f1c7ddd355b9c58a54441d2b7af61532
1920,1920,0x3802FEEbffA28435A0a24e2a66781a9E699F3651,hardwired,34984482,35337540,0xb6c5b197ed83ddc1a87ccda63c12f15979a79e00a11479bb6437e8d8cb2bec87
1921,1921,0x5722387e2950A8E8B8674D8c5dE18D60Bbb59F63,hardwired,34984482,35337540,0x179c0c75f682d0dfb5c7a9a03a8ba2a33f3f849be276005244bced5476bb53b4
1925,1925,0x1910889Da1a784783cC6be709c3a3427946CAd44,hardwired,34984482,35337540,0x86e455d17a38a71a3fc96c78e02ef9778c6a8f0641ca48bdeda2bba252282883
1926,1926,0x968faEeE158B1b382bb1B0518AcD9318Ef82d73b,hardwired,34984482,35337540,0x7aab366ff887ed57658956bb9c6d03a813c7eb9fd116900d2a28680edb014975
1928,1928,0xEfb19323C9832248Bf08e1080AB15F6a394941Ba,hardwired,34984482,35337540,0xe774977d8d6f78ba959620dd2b5928ee5768b4060de919012670ade0a5616acb
1929,1929,0x968faEeE158B1b382bb1B0518AcD9318Ef82d73b,hardwired,34984482,35337540,0x56871ee69063de45e9ec36da7c986afe550c19e03663c1806f0b4b2ab162b9e6
1933,1933,0xECFA0c9dDff07346dD95da2B8fcaCe2dE7AA7DE3,hardwired,34984482,35337540,0x315ff9a4870a4473d183b6e186eee47d943b7bddda63a4114478a5a68155ade9
1934,1934,0x9ef02557bB81557d5FCE437b4FE59b08C724a5D2,hardwired,34984482,35337540,0xb1cc8ac3d69e388774fae605983eb2f5ce9f3e28cd3fbde2fa667279580cecc3
1935,1935,0x0fB06273b43A96c1286aa2E23FC209fDa089B12A,hardwired,34984482,35337540,0xf7a6bb63602d0a8011822ab3ed1e4f3699b95011443937c56964cc5fa4a525eb
1936,1936,0x968faEeE158B1b382bb1B0518AcD9318Ef82d73b,hardwired,34984482,35337540,0x2fa56b69f7058c0985e2faaf2202509fda67567337fba427aead2106e1369035
1937,1937,0x1910889Da1a784783cC6be709c3a3427946CAd44,hardwired,34984482,35337540,0x991330c7d9fa7f2b1b7f063b1c4af7079f84ca4be9ff381e1af98835b9d3232a
1939,1939,0xb5F0452bB5358b3e2b73a8518EfED4BF647c8D1E,hardwired,34984482,35337540,0x190e70c54732071bc7d2293a9ec67b41624586208836628f22399d4a348915af
1940,1940,0x29909b9c97845D5eb998B4AA41664a46c5dc35C6,hardwired,34984482,35337540,0xe6548bbdc4e0e3f43f2fff61e4c6e2ef22b77089b5fa440d3b84e9bf4401b0be
1947,1947,0x968faEeE158B1b382bb1B0518AcD9318Ef82d73b,hardwired,34984482,35337540,0x4c45c4249e0a15d3603ce5869e450c3a886eceabdb2b30916b0be0daffce4ef4
1948,1948,0x10a508E2b7C10dC4B8105869792C8D18ef9373A9,hardwired,34984482,35337540,0xc2360d7a10a57d9ec08645c62225cdc54e6ca2fadb7cfe3740e3ec19aeffaa91
1951,1951,0xfc7506d541eE119a64f0d75f907D21408b71A562,hardwired,34984482,35337540,0xdc8d8bbd0614b348f697dbd200591a915e59023726e27e4ac1569e88c2ee73b3
1952,1952,0x9ef02557bB81557d5FCE437b4FE59b08C724a5D2,hardwired,34984482,35337540,0x3a2b07a4a2247d3fc0a2c70bdfae4d01e55d9eb4b8838cfbfd8dc6ae2788a430
1953,1953,0x9ef02557bB81557d5FCE437b4FE59b08C724a5D2,hardwired,34984482,35337540,0xb74db7a41f5454b3e77c85f6ba133cd57cd66b71bbabb15d92279c98d557a711
1954,1954,0x7171E64E979265aeD6588577D1c6b60A701d7866,hardwired,34984482,35337540,0xbcf00b79c9a206844a5030d6a06352265844608b25d94f6eb4053b3d8b35d6b6
1955,1955,0xC55f17a3463df7F8104Ef558686Cf89D7dC4b1Aa,hardwired,34984482,35337540,0x4049629b47f2ff99258d0898836e357dae451f9012e33a3aa29c8d72a0fb8562
1956,1956,0x968faEeE158B1b382bb1B0518AcD9318Ef82d73b,hardwired,34984482,35337540,0x4cd22c89db2df8076da9780d4ba48bd3bc73833f7f5a98afa637ea2643093de4
1958,1958,0x99514773a40f64e52ae3014C7836Cf0E703Dd0b1,hardwired,34984482,35337540,0x7845dfb48a922e89b79dc6f76a465f90b0075fd2051c39ef24f73d03a5bb6442
1959,1959,0x03879dA9151Af28D8Aa88a407D29473086b03f35,hardwired,34984482,35337540,0x6490a5e93bca35c29e9482066c0203f1e924d5b907d95679bc86dba823030945
1960,1960,0xd813771D3938e7acd0175BcF938cd6bb071d72Ff,hardwired,34984482,35337540,0x50189766eabaecff46bb91575f222043059bc0b3440e2b1c27d3269418cb2d13
1967,1967,0x0fB06273b43A96c1286aa2E23FC209fDa089B12A,hardwired,34984482,35337540,0x3c60943462515c6a81c503988c69732df8b3f669e20cae5a8cf8742d93ad87fc
1969,1969,0xb5F0452bB5358b3e2b73a8518EfED4BF647c8D1E,hardwired,34984482,35337540,0xdb07bd5dda88ccf57d948dbe03cd9e2e4e153e8c14a5fe8f6275a18348dfc5a6
1971,1971,0x9ef02557bB81557d5FCE437b4FE59b08C724a5D2,hardwired,34984482,35337540,0x0d559ea36b578b1b0860c30e616abef34ca1606dead2503f3276e493a71c8cb4
1972,1972,0xE595Ed0eee63FE6ceB3e6b6770B9D826223a3737,hardwired,34984482,35337540,0xb9a8ef18bc1e494bde44e03edf3c6d27a85edf94428e1e5ac57d8736cf720b4c
1975,1975,0x5320bedC1980f5B56D6bDEa71a450a287493142f,hardwired,34984482,35337540,0x289d8c3038a80fd87fcb9f36245db4e01c511d66fc14d017c4c74d83de32070d
1976,1976,0x8e8f84b84102Dbe31Fd8Fcec07d8eFE8cA66e79d,hardwired,34984482,35337540,0x4e3ccdb8c2ba9d3b9a44b88fb635ed4c88aaf1d6acbbffd9803aca47e2be2ab5
1979,1979,0xE595Ed0eee63FE6ceB3e6b6770B9D826223a3737,hardwired,34984482,35337540,0x57251f81689e2ed7de9eff47b7f2823edbfaf9ad6c2d13ebc5addcc1dc0141ae
1980,1980,0x460c08B6907b9cc229bDE013c38a88314B640192,hardwired,34984482,35337540,0x0adf8c30bf1e8cb0bd5f9e7b1053c76586c0d143452ca868278bbed424abac5f
1984,1984,0x0A33BB5047489ee4fad6604F3fA5FC65E4Df378c,hardwired,34984482,35337540,0x563c379fe58658e96a928113df7214d7b468edcbf576d590b2294b8b7a75a59e
1987,1987,0xeCFD3F182CF7D96d906D120b179BA550cf008bF1,hardwired,34984482,35337540,0xc4b32ec4a073da2a10b8d876533ae5dd84321d7423a1892fe733a803e947c837
1993,1993,0xDb363862E5e73a7ce226730de475C507547cD4c2,hardwired,34984482,35337540,0x535e2e4c72cee62efc83257ad65401343b652f258dffd58fd7f9a7c0b288946e
1996,1996,0x71F9CCd68bf1f5F9b571f509E0765A04ca4fFad2,hardwired,34984482,35337540,0x5f63e22432532aa26e2b82810ced750afe1cfe705f6a1c54a07ee0d4bf02941e
1998,1998,0xdB0b65fDc39Fc0bC0AEb014CD1fe5e52699f457E,hardwired,34984482,35337540,0x56e9d52958046b71bcbde700ce4d13a712b5439e34af276eee291ed9613a2b58
2000,2000,0x10a508E2b7C10dC4B8105869792C8D18ef9373A9,hardwired,34984482,35337540,0xfb331285eaf26e44f4771ea8dd13565736a0f43e720dc9cee014b72f1895818d
2002,2002,0x9ef02557bB81557d5FCE437b4FE59b08C724a5D2,hardwired,34984482,35337540,0x3cdf9451c52f53905e2c01117d397c62cfd2132571c45e75db1bd27d7fefe9cc
2004,2004,0x968faEeE158B1b382bb1B0518AcD9318Ef82d73b,hardwired,34984482,35337540,0x057ed49fdf9fd6d8b3bc6ff0952daa4eb9fa33226ad6919f7bcf3d62faf422e0
2007,2007,0x0fB06273b43A96c1286aa2E23FC209fDa089B12A,hardwired,34984482,35337540,0xadd247f6ea5f8db626bb99defba970195ad921bf4def8ae27b5554d22db48d72
2008,2008,0xBdf6BCfF10Dc7BDbcF1c186523434C65fD41a6bD,hardwired,34984482,35337540,0x198f6810d7c52b5f74df44393132bc39bfe3afbdd56d792c9194781ebda4a787
2009,2009,0x851F6A88F32e5371178f6b94362bedB2b066E89E,hardwired,34984482,35337540,0xf0da4bc862374f7bfa39038ac219453b025795a9b8860d3d60ca73beb47c5dc7
2012,2012,0x9Fc71AdF531476BCf08FcD31e6eFF5F52c2f9Daf,hardwired,34984482,35337540,0x128e71b3e7f5450e8ea4d6275ee274f9a8eaf0aaa824639305d19a61c133b8d2
2013,2013,0x5E2bE68305772A3885Fcc49b1b01dD1b53C6E08E,hardwired,34984482,35337540,0xe84f34314a824af992cd61819567bff84a84539a48184e2de947f740b390dd4a
2014,2014,0x71F9CCd68bf1f5F9b571f509E0765A04ca4fFad2,hardwired,34984482,35337540,0x28b8641e07e79095ecedf09ccb36c2d4ecc788b3600345f06a6989ef4a97c04f
2015,2015,0xaD128B4FD496Ca73eb54B93529A0519C875125cE,hardwired,34984482,35337540,0xc7e093939c6b6c117fc6d161d82b7f31b4735a008b6477475514f60e5dda410f
2024,2024,0x71F9CCd68bf1f5F9b571f509E0765A04ca4fFad2,hardwired,34984482,35337540,0x8b0dc7cc8c14c99cd2f95806c5335584af8ae79c299df57312baacd9f34c616e
2025,2025,0x58D4671fFc99Af071E1a453531124Db837B3CdCf,hardwired,34984482,35337540,0x4b3b3f5d8a60a19b21795b19d78b61a035c31ae1263655c08135c09a937aac50
2026,2026,0x93ddA8BFA0F91AF4e23a5CAD662EBC13649FfF5F,hardwired,34984482,35337540,0x7fd3cf614bff1bbe5a80892810d532cda878e92d2f5aecc93919ac68c19df7b9
2027,2027,0x10a508E2b7C10dC4B8105869792C8D18ef9373A9,hardwired,34984482,35337540,0x9e29b90450433d56a47481a796441041d376fe77b03356616422b151edc56b9f
2028,2028,0xe88871f39C98963Bf4e553765E574D27755A4052,hardwired,34984482,35337540,0xc3fc124e84b817d73e5ee7ec8607616fe7a5ad8defadd760996b14c290a32bac
2030,2030,0xFc9f3d66Cb037037e3247414DcAc338f8993A629,hardwired,34984482,35337540,0xf053f04ff7bc93c5017cd95cfbcf5ceb5e07e80c169049ad62e405639cdad04a
2031,2031,0x9689B11B77D799181612227e474AF7da3F49A3e3,hardwired,34984482,35337540,0x55dd408fa283ff7e0444e359fa68ff452c883b18a9486fd4592e768379d9234c
2032,2032,0xE595Ed0eee63FE6ceB3e6b6770B9D826223a3737,hardwired,34984482,35337540,0x89f6fede68176f58941d622b3ad34eb0b4a71407c023c6271004a1dbe9016c2e
2036,2036,0x851F6A88F32e5371178f6b94362bedB2b066E89E,hardwired,34984482,35337540,0xddc07fc45f0002f23e9b38fe19e75887ef5d0ec043c75dfc1d12c02c88db9021
2043,2043,0x71F9CCd68bf1f5F9b571f509E0765A04ca4fFad2,hardwired,34984482,35337540,0xf308e3214583e2ebaeea2da36c2b63e2b9a3dbb2efb220f039f3039bfe4fbed2
2044,2044,0x9Fc71AdF531476BCf08FcD31e6eFF5F52c2f9Daf,hardwired,34984482,35337540,0xc4338476af422df3dc4238781febf1b24e65177c4a6b71305d89571c0f8339ea
2046,2046,0x31321ec8bb8ecF06Fa79FDB73fc69938A3e4dE31,hardwired,34984482,35337540,0x24b977d151c157ac34de137e71dcb36c48bd18fe06e2ce0d4bf964e8a87cd11e
2047,2047,0x851F6A88F32e5371178f6b94362bedB2b066E89E,hardwired,34984482,35337540,0xdb0c85a39416b1bfd2f91ed4a28261c551715c82723536a41f622218e7a1eb69
2049,2049,0x8A3E6d8E8D08F68D480824646707D463F27655aB,hardwired,34984482,35337540,0x8c7f88b4ec53574eb747f37fe539af14fbc062d5a934b852aceca315bb5a3f57
2050,2050,0x381921Bb1C940eAEcF2bC40a6DAb81f970343299,hardwired,34984482,35337540,0xa4c4322018170824ed0b8c9be83c693c2f4bd0e72284aa7f71d85ed4daf59b29
2051,2051,0x8295935703d543a6dB78b9EEDE2f67F7d43B8622,hardwired,34984482,35337540,0x559231dc7495d7bb886f5c8296cc1546494832ac6455d736c90a67f007178cf8
2055,2055,0x8A494eD488C5BC157E0Fb2983FdFb90E2d63B691,hardwired,34984482,35337540,0x41f4b48c5bb7eb4ad902820c620ba9852a23eb2199001f8059101e34e78a27b1
2056,2056,0xDb363862E5e73a7ce226730de475C507547cD4c2,hardwired,34984482,35337540,0x4ec28f8e018d686a4eaf616e7d95b77e82e70b101667c9f884c24cb22352ce4a
2062,2062,0xb4A22D79110Bd50342DcdC15079f966e883e7f0a,hardwired,34984482,35337540,0xf424c6eceb65290068658a05857d1133ccefc85e144f984ffadba07f50ef363b
2069,2069,0x578a7f0798B8CB0F1ea6609fFc4C0Bf2B9125Fc0,hardwired,34984482,35337540,0x2ce8d77aad19cc9a7798d34356eae7bd3fa66f17cc569d8914289186b5f60f47
2070,2070,0x10a508E2b7C10dC4B8105869792C8D18ef9373A9,hardwired,34984482,35337540,0x234c53116f66bbcf71eb0026c4df102fd6f4c27c4ce5b37d6fc5e1d43cc6bddc
2071,2071,0xAfA9a53C81CF0FBD747A5215D3e567dc16AA0B93,hardwired,34984482,35337540,0xadeea0a18d03e2b635440e2fabd3dedb71f27ab8ae01abaad14e27ddc66b825e
2074,2074,0x90421BD820ef91260B561525c3868ea3CeC67A03,hardwired,34984482,35337540,0x5da08bc547dab39234e8db7ef7959801e268575b433684e73809b768452ff3aa
2075,2075,0x71F9CCd68bf1f5F9b571f509E0765A04ca4fFad2,hardwired,34984482,35337540,0xe972d75bb5d4c55c5c21bbfad1406ee01e8979db7cb244da96d68ae76a4d9924
2076,2076,0x27dA6F24Cd437BC0A00469E19aD8342b7f2e50E3,hardwired,34984482,35337540,0xa7de871b8e3fd34402eceb858c5a24f33d2bd25db83059c4c80439016e236c8a
2080,2080,0x1663c5B7AfCC943c4384dFeF7085F1A2dAa41933,hardwired,34984482,35337540,0x015e97f388808313b56e111451a4315947b7d39ed4ef7456d20bec74062b281f
2086,2086,0x07545d5ab6D8a7A8BD356a723E7722dEA898Daee,hardwired,34984482,35337540,0x5480ceaf0f7e52d678a21ece64eb2e27590b9c744aac2e8e13747d250ba1216f
2088,2088,0xeCEb30eA282cd2Ea3669794d5CB3f79799999999,hardwired,34984482,35337540,0xe2c0e52ddc9727f4c744d714f7c90d3bd5ea24f244d065d4c4b35539de1301ae
2091,2091,0x9ef02557bB81557d5FCE437b4FE59b08C724a5D2,hardwired,34984482,35337540,0x4067a4f2f7a82979683598cb64e7d11941c779d6f83be018212d181829f6d67e
2092,2092,0xAfA9a53C81CF0FBD747A5215D3e567dc16AA0B93,hardwired,34984482,35337540,0xc1881f7236a21f893d1eb6722c577aa56a03958ca7f52a513dd70c5fb9fe2d20
2094,2094,0x71F9CCd68bf1f5F9b571f509E0765A04ca4fFad2,hardwired,34984482,35337540,0x9eb0263d6765bf9c41547e1be109b3d70534c55ad079451fc6acd72f4946754b
2098,2098,0x3FD8cb7e03b5C5A5d5C3a37c704B77014b77670E,hardwired,34984482,35337540,0xb72ede1d4c61775dd22f9455fd94d61208f8efa396f81f6536b3f04f62963340
2102,2102,0x578a7f0798B8CB0F1ea6609fFc4C0Bf2B9125Fc0,hardwired,34984482,35337540,0x35200b311502ed9927970c58d0898be26f98afbbb2ec2d846ef92f634f2afe05
2103,2103,0x968faEeE158B1b382bb1B0518AcD9318Ef82d73b,hardwired,34984482,35337540,0x8fba8c0282cd1b57467074e3003397a3f9e65df7dbe2d4638ec8cce84d834ffb
2104,2104,0x10a508E2b7C10dC4B8105869792C8D18ef9373A9,hardwired,34984482,35337540,0x6d1ca4b3f5376555334fca95f44c9535f6b544524a6a271720a0ab2aa38874ce
2114,2114,0x417798bFeBe4D3bE45AD970da1D8a3789a377D4a,hardwired,34984482,35337540,0x82a8ad8af11be6612a52ccd4b1a17d9e1eacd3640029d68511b90e2d987840c3
2115,2115,0xEfb19323C9832248Bf08e1080AB15F6a394941Ba,hardwired,34984482,35337540,0x10b1d3575f1f5c7afb90dad314fbac0bb2f8d738177cba9619df1d7b7680d745
2119,2119,0x942E7F82956B17C6d735D8404D24AEd30a816160,hardwired,34984482,35337540,0x9217b4e11b2430e8cdc81f409ecf4ca788e26b3ffeba946987dc3f920a9c9a36
2120,2120,0x8e8f84b84102Dbe31Fd8Fcec07d8eFE8cA66e79d,hardwired,34984482,35337540,0x07ca62506cdbd983d357a29d212951661554cf42956878ad21a95762b0b4f1f6
2121,2121,0x968faEeE158B1b382bb1B0518AcD9318Ef82d73b,hardwired,34984482,35337540,0x3e195ff67ef77a2b321fb6461390a01d5d83e70ed373ea22fd6fae4c92a45344
2122,2122,0x626600e9f104eEA6eB45BBD3150AD72F1361a8D7,hardwired,34984482,35337540,0x77b410e019d5b40bcccaa78838dadd0cd9811e96921492ee073562218df87ef9
2124,2124,0xd271e9691007D2175CF4926c4bF52c6f8E0B86b6,hardwired,34984482,35337540,0xcbb1d2b18e2031175ce200b6147f197d0d39646176f751ca7c3a30fa284c1496
2125,2125,0x0D90934796058214969880D861E0973EEbcb62f8,hardwired,34984482,35337540,0x5ecd989539b04417e120977e02b552c80227092fbeab5d727d0f398fddbcf271
2126,2126,0xA4Fd253F9309DEC87393c92A6E305DD2D395A20a,hardwired,34984482,35337540,0x9cff3d70683428e5d49e46ac20d91e466abaeaf103aa9a5011240583fc46e836
2128,2128,0x58b984535e1c42E18Ceb4C320358350269f27D5b,hardwired,34984482,35337540,0x75b82df3b957b72f4a3d9563e0fc6d1d585a1db8ea6a00144d184f9773f4e1bf
2130,2130,0xde79bd3bC8B883bCBC8a76593D6ca82097802f21,hardwired,34984482,35337540,0x4c782e1bd30899bcde2b2045cbf0e6f36fa5307bc7269b601c330b6d97357da3
2137,2137,0x2E09261fa59e15A5317D6ADFaB1138be135fCdaA,hardwired,34984482,35337540,0xb8be1997d995e67f25cb37a6ac404ba038f11e53108e6638e074963c4bb5e6a6
2138,2138,0x71F9CCd68bf1f5F9b571f509E0765A04ca4fFad2,hardwired,34984482,35337540,0xe37e11a930a2facbbea2f7caca0cf9718333e2287e10d5d2a2f039cf0b5b411c
2141,2141,0x1910889Da1a784783cC6be709c3a3427946CAd44,hardwired,34984482,35337540,0x84beae1123ef3dba99856ac5b2d536a095a7060b4620d2696078ed487ec90d46
2143,2143,0xeB88ebD8049f1cD72464cF92Ae4a252dd2136C13,hardwired,34984482,35337540,0x84226112457a67d2e0a666981a4f09e4e29aa844ffc2d800ab3f35ced3ab4a62
2144,2144,0x968faEeE158B1b382bb1B0518AcD9318Ef82d73b,hardwired,34984482,35337540,0x151b7644ec2f1411442d3313372afa7095e5a325c1217d891443a63af7e5514e
2148,2148,0x93ddA8BFA0F91AF4e23a5CAD662EBC13649FfF5F,hardwired,34984482,35337540,0x0d9fa7435d80cdddd05e772f40ab7cde4e6625efea10c957e608768f96c57b4d
2149,2149,0x9689B11B77D799181612227e474AF7da3F49A3e3,hardwired,34984482,35337540,0x48ae827870e08467b4d54bb7f601758d2425e2cdbefc7f9f0ed4dfe93383e5ec
2150,2150,0xcB57332CA46FC333AE8cFF1E8c485aA507C9EEFB,hardwired,34984482,35337540,0x21b4fefb33e1f180e863ce36f13b8ab63fa80f99e759c94ee6429f67e1c63f7a
2155,2155,0xE595Ed0eee63FE6ceB3e6b6770B9D826223a3737,hardwired,34984482,35337540,0x8bfd3814c6d8cb214c4c993ee339fc7296c78d0d91f839003a40187c5234bd43
2156,2156,0x71F9CCd68bf1f5F9b571f509E0765A04ca4fFad2,hardwired,34984482,35337540,0x70c1621f8c22f9fb80c245ce80bf3a63ab9fe9ed9fbfd58646b2db8340d0e06f
2158,2158,0xbdCe0D96f3dcdCe9ff12d6EE9B14189528D61B1A,hardwired,34984482,35337540,0x84c74b322773be9801478b9ac2def1b11ca5af47cfd59a0552f82d5cd5f07788
2160,2160,0xAfA9a53C81CF0FBD747A5215D3e567dc16AA0B93,hardwired,34984482,35337540,0x144d5f7a1414759e2f5c6863964cb8a7ed9f953fab41f0e91deab40ff23f3e4b
2161,2161,0xE595Ed0eee63FE6ceB3e6b6770B9D826223a3737,hardwired,34984482,35337540,0x34c3d2f07766e27aa4dd3fcbe509b91d09491f81971c2da6d326de98f3083b0f
2162,2162,0x9ef02557bB81557d5FCE437b4FE59b08C724a5D2,hardwired,34984482,35337540,0x3288781b991801e2e8880844199d282e4d63f8a95a259935fd8f00d581134939
2164,2164,0x9c3d34751CbDeF9b72530D33Fc40Fc796CFed1b9,hardwired,34984482,35337540,0x249879c12a94646c19a0c49648bfdffb8e590b23da171a7652d4fa9f83a4d638
2165,2165,0xE595Ed0eee63FE6ceB3e6b6770B9D826223a3737,hardwired,34984482,35337540,0xf2f96c3b04e39a54002978e072804300741290bb6c1f365b941459f8341b6085
2167,2167,0xE595Ed0eee63FE6ceB3e6b6770B9D826223a3737,hardwired,34984482,35337540,0x68ac2b4cba8707e9e5be6aa1d165b317cbdcd5ba6f78010f0282ac8b35a04f33
2178,2178,0x851F6A88F32e5371178f6b94362bedB2b066E89E,hardwired,34984482,35337540,0x04f1b5255c856eff6be68ac613025b2e9eb51981f2d513a789b345dbf8935cfb
2181,2181,0x71F9CCd68bf1f5F9b571f509E0765A04ca4fFad2,hardwired,34984482,35337540,0x606b71cb0f87fe5d161b19a6e0a264a6c134eb69d1bf909dd26bfede197fe55c
2183,2183,0x71F9CCd68bf1f5F9b571f509E0765A04ca4fFad2,hardwired,34984482,35337540,0x414df1fbf45fe9f0d0e99cc82f305f8e39813a865ebb51eb92b958e825c109e9
2185,2185,0x968faEeE158B1b382bb1B0518AcD9318Ef82d73b,hardwired,34984482,35337540,0x17760b197f21ff5d61cb3817cb2c9aa38eab1e33f773181abca593e005fcc6af
2192,2192,0xbC5E88747673275d2c7e5DD9c1295a4d728dEde6,hardwired,34984482,35337540,0x2a4c5ebf9edabd9cb0324a171b9a0c0ce622be43d985bf54a103fbb7ce81df0f
2195,2195,0x6981A22A6EfE33E2572Cf98C36cCF9336D657050,hardwired,34984482,35337540,0x3ef0898ceb8e521c1f967858bf52d022af29a606a1e307d2889c2ff3cd49dcc2
2196,2196,0xb5F0452bB5358b3e2b73a8518EfED4BF647c8D1E,hardwired,34984482,35337540,0xc0b16e22c1b83b122eb4e1928023d4ad21695a2b8768bd0dce40cfabb6a38532
2197,2197,0xf4C4a59049C4253860FfE93C088030EE5137f8AE,hardwired,34984482,35337540,0xc46d39924d150ce7007add2a4668fa4d0267ea728faa8dc4abd79429afe07a19
2198,2198,0xB5Cf80451626304Acd382Ab68c2201c8620F45e8,hardwired,34984482,35337540,0xfaf879f2d56438f2cb60dc3dc4c8c0e1c091f2009a9f67251fcc9d47da39465f
2199,2199,0x968faEeE158B1b382bb1B0518AcD9318Ef82d73b,hardwired,34984482,35337540,0x88b855cf34ea8da6502877cb169fd9f7d5d834b4f4b2b2d7329d60cfc80d818d
2204,2204,0xAfA9a53C81CF0FBD747A5215D3e567dc16AA0B93,hardwired,34984482,35337540,0x87cc8ee5743807599119bf0f3602355e03386bb395b12d3f100f6253112c636c
2206,2206,0xFF60c38F0343a8b8De07c9770266764c452A368F,hardwired,34984482,35337540,0x233ab47e3f8f674de12602306a85eb801ad84e1a7ff3d4d945f45faac9db4a41
2211,2211,0x91d810438D259DE8c20298C4662ed2E9fC8d10d4,hardwired,34984482,35337540,0x197c586d83d39133cd4002e9b6872d78574b6329b4b076a9e354983cd60b412e
2212,2212,0xd271e9691007D2175CF4926c4bF52c6f8E0B86b6,hardwired,34984482,35337540,0x6be0bf867f7b7637824f13b34bb860f463803736bb90d6b8ecd1fe3df8a73243
2214,2214,0xDe93A926D8059d9d20a93B709312bF2cd8a7046c,hardwired,34984482,35337540,0xc95bcda26a874c5e29f2dbb1c77bb0ac1b1b49fbfa8fcb855365e836d86362a0
2219,2219,0xd813771D3938e7acd0175BcF938cd6bb071d72Ff,hardwired,34984482,35337540,0x60e8309b3709bfdf78a45a1d97c1a8823556f38dc30ee74be612789c7dc60ca1
2220,2220,0x93ddA8BFA0F91AF4e23a5CAD662EBC13649FfF5F,hardwired,34984482,35337540,0x8f774d40dcee39db3137c93c1cee2ade8fd2bf53b0d20e4b9a070ae1dacde9ff
2221,2221,0x9c3d34751CbDeF9b72530D33Fc40Fc796CFed1b9,hardwired,34984482,35337540,0x2a28622b7689f6ef3e44df70b6ac37cef69c8c198142fa3a618cb1a253ef6372
2223,2223,0x968faEeE158B1b382bb1B0518AcD9318Ef82d73b,hardwired,34984482,35337540,0x43b88b1e10292bcfb9e32511d1d5bfa9e2d387a18ad26f26e21683d3c1f18ebe
2224,2224,0x2fDC93722C9A86fdfb4D945cAF059F39cb9622bE,hardwired,34984482,35337540,0x79b2a5730c41deaa4002aefdb015bdc1904c8abac67e7c8fe5ac648fb1c2d71c
2225,2225,0xd271e9691007D2175CF4926c4bF52c6f8E0B86b6,hardwired,34984482,35337540,0x79523ab06ed221caa2ce92f1510ae61dc745b6ddcc3d5a2f937c6292585bc8a7
2229,2229,0xB92a9F4a71FE2c5baD859e68e4d9c2E1625bB353,hardwired,34984482,35337540,0xf8aa7788c610854027ab05dcde1c242c03bc64d4d3daa3a28dfe2a90be198288
2230,2230,0xd813771D3938e7acd0175BcF938cd6bb071d72Ff,hardwired,34984482,35337540,0x93f89a4cb3250fb3a34836ab04331785ca72254ba622eef3b066e339110263d8
2232,2232,0x5320bedC1980f5B56D6bDEa71a450a287493142f,hardwired,34984482,35337540,0x98feb8008e9bdf3f9fb057f3c8ee88a23f21f886bd752963118bd7eeff82620a
2233,2233,0xBdf6BCfF10Dc7BDbcF1c186523434C65fD41a6bD,hardwired,34984482,35337540,0xb17cd57a052fbed00ed878f9c1e0830462d4769a1d8133af86a5308a71ee48a1
2235,2235,0x968faEeE158B1b382bb1B0518AcD9318Ef82d73b,hardwired,34984482,35337540,0x316637812488b5066c811eb4583e95329c2e0fbbd500ef45426f03f8e5bc773e
2237,2237,0xaD128B4FD496Ca73eb54B93529A0519C875125cE,hardwired,34984482,35337540,0x1305759f0c5cfd4f799e9191d858c38c00e7c99b5a82a90e903335b33f5f5097
2238,2238,0x9863058b0369F03736d5b1E863d4Ee26559a400f,hardwired,34984482,35337540,0x3711c64bb0c107bef506981676c846239f7295284b7b0c5b9e34abda3a3e0fa2
2242,2242,0x387Bd4252f4fdd1919e8234C37203Ce4b2aee1FE,hardwired,34984482,35337540,0x4fbd7888f128c62bfdcd9ef1a9187e32ba02b84e549f62b5edadb736630f6dc8
2245,2245,0x131b857b0B78b3CF8417e7B870291cA39a38A40f,hardwired,34984482,35337540,0x3153fe4c5ed71ac3f39de3293cf6ec1bff066214f3c5191cc954d83b7b4897c9
2246,2246,0x968faEeE158B1b382bb1B0518AcD9318Ef82d73b,hardwired,34984482,35337540,0x5ee744b27bfd153c945c63e3bcbcb76defff707d2d13b5b8e1860095491e9de3
2247,2247,0x0fB06273b43A96c1286aa2E23FC209fDa089B12A,hardwired,34984482,35337540,0xfdf73e715949dd909f1a23c4d77523824b9f935dc54dcac2a9cef3844d6ccf6a
2249,2249,0x14e72E18d2a53902d91D43459831DC7C8A37a6fE,hardwired,34984482,35337540,0x3a14691e46d415fc6ff6bfff8645c18dcd0d3ad62618e74ac527a62869c13f08
2251,2251,0xaD128B4FD496Ca73eb54B93529A0519C875125cE,hardwired,34984482,35337540,0xa5c12674201e28f6abf45bf1532781fb9b1bade05e148932f324f7889333863f
2253,2253,0x29909b9c97845D5eb998B4AA41664a46c5dc35C6,hardwired,34984482,35337540,0x3a67f4d981129083e787cc61dc16b5aa651d5ff01d892ec8744a23e0f8d027f6
2254,2254,0x07545d5ab6D8a7A8BD356a723E7722dEA898Daee,hardwired,34984482,35337540,0x4389f31b87d971fd1bb0455106e8bdd5214674fb7a496d88a4bfe7dd9ec25587
2256,2256,0xDb363862E5e73a7ce226730de475C507547cD4c2,hardwired,34984482,35337540,0x03f6cab9daf35585a1df106d5a305bf40015cf03260d84aa6d3dae446b561696
2257,2257,0x578a7f0798B8CB0F1ea6609fFc4C0Bf2B9125Fc0,hardwired,34984482,35337540,0xa33b2cfa8176cd0b77977f615760abc503df556fe06a581802c81742a4635b17
2258,2258,0x1910889Da1a784783cC6be709c3a3427946CAd44,hardwired,34984482,35337540,0xc654d657993ab8c7cc035444e6b69cb816af309992c39297268804178402078d
2259,2259,0xa8a681110D5dd2D57d186BF23a400Cea6a05558E,hardwired,34984482,35337540,0xf8c4d7dc2a3f0595a91d73367ae2519861c751552f0a8f90a100b6c36d823005
2260,2260,0x93ddA8BFA0F91AF4e23a5CAD662EBC13649FfF5F,hardwired,34984482,35337540,0x018427647021ca9c4600e4488a5ceb1204612fc35d36dfea67cc21332f3e7d6d
2263,2263,0x4aC4a33101aBB2AA21167De2b881429B915818a3,hardwired,34984482,35337540,0x571c21ec0517e7e823e163af79238d08a46110983571f16b5ed3bb6d7a98a993
2267,2267,0x9689B11B77D799181612227e474AF7da3F49A3e3,hardwired,34984482,35337540,0xbc32a8e1e676e97d8ea9574e0daa3aebd94a876d3b449898dc214296db81f1f0
2269,2269,0xc77B5585cA3Cd4bEec6051CcA89921a2f01d9A5c,hardwired,34984482,35337540,0x0331fdd1b2c46d55786f89ff9809d45676d6346aeeb40e6cf8e0272580af2b35
2270,2270,0x71F9CCd68bf1f5F9b571f509E0765A04ca4fFad2,hardwired,34984482,35337540,0xf48de61b2c8720c787266f7e0733cbc191ef8022fb2d9c2de85dfb141a32d694
2273,2273,0x69766b2927B793404811c84721bd0E17b2F7f7e2,hardwired,34984482,35337540,0xa754f1cdfc481e053e601a60433c8045135bda93fe48687beecc15a277c4fc3f
2274,2274,0xE595Ed0eee63FE6ceB3e6b6770B9D826223a3737,hardwired,34984482,35337540,0xa2a7392599d2e1d7118c98e77d7122383138d829acb80fe0188233e4c8a6b6df
2276,2276,0xd813771D3938e7acd0175BcF938cd6bb071d72Ff,hardwired,34984482,35337540,0x27cfafa15b128ee183d078d40c499909fa2d6396587d6155a42e0d5d56a1612d
2277,2277,0xaDdEF58a2fe79E6AEEa53859e38841af9854f36c,hardwired,34984482,35337540,0x4e98394ff18a076a37b6434d6e1c3c20c74be5cb3228f59de48685ce896078ba
2279,2279,0x8A494eD488C5BC157E0Fb2983FdFb90E2d63B691,hardwired,34984482,35337540,0x3e7194e5c31568b3b0aac04329c303ed9a7556c534d9d2e221dafc76fae2ccf8
2281,2281,0x71F9CCd68bf1f5F9b571f509E0765A04ca4fFad2,hardwired,34984482,35337540,0x3785c33a155c09ceddd87b209898fb6be6c8e43aa887e68bc21b67df08c33683
2282,2282,0xE595Ed0eee63FE6ceB3e6b6770B9D826223a3737,hardwired,34984482,35337540,0x695376d3a2d6ce4110943cde80d887d542b2dbf1abfff3548ca976d6a6d06f6b
2289,2289,0xd271e9691007D2175CF4926c4bF52c6f8E0B86b6,hardwired,34984482,35337540,0x7cc5bd2fc06fe56c105f0b2c260839a9adbb120355e6ffb5cac2a90caaf7c6bc
2290,2290,0x8295935703d543a6dB78b9EEDE2f67F7d43B8622,hardwired,34984482,35337540,0xd98be580d6d11376a1b46a4e6dd34fad033eaa64e5e7e66de793af8b191f328e
2293,2293,0xDe93A926D8059d9d20a93B709312bF2cd8a7046c,hardwired,34984482,35337540,0x17e4dae131d955a1741d487ef8d7a7bd6d1d1f6a4c3a1444ff54b676db039bca
2295,2295,0xd813771D3938e7acd0175BcF938cd6bb071d72Ff,hardwired,34984482,35337540,0x87eb9ba632a0042bfd3373e580ab38dd7902418eee7e3a43bd43b530365ebb9e
2297,2297,0xD24425010163f25489100859740B45d26675b979,hardwired,34984482,35337540,0x7fa6545ad43d8fe13ca108564f4c89baa05b399c5aa597fe56039c08cbdf8b70
2298,2298,0x4aC4a33101aBB2AA21167De2b881429B915818a3,hardwired,34984482,35337540,0x9e13ba101c3b1c7be591f5a0c61cd52b5e7d59b1a48acf765229528d52705865
2301,2301,0x90E22C430509705B9678eB1b7457223c4b879a2b,hardwired,34984482,35337540,0x0537198c1cae65bf3f88e28ba81427f7aac0c429237e67344a57f6e74614ac19
2302,2302,0x4aC4a33101aBB2AA21167De2b881429B915818a3,hardwired,34984482,35337540,0xb3a88f3ee8a8cafbfa405922a08d12b37e489c7756ed3c15d85c4256cd4ba19e
2305,2305,0x7171E64E979265aeD6588577D1c6b60A701d7866,hardwired,34984482,35337540,0x349167dbc86d2fa26af8befdfcc7012311a6101837bb797ac48b04c72739fc4f
2306,2306,0x2825CDb4A71AC7942DA889f1ff72d536a8209343,hardwired,34984482,35337540,0x659887d88d7cf28bf2d12413062c5db40d63da95acd10d54f86635f4824261e7
2308,2308,0xFF60c38F0343a8b8De07c9770266764c452A368F,hardwired,34984482,35337540,0xfa147445c949598aae04b262394a1fe5396d23ddee21a2923ed187ff6a1d1185
2311,2311,0x9ef02557bB81557d5FCE437b4FE59b08C724a5D2,hardwired,34984482,35337540,0x0612f0736f4842aceee4a6e096e0fad8910a07fc290daa1da42d1432bd7b5ae3
2313,2313,0xaD128B4FD496Ca73eb54B93529A0519C875125cE,hardwired,34984482,35337540,0x26a87fdc7f11ef9f5fac8f3d019f475f54989bbd52e9e0553cc73b659db2a1d8
2316,2316,0xEfb19323C9832248Bf08e1080AB15F6a394941Ba,hardwired,34984482,35337540,0x4e0fe6a2af4aa93dc151fed1ef81ed8984026d133e1ea59d82577fd39ab119b9
2318,2318,0xaD128B4FD496Ca73eb54B93529A0519C875125cE,hardwired,34984482,35337540,0x2994f7989df8fd6fdb8030f96b7b6ff3117a71ca0e47902f50a1c9b96fc0d117
2321,2321,0xaD128B4FD496Ca73eb54B93529A0519C875125cE,hardwired,34984482,35337540,0x3de48460af909ec008fbbf0359e71804e3108e9e4b4717361dbfd4c33b8233ea
2325,2325,0x968faEeE158B1b382bb1B0518AcD9318Ef82d73b,hardwired,34984482,35337540,0x63b059f33ae2148b84f7f398dafb804085ebd163d02a861856102bfc0e63153a
2326,2326,0x0fB06273b43A96c1286aa2E23FC209fDa089B12A,hardwired,34984482,35337540,0x7b2829d65332647567c0bd8abdb755505f0a5ca8bd671b53f654934e55983658
2328,2328,0x03879dA9151Af28D8Aa88a407D29473086b03f35,hardwired,34984482,35337540,0x788479fea645d43bd85d68bee252490f9000883e1453caa8989eea04eace9192
2331,2331,0x1136A1520d9234CA514Ad7c6a0ab2BB544dd13D3,hardwired,34984482,35337540,0xa984accd67d5c8e62c130a2b670488c6c52ae97a917af4ba9d228f84cec0f1d6
2332,2332,0x8A494eD488C5BC157E0Fb2983FdFb90E2d63B691,hardwired,34984482,35337540,0x411d2d2d4dcfe9b3c13f36d3df4daab5225baa56d2a9f0836172be96c640ed39
2335,2335,0x968faEeE158B1b382bb1B0518AcD9318Ef82d73b,hardwired,34984482,35337540,0x74ab0514165989618ef4181d834f9146d61035623678dd09a20ad762bf0e1be9
2336,2336,0xFc9f3d66Cb037037e3247414DcAc338f8993A629,hardwired,34984482,35337540,0x526e9653b9ff6ee46ff136c6d336af1b19630d79697c724fd1eda17f89e7ed61
2337,2337,0xaD128B4FD496Ca73eb54B93529A0519C875125cE,hardwired,34984482,35337540,0x1b0efb900ba4f641e5f7a1d80eabd3799fc5657a4387ad1a9e752f23f26fc357
2344,2344,0x968faEeE158B1b382bb1B0518AcD9318Ef82d73b,hardwired,34984482,35337540,0xaa0287d0bcfe8f646b8301316699cfbdca910bee7832c08e00721294f4084bcf
2346,2346,0x9Fc71AdF531476BCf08FcD31e6eFF5F52c2f9Daf,hardwired,34984482,35337540,0x58defb64201d4c8f5a1043981737ef74b708ab6e9356c0b395deec2969a38567
2347,2347,0x0D90934796058214969880D861E0973EEbcb62f8,hardwired,34984482,35337540,0xad5928ca961a5371411e370692d2eb435ef7a900926c7ba4f8067b5d12f22bda
2355,2355,0x226c1cf05631AB8eb374acdBeA87b25f159f72bE,hardwired,34984482,35337540,0x20e03e66015743279c142b28dc8d2314150e86e942734122b2d5d2eee29dde56
2360,2360,0x7171E64E979265aeD6588577D1c6b60A701d7866,hardwired,34984482,35337540,0x2bdfd1d63884798fa28ac107a6798fa9b8c435daf8e8a052bcde7c49bd7193f0
2361,2361,0x71F9CCd68bf1f5F9b571f509E0765A04ca4fFad2,hardwired,34984482,35337540,0x381898caf6155c995d36ff90d5a38795e84dd64c68f7750cefeb9adedb285298
2362,2362,0x63dB185dE4f443Bd0A64b9593E4fBF7D0F2Da1e8,hardwired,34984482,35337540,0x1541c53547b63806143d47edda5f51fb1aa5711c2c30363af9a4bf00a92bbc9b
2365,2365,0x37bbFc32408449Ec4251bf3C2fef4F7CD52746ba,hardwired,34984482,35337540,0xfbf42d7641a22ff5734425af25b686cceec553c63828db2e59ef905004429d8f
2366,2366,0x0fB06273b43A96c1286aa2E23FC209fDa089B12A,hardwired,34984482,35337540,0x7fe5fe4a379e9f110ba60d0ecb19c103ab90269e2f32e13e1584d1c77f6154ce
2368,2368,0x10a508E2b7C10dC4B8105869792C8D18ef9373A9,hardwired,34984482,35337540,0xc966aca3e4edc0cdb17f75f18c184cf1ee95c0cadef004c10a0b983af08ad93e
2372,2372,0x71F9CCd68bf1f5F9b571f509E0765A04ca4fFad2,hardwired,34984482,35337540,0x33303ca8f7e88493ff6e977986dadb213d70bef219d53ebd181e5e9bbb8bd80c
2374,2374,0x4aC4a33101aBB2AA21167De2b881429B915818a3,hardwired,34984482,35337540,0x47bf239f9eb130f86fec50799284fb7ab0f100cb6882fece8102a330430fbe34
2376,2376,0xCBA3CDe0dbe164518B45E827004089303948E7CA,hardwired,34984482,35337540,0xcb257535bc5070338c2a838f2eef80d34f2a2d20379c6afee0251a3e37a1d9ec
2379,2379,0x16A2eA30C129CdF5aEc6179b5E689CFf9dF3B9Ed,hardwired,34984482,35337540,0x231dbfbcb4c8bea2ff4d13f5c75cf5ab0992b6a06d326eecc93027c38a586b62
2380,2380,0x93ddA8BFA0F91AF4e23a5CAD662EBC13649FfF5F,hardwired,34984482,35337540,0x93f2d44eae8db752678883a34b7b689f7d374a9d314853b679d8a1b5ec7c270e
2382,2382,0xAd24967346087A643CF1F372788A8DaEB4FBA2A0,hardwired,34984482,35337540,0xd603677930d96940ff57d3fe9ff4adcb2c9628c1fe550d773f85618cda7df395
2384,2384,0x8A3E6d8E8D08F68D480824646707D463F27655aB,hardwired,34984482,35337540,0x62e546006a8b42da25b61a10d355e65aa76389913680a15e8f870eddee63e9da
2387,2387,0x90421BD820ef91260B561525c3868ea3CeC67A03,hardwired,34984482,35337540,0xa889b23141109c287b27da33ba36a745e913e550f32d8d8cf791637755953532
2389,2389,0xDb363862E5e73a7ce226730de475C507547cD4c2,hardwired,34984482,35337540,0x77c64bfa756dbd92a85ae190a6123e68223afa65d20b382ab82d1c93fccd7206
2391,2391,0x93ddA8BFA0F91AF4e23a5CAD662EBC13649FfF5F,hardwired,34984482,35337540,0x448306fc1aae1360625b372b3aa653130adfe619d66acb74f48e684ee6b966c7
2395,2395,0xFc9f3d66Cb037037e3247414DcAc338f8993A629,hardwired,34984482,35337540,0x512937e2b1fcb3b98cd7306fddc4c49292fff2753fb3dae34d8406da835de091
2398,2398,0x1f00b89f92990B8b3a1708A59e11397Dc5aF0364,hardwired,34984482,35337540,0x033a2479cbf1401b1175efe2d0119d20daf7a7dd61c73e1bbec3a472426f5c60
2405,2405,0xdB0b65fDc39Fc0bC0AEb014CD1fe5e52699f457E,hardwired,34984482,35337540,0x0ed9be0b0a09210923bb3a14bdea21ac2d0c7b51a6d55c7bdccd889a5f3d97fa
2406,2406,0xa3B93e8e5758379fE505a043010f2611891742f7,hardwired,34984482,35337540,0x27ddd8345f3b15fb742952a6e9790817adf5dbecb29fb2df05bd28c3d0460d64
2407,2407,0xfcBd556D157B2F0992dFc7F1DaD1AFc192226B70,hardwired,34984482,35337540,0x337b4dc4deb9a728675db78d2db720b256a689d20fbe04da513b931cba6ae0c2
2408,2408,0xA4Fd253F9309DEC87393c92A6E305DD2D395A20a,hardwired,34984482,35337540,0xad638abe1f5590d79c7a28ef8298a9da3a63142c216bd67f62ea518271019b9f
2410,2410,0x6eb312fd9c652bf9D77345941446b177805F03cc,hardwired,34984482,35337540,0x545e4bbb57c8fcf608969268ba92072ed4174b5b4f4c8c516cf2069f20dda5e3
2412,2412,0xBCBE9894e6677667B82c283b454820cC75D337df,hardwired,34984482,35337540,0x738e5f4239c481ce8c586f7a1fe8418ccdde9f38537c900e9dd833abecb7f356
2413,2413,0x0A33BB5047489ee4fad6604F3fA5FC65E4Df378c,hardwired,34984482,35337540,0x59c4fd63ad0106a129fcb97597f23e00385d8aaa0a906f36973c60a36bef17b9
2414,2414,0x71F9CCd68bf1f5F9b571f509E0765A04ca4fFad2,hardwired,34984482,35337540,0x531770b787f9ecb02c1fa05220f29ba729a81a5ff2db4e0f88a5696a636fe520
2416,2416,0x93ddA8BFA0F91AF4e23a5CAD662EBC13649FfF5F,hardwired,34984482,35337540,0x2e324bc6bddf568ef35abd9463fe75b8a04c036abeaa098c24e4ac321f675097
2423,2423,0x5320bedC1980f5B56D6bDEa71a450a287493142f,hardwired,34984482,35337540,0x531ea8f13318c2bbaf2a1f984eae9fb82df0601ac14ff7100b018c35872e12ff
2430,2430,0xaD128B4FD496Ca73eb54B93529A0519C875125cE,hardwired,34984482,35337540,0xd31371d0c80281d6df43089eee9337fbeed3088c11463724992a96c2ea254e88
2432,2432,0xe28601398A5448D1147e6E8b0E0c6d686F0d216D,hardwired,34984482,35337540,0xc2be715741e8f93b144050328cbb98d5ff7db9283f624ed7327ce755b1ba05a8
2435,2435,0x9689B11B77D799181612227e474AF7da3F49A3e3,hardwired,34984482,35337540,0x459fc4db45ecc34cb7bad47afd813053ce54997924571b5a235ad3c573336aaf
2436,2436,0x8A3E6d8E8D08F68D480824646707D463F27655aB,hardwired,34984482,35337540,0xf6591db41f60c107471573489ea57463468e2261c3c93ca8f4dccac34094aa74
2440,2440,0x00cbab9AD333c5e4d912703F4D8348f09759f75e,hardwired,34984482,35337540,0xd30b203dba0e511e8957eea985aa8bd92cb1400d2752c4f9d63341a92d8d3a2d
2441,2441,0xB5Cf80451626304Acd382Ab68c2201c8620F45e8,hardwired,34984482,35337540,0xf71511af0b4e68dd52803158e7361c5dcc0d5e4324906f15a7078fa1cf610a0d
2443,2443,0x7171E64E979265aeD6588577D1c6b60A701d7866,hardwired,34984482,35337540,0x14564d98a73417b11cd4580c6f4af3975dc4450c3fffdf44501e13c73f324c2a
2444,2444,0xF3Eec7DB82D12a2B2469534C9323d9558d008B91,hardwired,34984482,35337540,0xd1e28e0c4178274c306c99f4ecf7a2dc8d98891c185a4ae42ce6120c8ac48798
2445,2445,0x49Af885eD4605d00a41949473Fbe722D909D2bdC,hardwired,34984482,35337540,0xb1a7f8099d0fb46b54104586e3ec31b0a86990534bd92438540a2d068ee286cc
2448,2448,0x0A33BB5047489ee4fad6604F3fA5FC65E4Df378c,hardwired,34984482,35337540,0x2668748a44014f3487075a750d5a076f59a4374d6c802c5a3b174d587c7931b9
2450,2450,0x71F9CCd68bf1f5F9b571f509E0765A04ca4fFad2,hardwired,34984482,35337540,0x60c0fcd8c33153f3876a494b3a7f1a8568942d6527cf5fd6a172b9a5924ecf75
2451,2451,0x2825CDb4A71AC7942DA889f1ff72d536a8209343,hardwired,34984482,35337540,0x1e9c49c047ee04ce6a8c0218287d0cf365433ea7db5c8933121598b72ee6e127
2455,2455,0xaaB14D6d60e6F693f7F885A1E8C1a47F46444235,hardwired,34984482,35337540,0xf61fc7bd619cf823390966268767045f3f70cacdf163f0d02fd6cb7f6632a64b
2456,2456,0xFF60c38F0343a8b8De07c9770266764c452A368F,hardwired,34984482,35337540,0x9044aef4712f4811f6252fdb01d9b43a594c9a7244ed9b93c08e5019b8c60ba4
2457,2457,0x9ef02557bB81557d5FCE437b4FE59b08C724a5D2,hardwired,34984482,35337540,0xfdcc9a61c7bc5e5ae0dd2b88a6e3e64f97550d6234c2f9643c4f53359ea5d7fc
2458,2458,0x13a78895e2da9f3E373463EAF943a97f4432781A,hardwired,34984482,35337540,0x6db773be4f1c07717ca98aa899178c9536dad9b803c18561f3c0836bf9f52f4f
2461,2461,0xB563318267d7389D01ffeDb357c8c31c88a45150,hardwired,34984482,35337540,0x357e9e50967f26b440ea1cd1863c9c81080c4e2950c28cbec4a8c69f65434da2
2464,2464,0x5A17fB43794212F5Fac2298747c8757b8Dd94A17,hardwired,34984482,35337540,0x15ecc882ba1490e40fea1f2c527729a1a293f45f172934d1b0a7a1cf3fc1efbe
2465,2465,0xFc9f3d66Cb037037e3247414DcAc338f8993A629,hardwired,34984482,35337540,0x53762eec83f106a85ee7c592a2d3c40a3c5e384fbf7b4152e6e0345587d3c7d6
2472,2472,0x71F9CCd68bf1f5F9b571f509E0765A04ca4fFad2,hardwired,34984482,35337540,0x4ebc1fe8eadbac839aab9c0a09edd924009d373af6061c1a791ab37747740819
2473,2473,0x29909b9c97845D5eb998B4AA41664a46c5dc35C6,hardwired,34984482,35337540,0xb09d3d1a2501fa3c50cd6effbcf832ea107efe72da07c72b8054add0b72d486c
2474,2474,0xd813771D3938e7acd0175BcF938cd6bb071d72Ff,hardwired,34984482,35337540,0x6aeae50d32f495c877ca11c3703a5848f788f9752bcab8d0a0f72f0b49c246ef
2476,2476,0x00cbab9AD333c5e4d912703F4D8348f09759f75e,hardwired,34984482,35337540,0x144d740eb148ad6041a99cb90a88fabbf906ead487bd1c239be4944c7084b37d
2477,2477,0x99999999995d964fF2b47B0f3A0675370905131E,hardwired,34984482,35337540,0xab6920829cc6936647d5c80c0efef2c91d7c71c836c29428b22bbe9a36d1bfcc
2478,2478,0xF3Eec7DB82D12a2B2469534C9323d9558d008B91,hardwired,34984482,35337540,0x24bedcec8fc52a49afb7d4a75d5c533c6a6e1f8a74173139320ab9e0233ee305
2479,2479,0x0fB06273b43A96c1286aa2E23FC209fDa089B12A,hardwired,34984482,35337540,0x522980f6e97d7aae869547fe1da7adf579c23ab0d982a313893cf9854659b8ca
2480,2480,0xf9193ec28E3BCA91F66265e269c2913625293c9D,hardwired,34984482,35337540,0x328ecfea621749c6f42d7b11c5adc7d5088a837a183defd141a0fdae694c0a91
2484,2484,0xDb363862E5e73a7ce226730de475C507547cD4c2,hardwired,34984482,35337540,0x6af3945d5048f923152c81b3d4861a1e4b7595a58db557ec77ffb781a2243bdc
2486,2486,0x1910889Da1a784783cC6be709c3a3427946CAd44,hardwired,34984482,35337540,0x17f6b461b7f085d15094c60c3703d07a095864bf673f056f83c471fc2abbd17c
2488,2488,0x71F9CCd68bf1f5F9b571f509E0765A04ca4fFad2,hardwired,34984482,35337540,0x343b517a6aff124490d54614bb5e17524a30d69f075e8414f9d48b29d09020e6
2491,2491,0xFF60c38F0343a8b8De07c9770266764c452A368F,hardwired,34984482,35337540,0x9742e1d6af2062a9366d5ccf1f758762ebde37928f0335c11660ea856e2d1fe4
2495,2495,0xFC3bf72e5353CA8C419DFF08db344F92C232D437,hardwired,34984482,35337540,0xe0a5ae99909edf27a5129e7b84ad95eca34dbba1d0448af8607572056341f6b6
2496,2496,0x63C8e1155E2BE1e10041Ff56625805abCf1fBf9B,hardwired,34984482,35337540,0x40b605e5bfa0b22559912d9ed4d4eb39760f9ab4be2fa17bc49769f425c8e2a1
2497,2497,0x9ef02557bB81557d5FCE437b4FE59b08C724a5D2,hardwired,34984482,35337540,0x9c984cb4e92cc95042d7d5810d3e39d840f3bd5db813d5b04af1cbff56fe663f
2498,2498,0xFBD3c3aA054d241fc30732582d4F8519391804ba,hardwired,34984482,35337540,0x72d31d8f21a495a8c6f1ef520d32d30c35f37360579c77cbcc9439e64b1143de
2500,2500,0xA8E357531AFF7819a78829604D7aA09F82E10E24,hardwired,34984482,35337540,0x9712093a19b4da45f1f1e95577d4818eb86d7d1b0f6411a8661d8678f8108368
2501,2501,0x71F9CCd68bf1f5F9b571f509E0765A04ca4fFad2,hardwired,34984482,35337540,0xc3e530851ddbec1074b542d559e4194bc840e9d4bf9e9747f92519fd4051f997
2504,2504,0xa64c6369C0d4c61AeeE1f8997bCfB4022F2C614b,hardwired,34984482,35337540,0x999ead8796ceeaa65854ff578eb098ee3b0ce57c99a3017162884a18cd4743f7
2505,2505,0xe030E569e0323a139df76a42Da028b475ef08096,hardwired,34984482,35337540,0x681a85902f52027f294bebd02bfe6c46d5e2476acbf8448ab1aa8f2838723bb1
2507,2507,0x968faEeE158B1b382bb1B0518AcD9318Ef82d73b,hardwired,34984482,35337540,0x468b26a31954fe8e28c5c6a352f46eaa5a3f85732152589128af2c63d819ec7e
2510,2510,0x16A2eA30C129CdF5aEc6179b5E689CFf9dF3B9Ed,hardwired,34984482,35337540,0x8d18fb08a45c32eff250f23d2ac7cf34e0b8a821ab3bf2301d4594e1caac00c5
2513,2513,0x63dB185dE4f443Bd0A64b9593E4fBF7D0F2Da1e8,hardwired,34984482,35337540,0x95b0e4aa979a171704eceed8b8a17932dfa608af297f41190a54b66d90ede2a5
2516,2516,0x58D4671fFc99Af071E1a453531124Db837B3CdCf,hardwired,34984482,35337540,0x9b5660e3c2d10fd3880084a330874d2d0cf8bde545a05e37f6a5bb6ac2f9c834
2517,2517,0x6fA01D057A5316dF6903dD6497Ae734CFdAA4653,hardwired,34984482,35337540,0x09434b8e01585021f40521be586556a16a8318410ae486b70cd9e118e804196a
2523,2523,0x71F9CCd68bf1f5F9b571f509E0765A04ca4fFad2,hardwired,34984482,35337540,0xd4311530bcf3c29ee9fdc0cede7b5abaa13d8aeaec943f4ad7fcf697e9b0d6e1
2529,2529,0x9ef02557bB81557d5FCE437b4FE59b08C724a5D2,hardwired,34984482,35337540,0xfff54aad13375a9649e71f941d542bc86445ac1b95a3dcfc66f6d09452b980ce
2535,2535,0xE595Ed0eee63FE6ceB3e6b6770B9D826223a3737,hardwired,34984482,35337540,0x8dd63ba0341d2a62c16132dc79b447e92f867ab8530b6caf8073d45155cbdfe1
2537,2537,0xd271e9691007D2175CF4926c4bF52c6f8E0B86b6,hardwired,34984482,35337540,0x4e1f063241bb3a3cd0d2519e06c0f19d84b2117ba1785232693094b5a925c04d
2539,2539,0x0fB06273b43A96c1286aa2E23FC209fDa089B12A,hardwired,34984482,35337540,0x9b865f399d3e6e48d98e2a53ebe16a65b9ef84b013006a3ec487ff42f36547a9
2544,2544,0xdF651625A9C9FD3c5D8145737e1039D2A262C23e,hardwired,34984482,35337540,0x64a00efa2f6e2aa09d5b9623cc7332437dfee953b1c2f56b7c4a65fe90464134
2547,2547,0x5320bedC1980f5B56D6bDEa71a450a287493142f,hardwired,34984482,35337540,0x524eaaab608bfd0db7b656879ef31c2b231f00e8a915aff388ca4c42d464bb53
2548,2548,0x56b03a53ac7F23E72Ce0a376a31440a2455D37D5,hardwired,34984482,35337540,0xb169ac0cf5578790ff3aeb69d71d1a5db05ae8109d7ae104ffac938682843ed2
2549,2549,0x8A3E6d8E8D08F68D480824646707D463F27655aB,hardwired,34984482,35337540,0x8b6da8895b011cf662f181f1fee424f8d029f9c81efb4afb5e4f88549fd8fc0e
2554,2554,0x90421BD820ef91260B561525c3868ea3CeC67A03,hardwired,34984482,35337540,0x8a99cd822073fdc53928bfc116d633c66bcab38b764dd138952db0dc9268429e
2557,2557,0xDb363862E5e73a7ce226730de475C507547cD4c2,hardwired,34984482,35337540,0x014f29a079c1c3fa3ef187f3f9a5b394fd7c75fab010abbf77e45b2b4fa4a7bd
2558,2558,0xDb363862E5e73a7ce226730de475C507547cD4c2,hardwired,34984482,35337540,0xc3f9b5c2be5b2e5665eb08dc76fd213fff5d351650ffb163edc97a139b58bc1f
2559,2559,0x74e056C46dF26FBB47965E462194848fD302964a,hardwired,34984482,35337540,0x3e7a9a6e1b0f219dedf97c1437fb7cae02338fa0fd0033897d4979a0ce0f6173
2560,2560,0xaD128B4FD496Ca73eb54B93529A0519C875125cE,hardwired,34984482,35337540,0x7d95f859df1596fd3061955c851d3ff888c0c8465a59d6b6056b86e10595df9e
2561,2561,0xd813771D3938e7acd0175BcF938cd6bb071d72Ff,hardwired,34984482,35337540,0x07b23b66468d8a1f578b1d2b0b8fbdb9ff36396d585fda574cb4ac153e686e1a
2563,2563,0x984Eb408535b2289feDDB8Ba462E91c989f16e05,hardwired,34984482,35337540,0x7c4eb52c1f25ae4e9392f2d77ad62add3b17635cc29ec72d89c0ede24d5bb4bf
2564,2564,0x9ef02557bB81557d5FCE437b4FE59b08C724a5D2,hardwired,34984482,35337540,0xd608c8330ad1cf6743e5592843220c6d99ea97ba692a076f33cc5ac333416afa
2565,2565,0xEeAec2b48DD972067e3130EC1c2E4769BC6788f3,hardwired,34984482,35337540,0xe869ddd39b5ac4ad2859ab2b17b870cce3adbfbae68392cb543fab18fc2797c1
2569,2569,0xD4b114C01B438D9Bac74cC005adB8850a9B190DE,hardwired,34984482,35337540,0xb46baf0af653493d6c92e556e7d809d88803af7c6098d7a00e878fe38349736c
2572,2572,0x0A33BB5047489ee4fad6604F3fA5FC65E4Df378c,hardwired,34984482,35337540,0x72b17669b567331e7b861acd1f63da7ae3b83410f106c61186eef81342293488
2573,2573,0xdB0b65fDc39Fc0bC0AEb014CD1fe5e52699f457E,hardwired,34984482,35337540,0x6d6e0234eb169648db0e7951c4b76ddd6ab769d874f5cff2a24b490762f3e58a
2574,2574,0x3875Cb7c71D18Cf43693446b33723aFDe80c06BD,hardwired,34984482,35337540,0x961d7ba4e993a239705d7a6c3b36239c1d2590d8472607304581e67b9a63ec13
2578,2578,0xd813771D3938e7acd0175BcF938cd6bb071d72Ff,hardwired,34984482,35337540,0xda746da5d4a168fce6271972f102f6be2777a1992a0253e72fe48c0662aa2f9f
2581,2581,0xe28601398A5448D1147e6E8b0E0c6d686F0d216D,hardwired,34984482,35337540,0x102cafeb96fafa094fa00123becc8244b192fd3b7425ad8c8e07a65fb9cf3b21
2588,2588,0x58D4671fFc99Af071E1a453531124Db837B3CdCf,hardwired,34984482,35337540,0xbfe1ebeeda3a86d444ae439281062ac773d56236891a595ca12d5b26848948cf
2594,2594,0x71F9CCd68bf1f5F9b571f509E0765A04ca4fFad2,hardwired,34984482,35337540,0x7f3553d5d63c1bf9b69494f3c08339e7bb3f30dfc8df9dc28a5fe1a00516c63e
2597,2597,0x9ef02557bB81557d5FCE437b4FE59b08C724a5D2,hardwired,34984482,35337540,0x4bec4eda61501c8b4b4052fa39d4e3b843de7f5f31a414cc2720520960c71063
2599,2599,0x16A2eA30C129CdF5aEc6179b5E689CFf9dF3B9Ed,hardwired,34984482,35337540,0x21932bc923d4187b25ea9f640d2d5420bcc41fca36cef6129f39b9bc986082b1
2601,2601,0xaD128B4FD496Ca73eb54B93529A0519C875125cE,hardwired,34984482,35337540,0xb46520f28e705c8fe5cee76f09684d44a43b8ed768dd46a10aadd45bee091c5b
2602,2602,0x968faEeE158B1b382bb1B0518AcD9318Ef82d73b,hardwired,34984482,35337540,0x1f2ef6b37b71e2ead6a27c8bda591cc2d15237b1e43b4006731fe180f2c26bc4
2603,2603,0xb5F0452bB5358b3e2b73a8518EfED4BF647c8D1E,hardwired,34984482,35337540,0x1a72bbd2f04bfcb6358450ee4a5a9dbbd773543f237bd281b1f941eb4ce105c7
2605,2605,0x516aC603F68B405a4e382F08Bd5646bB07a29db3,hardwired,34984482,35337540,0xf67bd8982f2bd5b86e42265f5981c4e489ebe86aecd4880fa604b8e3ea3fd9f5
2607,2607,0x9ef02557bB81557d5FCE437b4FE59b08C724a5D2,hardwired,34984482,35337540,0x9c519747294a6ea55ebd6350fa39cb552107ad7ed28bcf4b736a2d510019d8e7
2608,2608,0xeCEb30eA282cd2Ea3669794d5CB3f79799999999,hardwired,34984482,35337540,0xdc03b6065330999ae0b55b7c58b16d966411ae725169041eafb8175842aa9904
2616,2616,0x93ddA8BFA0F91AF4e23a5CAD662EBC13649FfF5F,hardwired,34984482,35337540,0x52ee11b6cfb36603678bbe9ac41cc49df6fbd6959fb8b22e4fd260467f54e6f1
2618,2618,0x169E893f920865b73aebE6B1335251Fa72E8eF24,hardwired,34984482,35337540,0xa076463b8945d739ea1cc7d025dc802c7590067256d425a24bb6234cde784348
2619,2619,0x37bbFc32408449Ec4251bf3C2fef4F7CD52746ba,hardwired,34984482,35337540,0xa7fa58f724d8543bc1eacf6da6b21471b744cffecf671a9c11b4d63d7d772ff2
2620,2620,0x6eb312fd9c652bf9D77345941446b177805F03cc,hardwired,34984482,35337540,0xa389adb453ce867fa8c01a2ad6109419fc37d8bb467ed5ff3122e393c0099691
2621,2621,0x07545d5ab6D8a7A8BD356a723E7722dEA898Daee,hardwired,34984482,35337540,0x352f8f376b7fbe2acc04b8866d395119196e326feb9e33515da1a88a6c80e5fb
2623,2623,0x5320bedC1980f5B56D6bDEa71a450a287493142f,hardwired,34984482,35337540,0x2f3eee885760e5e3250869a1a2f024bb98f21fafab2819ed344c81dee8018e23
2624,2624,0xb5F0452bB5358b3e2b73a8518EfED4BF647c8D1E,hardwired,34984482,35337540,0xfc49b5cba90319bd9b383b8aab92a83b2ab5721597a12963ffc0c18fb40096a9
2625,2625,0x18342C47E3Fc11aCeba1274EB04241f893F3989d,hardwired,34984482,35337540,0xa017eb94a07c295743296f4d9f2aefa8f8454d6ddec794784845f7665d0b107e
2626,2626,0x968faEeE158B1b382bb1B0518AcD9318Ef82d73b,hardwired,34984482,35337540,0x4cc8d46d611b602926145dfd681ef95c571158b93c89a630d82b8748a23883f2
2630,2630,0xe28601398A5448D1147e6E8b0E0c6d686F0d216D,hardwired,34984482,35337540,0x7eebb1e73498bbdf62884dbfe1c56237f42792eed5cbfb3c80b372afa35e95ae
2637,2637,0xAfA9a53C81CF0FBD747A5215D3e567dc16AA0B93,hardwired,34984482,35337540,0xb6dfddc57ccbd3773f301ef11987869798ff76a0a60ae02b67e3e395d91a23fd
2638,2638,0x968faEeE158B1b382bb1B0518AcD9318Ef82d73b,hardwired,34984482,35337540,0xfe4b09438aeadcc8b150d2561b7303c05c02d8a086e05ac44cb798f2376a9cbc
2640,2640,0x6203661dB6cfe6640D4D65D5365E98Fe89B86077,hardwired,34984482,35337540,0x68ecc1c2063dd739127fe0dff2224a48e1af4f0e7ee972b55a6e95457e0b2882
2641,2641,0x71F9CCd68bf1f5F9b571f509E0765A04ca4fFad2,hardwired,34984482,35337540,0xd08361f9354b7a39e7f32d4d344656205d5a29b99866dba3617d224b244abe97
2643,2643,0xd813771D3938e7acd0175BcF938cd6bb071d72Ff,hardwired,34984482,35337540,0x7a847b0b0ee675345d710b2ad181c0790a0dc47b7c82da5529c8dc3496c03afe
2645,2645,0x968faEeE158B1b382bb1B0518AcD9318Ef82d73b,hardwired,34984482,35337540,0xd9e6457cdbd05170a41ef04a4d9421ba21b958d565e3fde8016fd150b5fed1c4
2646,2646,0x942E7F82956B17C6d735D8404D24AEd30a816160,hardwired,34984482,35337540,0x2ffe105a50966d0484f70aceec8a0c45bedc1ecc5abad5f561073a84327b008f
2648,2648,0x1910889Da1a784783cC6be709c3a3427946CAd44,hardwired,34984482,35337540,0xdfe0e913ebb62c3976766d70d92257e102b458840067a4b00b153106e80aed19
2650,2650,0x2329665C902edB0337194e5d8776443d2e3eb14E,hardwired,34984482,35337540,0x7edac01d2bc6d1abb89a5111b34de14bbe556955ee42cac6d002054eba490563
2652,2652,0x999dd3Bdb875CFa5b0817C2eCC2c0B8379999999,hardwired,34984482,35337540,0xeaf68815cb6ae2657cac4521c5b24ec58681fd092af1b6da2dfdcfe1ae045891
2670,2670,0x03FDef14113fFCe886A4B61FA08A0C747E87aA96,hardwired,34984482,35337540,0xa9d87172b0e3b5152a804429c78cb65200c4d0de3feb4d79f31f2af7bab5c521
2673,2673,0x968faEeE158B1b382bb1B0518AcD9318Ef82d73b,hardwired,34984482,35337540,0x4ad6b333f4fd8d9bba084b6e3afe12694d4123ad0f66cd56f895cc3b06f35fc2
2674,2674,0x6eb312fd9c652bf9D77345941446b177805F03cc,hardwired,34984482,35337540,0x6fd43edd35bcb8913918f128248ad4a45dd9821e2c3127781a5e64b63bc99638
2676,2676,0xFc9f3d66Cb037037e3247414DcAc338f8993A629,hardwired,34984482,35337540,0x42bdc832d075436123902253306db8e77a5f833951c4da3c95f0f0395c6e78eb
2679,2679,0x93ddA8BFA0F91AF4e23a5CAD662EBC13649FfF5F,hardwired,34984482,35337540,0xcedcd61bb1b8a5e13ee9b4c6fd108f1cd756b1a6164e69a605aab638727df149
2685,2685,0xd271e9691007D2175CF4926c4bF52c6f8E0B86b6,hardwired,34984482,35337540,0x994262d34f4187ac014741a2a91d54a4d92edc38622ae5d6d0a9538a99bf930d
2689,2689,0x968faEeE158B1b382bb1B0518AcD9318Ef82d73b,hardwired,34984482,35337540,0x7b9677f47d9d1389be36565e2ba9e3586b610688693cfd40e90b58fbd63c2bbc
2693,2693,0x5320bedC1980f5B56D6bDEa71a450a287493142f,hardwired,34984482,35337540,0xe51c3f29452fa2dbb411665c26a806d52fd3cea8784929aedc309f1fa3291f5a
2695,2695,0xd813771D3938e7acd0175BcF938cd6bb071d72Ff,hardwired,34984482,35337540,0x40d1431b1b8d5ee7be51ff82c28ddd782378eb3f4f5fb8e541c52f99f73b7cbd
2699,2699,0xcEB780385e065697669E33a07266303598D085fB,hardwired,34984482,35337540,0x993af09e80368b996cc96225e8ca6b1633d99fba40e5609dadac2cd8fc32a997
2705,2705,0x71F9CCd68bf1f5F9b571f509E0765A04ca4fFad2,hardwired,34984482,35337540,0x7938fbbead98d0b0b5e2ab21650dfc7870fa5318056413719697040839491c31
2706,2706,0x10a508E2b7C10dC4B8105869792C8D18ef9373A9,hardwired,34984482,35337540,0x6c313a8682b1046d9dc6a0773932370d271486fc4da4150c0c3e5e7f6bd45487
2711,2711,0x71F9CCd68bf1f5F9b571f509E0765A04ca4fFad2,hardwired,34984482,35337540,0xafba7366ec2dc6f1a7350b0dae5d616c8cd9485e93f0b10035c44f4b432e11b2
2712,2712,0x1910889Da1a784783cC6be709c3a3427946CAd44,hardwired,34984482,35337540,0x83feefc3a0abb0f8b29809a21a7796bb40a111f330d031f1fe110bf0d4a1b0d3
2714,2714,0xaD128B4FD496Ca73eb54B93529A0519C875125cE,hardwired,34984482,35337540,0x6022bc790b7cdcfa21f0c1aa2dc50e45eb0e1246a1f5446161f6e73e3d35c044
2715,2715,0xEfb19323C9832248Bf08e1080AB15F6a394941Ba,hardwired,34984482,35337540,0xad56537fc875683aa4ec0ed30aadef4394c5f82a1941c53e56c5e7e7447687fe
2720,2720,0x9Fc71AdF531476BCf08FcD31e6eFF5F52c2f9Daf,hardwired,34984482,35337540,0x86d7b837dece59d1140b23bd1487e2b80abf112bbb35f98ac9be498f4829287b
2721,2721,0xD4b114C01B438D9Bac74cC005adB8850a9B190DE,hardwired,34984482,35337540,0xd5591e33010615e889474f0097a1d38dbd056d4f32c69103aa32bb4e79cefc43
2722,2722,0x6eb312fd9c652bf9D77345941446b177805F03cc,hardwired,34984482,35337540,0xdee93bdf0b0e0a7395d6b6832d0ed426b47072162b7af84ceaefec99267d26d2
2723,2723,0xc77B5585cA3Cd4bEec6051CcA89921a2f01d9A5c,hardwired,34984482,35337540,0xb7f1a2ed5a9691345fe7d2b85070c83c62db0ecc339200972d1a89a07001a6d7
2726,2726,0xaD128B4FD496Ca73eb54B93529A0519C875125cE,hardwired,34984482,35337540,0xd82b7b0f83df95c15fbbc773e9a4c713b45e0ecc997081a2df7b7915c5a4382a
2727,2727,0x71F9CCd68bf1f5F9b571f509E0765A04ca4fFad2,hardwired,34984482,35337540,0xc8c60f8a1d0508d7fab4d928dad947ce267b1f6b421341be7e34d6c95ed0a4f3
2728,2728,0x6A92B04612F647F048c24951673d45471C7E18c7,hardwired,34984482,35337540,0x9d984ba347d75347ae41fea9addbd7c7e64a17d2fb7c9711b3f5ce3f898bba1d
2731,2731,0xaD128B4FD496Ca73eb54B93529A0519C875125cE,hardwired,34984482,35337540,0x55c33d839214410cd44aa7d72f67fd4f1f87e32c4752077f8057c1654ae6dd4c
2732,2732,0xf4C4a59049C4253860FfE93C088030EE5137f8AE,hardwired,34984482,35337540,0x638923374f8855b3b8c22f6d277c3a722153ce66e0d18f8683e3c046228392e6
2733,2733,0x1910889Da1a784783cC6be709c3a3427946CAd44,hardwired,34984482,35337540,0x88371548c76569b92ce7023924908d005fad6b353cb96488bbc6b5f53ec699ff
2734,2734,0x1910889Da1a784783cC6be709c3a3427946CAd44,hardwired,34984482,35337540,0xdf5c503c55a0d4fb13eb0126f386f03b8a1d7952f9578f630ca32586b163d385
2736,2736,0x968faEeE158B1b382bb1B0518AcD9318Ef82d73b,hardwired,34984482,35337540,0xfbc00b6f24cbc3874a3c27a3fd30f8bb064c0c70223a7aae953a88e16c07f218
2737,2737,0x968faEeE158B1b382bb1B0518AcD9318Ef82d73b,hardwired,34984482,35337540,0x4369db5ef2bba02a6eef291c8fb404390e2f13e9411e44dcb8eb03d5d0d04802
2739,2739,0x16A2eA30C129CdF5aEc6179b5E689CFf9dF3B9Ed,hardwired,34984482,35337540,0xb270cefe696345ba80ab171b9e6e6883ec698d2b9dac8062d9917c63043deb8e
2740,2740,0x71F9CCd68bf1f5F9b571f509E0765A04ca4fFad2,hardwired,34984482,35337540,0x092354585df8602df35d67c6d6a4ad49d5fac4dd143497d5d41293e8ccb8885b
2741,2741,0x71F9CCd68bf1f5F9b571f509E0765A04ca4fFad2,hardwired,34984482,35337540,0x81bc200da1083502792c810d95f1bd2cbe827e285376bfaa006fb7dfef9e2921
2745,2745,0x76303a76B6344d635903438B3b4E7affB6E021f5,hardwired,34984482,35337540,0xe1b28616cb44a1b305d62a0f011f00df1bc97ee2032f9170c9c515ac07d072e4
2748,2748,0x561A7818742874bd14f05B3f999BaB1FeAf4c84a,hardwired,34984482,35337540,0xe3612bbfa47624c1178e3ebcb42a42cc7e4feb8e456e05e15dbcf0941c4b917b
2749,2749,0x6eb312fd9c652bf9D77345941446b177805F03cc,hardwired,34984482,35337540,0xa0867abb09a363d931c85381fdfc922aaa29f68e6d333c42a5b0322cc635ae72
2750,2750,0x07545d5ab6D8a7A8BD356a723E7722dEA898Daee,hardwired,34984482,35337540,0x180f1a764b1c871445a59950009e4cdcdcf2ceecac506cefbee5f3a5273a118e
2755,2755,0xd271e9691007D2175CF4926c4bF52c6f8E0B86b6,hardwired,34984482,35337540,0x2db01bb4aed70e6e53c823c69a341c1e7d835c418f5d428ee0f93b3a68cf4232
2757,2757,0x626600e9f104eEA6eB45BBD3150AD72F1361a8D7,hardwired,34984482,35337540,0x4c8b75953da32166165ad717f86e8fff253cda970bf011a749fd3c64f2a915dc
2759,2759,0x9Fc71AdF531476BCf08FcD31e6eFF5F52c2f9Daf,hardwired,34984482,35337540,0x8d27674f56b3c68a90c04c7bd813cf19a6385ec86f22fee7c60f182daed4cc08
2760,2760,0x9ef02557bB81557d5FCE437b4FE59b08C724a5D2,hardwired,34984482,35337540,0x4ac134004db923293697100c6a637c9be8075286b8ac950605ea54ce1bead5e6
2761,2761,0x968faEeE158B1b382bb1B0518AcD9318Ef82d73b,hardwired,34984482,35337540,0xa4ca15184971cf67d0a7671138e97a261c47b1a2c6b2b2984763290e171eb8fd
2762,2762,0xbdCe0D96f3dcdCe9ff12d6EE9B14189528D61B1A,hardwired,34984482,35337540,0x905e6d3bc72fb2cfed0cc2c35d3b291ede315089c0ef87400e3b9ef8db7cd2a9
2766,2766,0x0fB06273b43A96c1286aa2E23FC209fDa089B12A,hardwired,34984482,35337540,0x7adef9cfa699338c17b1f7c9bc8383d75c3e746c5f866dfdaf43ac7d3663821d
2768,2768,0x9ef02557bB81557d5FCE437b4FE59b08C724a5D2,hardwired,34984482,35337540,0x6daefff30fb9ea07a8c3a0c42c02a4bc1bd0f445dd30e874cd3d5b87dd0ce9d9
2769,2769,0x16A2eA30C129CdF5aEc6179b5E689CFf9dF3B9Ed,hardwired,34984482,35337540,0x5b76644524389d145075228abaeecc911c5049fc5a337ece681e797f26c5eaab
2776,2776,0xDb363862E5e73a7ce226730de475C507547cD4c2,hardwired,34984482,35337540,0x22a77fb0131f7253d0b2fd68bc58f6f490f4c7e9c753dbc0a9db342c773cbcf6
2781,2781,0x968faEeE158B1b382bb1B0518AcD9318Ef82d73b,hardwired,34984482,35337540,0x0f27343a43fc2229eea0609edf17facc2d044317642f3a1ce519fe94e130b950
2782,2782,0xE595Ed0eee63FE6ceB3e6b6770B9D826223a3737,hardwired,34984482,35337540,0x3463ad6ef1b99aa7d5d243b4f9fd778491ba12e790d839145a40134b86dcf010
2783,2783,0xe93bC5B2088eaC5b7bf3aabb6Db9a40b079F5FFc,hardwired,34984482,35337540,0xdb26e90affab7eca75a61029b428bf29e74be94f806d478e0ca878b04f7f79ea
2787,2787,0x968faEeE158B1b382bb1B0518AcD9318Ef82d73b,hardwired,34984482,35337540,0x81e55790ec9d29985353963781f2eabc02abfc6ddf4b447b9c5ac32566283c97
2791,2791,0x58D4671fFc99Af071E1a453531124Db837B3CdCf,hardwired,34984482,35337540,0xf51163553e6d65dec4660ab786c44bb992a5c3848d4f1d36b0b1110820a72c71
2797,2797,0x16A2eA30C129CdF5aEc6179b5E689CFf9dF3B9Ed,hardwired,34984482,35337540,0xc1ce64be5412186641f8a0c3f125f7923230a4fc5a5a6de3e93b08ef236d51ba
2798,2798,0xCBA3CDe0dbe164518B45E827004089303948E7CA,hardwired,34984482,35337540,0x51c710054d87c3a29e0d926f14fa78320035167de8962012d1ed012cb683b0ec
2801,2801,0x968faEeE158B1b382bb1B0518AcD9318Ef82d73b,hardwired,34984482,35337540,0x5723c0ec6ba3a07f880c88647fa3cf1f1c1943cb228a6dd6db870a3d4e2dfced
2802,2802,0x968faEeE158B1b382bb1B0518AcD9318Ef82d73b,hardwired,34984482,35337540,0x934fae1ce86986c2a7cd7ac766f42eedabefa2e4a92eeec734023f2cfba88f9b
2803,2803,0xE595Ed0eee63FE6ceB3e6b6770B9D826223a3737,hardwired,34984482,35337540,0x9dd55a9c78067921d53f24b4a0b7608cdff5ab0c348fa95e7962c0093c740006
2804,2804,0xE595Ed0eee63FE6ceB3e6b6770B9D826223a3737,hardwired,34984482,35337540,0x187a106f638474b691a05d8771ccd8c2af88cf91fd8f7f86d00417f5d2a428d5
2808,2808,0x9ef02557bB81557d5FCE437b4FE59b08C724a5D2,hardwired,34984482,35337540,0x9cd555eb5ec887b197c725e154542b57bc1c3cbee3c711593a48ad6f2c2929a7
2809,2809,0x6b06FD0181285Dd1BD4b3cfacE9E4a6685DE0C1a,hardwired,34984482,35337540,0xcc8c98c26f0661c00ddcf7b9d30399d41a250be6f83c9b0b15c1e3eefb661ad7
2812,2812,0x0fB06273b43A96c1286aa2E23FC209fDa089B12A,hardwired,34984482,35337540,0xab792daed4d04f3b7b6af5db1057a02bf228049c5937b33b1427b118894803de
2813,2813,0x49Af885eD4605d00a41949473Fbe722D909D2bdC,hardwired,34984482,35337540,0xba5343e5a44675a7e761b556e4a373d18ddbb883d7a163e23d1dc3425430f956
2814,2814,0xb5F0452bB5358b3e2b73a8518EfED4BF647c8D1E,hardwired,34984482,35337540,0x8ae3709118403628bd971dcb49187b8dd49ea1225a6bd80c4dd69175ff765b45
2815,2815,0x5320bedC1980f5B56D6bDEa71a450a287493142f,hardwired,34984482,35337540,0x285b81c97cd5e97698ef462f1b3295578f61d3a0fe59a9fbccc59f44edd118eb
2816,2816,0x968faEeE158B1b382bb1B0518AcD9318Ef82d73b,hardwired,34984482,35337540,0x19ad107c697efb2ff9f321240aabafd9460439d7623f00b690ebe36e82578612
2817,2817,0xc3360a43b70a49CE84E0DB88800CB8d6b7666666,hardwired,34984482,35337540,0x0d453d39fa5c1d057d8c29aa094eb52ab7fa4cbcfa6dd270c313fcdc70772d5b
2820,2820,0x71F9CCd68bf1f5F9b571f509E0765A04ca4fFad2,hardwired,34984482,35337540,0xffa251f07e6d014f8051f51bb64609b5cfca6cf285fbc8a4e4685ffa333817c5
2821,2821,0x16A2eA30C129CdF5aEc6179b5E689CFf9dF3B9Ed,hardwired,34984482,35337540,0x533d0737f3a4213c7d69ceb8cf2266b0f2397714a10651ae11bdbbdba6968508
2824,2824,0x69766b2927B793404811c84721bd0E17b2F7f7e2,hardwired,34984482,35337540,0x90a8738f5b2f0e67f03450a2c6e780f1eedc7f58d09ddc60b654dc3ebe41c419
2827,2827,0xde79bd3bC8B883bCBC8a76593D6ca82097802f21,hardwired,34984482,35337540,0x1f4a1b9e625cf40973dd017674e23627d10f581cd83c7ba871b3f744aa5e4c82
2828,2828,0x16F5EF133d0D15B196A778d22BF1ec56f8f37C05,hardwired,34984482,35337540,0x8f7f16ba1f3287c3109243ea60bd27dbb127a4e4d62a8aa901b4328a7650f132
2830,2830,0x10a508E2b7C10dC4B8105869792C8D18ef9373A9,hardwired,34984482,35337540,0x25f71c22ed33ca33a4f4f5569c2a9a2852673633b1203a62f68c8dca3a771340
2831,2831,0x71F9CCd68bf1f5F9b571f509E0765A04ca4fFad2,hardwired,34984482,35337540,0xe629e7da8ce247fe02bb7387507490d911af9c89c9398122d62049a52450fc91
2832,2832,0xEb188b870D11C9AC04e4Ae68a0060118000Cc78d,hardwired,34984482,35337540,0x37d06739ebefdf75f0845550470e4d94c39e490d33095b74197055a4147d9942
2835,2835,0x71F9CCd68bf1f5F9b571f509E0765A04ca4fFad2,hardwired,34984482,35337540,0x7668575bf99b2d792af47af6f2758cdae4c88d14da6da72b219c0f69f0645200
2836,2836,0xaDdEF58a2fe79E6AEEa53859e38841af9854f36c,hardwired,34984482,35337540,0x49288c3773406457e77ab774a9105cbabea5702ba67387eff69a36ea6e07700a
2842,2842,0x2825CDb4A71AC7942DA889f1ff72d536a8209343,hardwired,34984482,35337540,0x252228d4e5e5c8874b8e6574155c580263334eae749acaec1f33f454103c2ee7
2844,2844,0x71F9CCd68bf1f5F9b571f509E0765A04ca4fFad2,hardwired,34984482,35337540,0x5713a52e2c8f1a565429b2e8d17f2fd85d4d31dbc98c483922fe7e8b2c4721c7
2845,2845,0x0D90934796058214969880D861E0973EEbcb62f8,hardwired,34984482,35337540,0xb88217a418358758379e1afd276e9269961d9a63f22feb01f9873f77cd615569
2847,2847,0xFF60c38F0343a8b8De07c9770266764c452A368F,hardwired,34984482,35337540,0xa32bed90001ea7026f3d22d75fab45b1893f51b3972c332ea581e70f039669fe
2848,2848,0x968faEeE158B1b382bb1B0518AcD9318Ef82d73b,hardwired,34984482,35337540,0x9659bf7ddb458bf2addeeac395df071d2dce363d0394bda7bc162c738db04721
2849,2849,0x5320bedC1980f5B56D6bDEa71a450a287493142f,hardwired,34984482,35337540,0xbee70c46bd9c5cb691373e440d60ef3d24bdd85feae0f470b1608b1fc218b48c
2850,2850,0x968faEeE158B1b382bb1B0518AcD9318Ef82d73b,hardwired,34984482,35337540,0x0b406d470e309d5fb4d3c12f41af60ec739f52226cf43b071de4e97f0dcd2d54
2851,2851,0xD4b114C01B438D9Bac74cC005adB8850a9B190DE,hardwired,34984482,35337540,0x58b505ba4779f9244286b8a5a54a232da40675b51ac0bec3844501551fa76227
2853,2853,0x71F9CCd68bf1f5F9b571f509E0765A04ca4fFad2,hardwired,34984482,35337540,0x4f23fb0ce77c5a7fd6f33df34fa27a81885605a6195e8a5c46a8f4a2cad0a5cc
2858,2858,0x851F6A88F32e5371178f6b94362bedB2b066E89E,hardwired,34984482,35337540,0xf91c71fbbb2c4a6d0d16c4537ea1fdbe5d81a681031aaf94caadfa58be77859f
2859,2859,0xe3021C092075A889C1BFe49a20EFC3DDCc954B9e,hardwired,34984482,35337540,0xac14d1f32e28baa9a21a52490b63e3405b768dc82806895a40b2ee05728c1044
2863,2863,0xFF60c38F0343a8b8De07c9770266764c452A368F,hardwired,34984482,35337540,0x34e421589b79dc091155d19e8512a4c87f24a1f8111d9bea519f17e6bfd82da0
2868,2868,0x93ddA8BFA0F91AF4e23a5CAD662EBC13649FfF5F,hardwired,34984482,35337540,0x2b6a6999a00d131c3613dba87d1d7654f6cf724559aeff4663894735fd51d8b0
2871,2871,0xaD128B4FD496Ca73eb54B93529A0519C875125cE,hardwired,34984482,35337540,0x721b2a17ec618831db0a0d73c7bc55c8d3a688b4cc9f5692a7ae1a6ab29ff8bb
2877,2877,0x0D90934796058214969880D861E0973EEbcb62f8,hardwired,34984482,35337540,0x833b1dd5c131f35ab1a59e0c8f32165401b6ca33c0298bda68da1e4b8419d8b4
2879,2879,0x58D4671fFc99Af071E1a453531124Db837B3CdCf,hardwired,34984482,35337540,0x6ef8dea260a803d67ec624548cb2d7dda07f094414bedf89dccf63fc096e0c4a
2880,2880,0xDe93A926D8059d9d20a93B709312bF2cd8a7046c,hardwired,34984482,35337540,0xe98e7067224a9c6530232ce5be79fc5a6f9b82ef6455af3b79bf97ad6fad97fa
2881,2881,0x6b06FD0181285Dd1BD4b3cfacE9E4a6685DE0C1a,hardwired,34984482,35337540,0xa7c8495d2b13e4590767a612863b598b57a1e5afecb9b453e4f1781f969e8ecf
2882,2882,0x863961C44588ED047efC987c7073F4100Ad40a19,hardwired,34984482,35337540,0x194e6418112d3f93026419c488c6b10ce5d77ddfd974556b056ec68307a4b376
2883,2883,0xaD128B4FD496Ca73eb54B93529A0519C875125cE,hardwired,34984482,35337540,0x20ed59acad06f90caa1a5b140c8610e8128dfce464f40ca394417f42b4a1d00d
2884,2884,0x417798bFeBe4D3bE45AD970da1D8a3789a377D4a,hardwired,34984482,35337540,0x62e8062b8398afaacd581ccf7dbac0bf778c57766ca9105fc1ae1519231891d7
2885,2885,0xdB0b65fDc39Fc0bC0AEb014CD1fe5e52699f457E,hardwired,34984482,35337540,0x26654a310e76dd218be4de579819ecb4a189b1521c4a1da8dcbee09704423e62
2886,2886,0x0D90934796058214969880D861E0973EEbcb62f8,hardwired,34984482,35337540,0x4226cacbe9ccd73034d65f44f3ac3dffc359ccd55cda93983abf2c4afa6911c3
2890,2890,0x71F9CCd68bf1f5F9b571f509E0765A04ca4fFad2,hardwired,34984482,35337540,0xb3f27847360a51bdf370435e47ccc05596519e549c76552b04f021d4bdf81fa8
2896,2896,0x9ef02557bB81557d5FCE437b4FE59b08C724a5D2,hardwired,34984482,35337540,0x00507bf4333327e3ee1140fbe2f009214e4efbe3551654945b2d742aea42e22c
2897,2897,0xb4A22D79110Bd50342DcdC15079f966e883e7f0a,hardwired,34984482,35337540,0x1471dc7075c4783185a4d2143aeb01a10b33a39800c6a7a9930dccba0a2e2d6e
2898,2898,0x968faEeE158B1b382bb1B0518AcD9318Ef82d73b,hardwired,34984482,35337540,0x2f8f33cecab733a58e6c857b885571c5ef3c81b26b873575a78cbccd2ebb32fe
2899,2899,0x6b06FD0181285Dd1BD4b3cfacE9E4a6685DE0C1a,hardwired,34984482,35337540,0xf26e1f049327b5ed5824d9afde9d694de131ae8ae31383326f83a35893f8ff54
2902,2902,0xE595Ed0eee63FE6ceB3e6b6770B9D826223a3737,hardwired,34984482,35337540,0x906811fd04ce0a36ec0519983584a351c220e75d4ef6099fe9367c2a267abe67
2904,2904,0x4aC4a33101aBB2AA21167De2b881429B915818a3,hardwired,34984482,35337540,0xec10dda79558175af12bb968a36fbef0a3f46f22d59127fc2470f32cd169a0b4
2905,2905,0xF3Bf4cADebEe8427f6fC87F4D846F21D78Efe2Dc,hardwired,34984482,35337540,0xded05d19b55ae05e803fea9d86e5ba3fffeb30d18716d3adb7b7860f2e6f0e6b
2907,2907,0x714ae4F08C5d5d74EAc276DB05dB8D84068E917F,hardwired,34984482,35337540,0x7dc42ce2b9d522dd38512bb856d3648c96f47a1717c0face226547059e7837c2
2910,2910,0xe28601398A5448D1147e6E8b0E0c6d686F0d216D,hardwired,34984482,35337540,0x44d636ee693bf39fd920d4ca24687798b335f2208d45d998ef148b4eb32a801a
2911,2911,0x378348b5e8b96B8E3707274d5224B1F5b59013b0,hardwired,34984482,35337540,0x9f8c3c02582447b424b06999a7245e709c0beeca8c0035ae189669f967b770b5
2912,2912,0xb5F0452bB5358b3e2b73a8518EfED4BF647c8D1E,hardwired,34984482,35337540,0x263832dc8f89575a3dc4a4218984717966a83db360f0e7d499d30c49bafb9b3b
2913,2913,0x71794AA1C622E79c5B4d96A880F983e7Decd6604,hardwired,34984482,35337540,0x1b449b4205c6f428318456b717e9d0d66c9980436ae5055632f406f8ab84568e
2914,2914,0x9ef02557bB81557d5FCE437b4FE59b08C724a5D2,hardwired,34984482,35337540,0x8b22571bd84c6e7af9479b02435c3719e10f7b2e93799ddadce39f2af2cd1d82
2915,2915,0xf99A3402B06f7C3aDB6Dc9360Fe1213DdDDDdddD,hardwired,34984482,35337540,0x07e9cafbbadf33ef6822f379e1f55ba12ed692112bae023e4863f7bf5c3d73a5
2918,2918,0xD4b114C01B438D9Bac74cC005adB8850a9B190DE,hardwired,34984482,35337540,0x7c359501de7600529b00d6ea0ff569f114ec601a1b02d85dd47ad60cbc6f4600
2920,2920,0x165B8AC3dBC3221C9fc07359AB7fF9CeFCaF0B1D,hardwired,34984482,35337540,0xbfcbf6cff9bb081c3197b18ac6f9d3e173649b45920ea37daf5adebf686b4438
2921,2921,0xe6787a6eA1C9FaA825C26640ccA4B43C3d8b8d95,hardwired,34984482,35337540,0xfffb6700448de1f6c7c4539c17af9b0f0de8c29a6278c778be39ab64577294fc
2922,2922,0xE595Ed0eee63FE6ceB3e6b6770B9D826223a3737,hardwired,34984482,35337540,0x1f13df3b3b798a7c2766d9182a70c9f2022914427824eec1acaacd3dd2fb004e
2927,2927,0xD4b114C01B438D9Bac74cC005adB8850a9B190DE,hardwired,34984482,35337540,0xa4de8753dd2ea67d006863c3a816a436cfc9b12be563683597703b3e1403c8b3
2928,2928,0xFEC90aBF3CB869Ef58821C85e418589D57BbD749,hardwired,34984482,35337540,0x15da6e5a1fcbb060a47383c3253f1511e83a32528aa465400b6afe3498bbdeb1
2930,2930,0xa7dd5B9C977d7a926d446d6B939bE48b93423C34,hardwired,34984482,35337540,0x2a82c83945f733b39971cb77d7e0b2ead1f9fde22e1e06a3894caf0613338ec4
2931,2931,0x8A3E6d8E8D08F68D480824646707D463F27655aB,hardwired,34984482,35337540,0xfef95d5c6372c07ddabb0a3adf3c065ef5f2c7b843842d9a854df2e59e740e69
2933,2933,0xDb363862E5e73a7ce226730de475C507547cD4c2,hardwired,34984482,35337540,0x62c5e15efa8811e290c512cf7af786e4cf83d197fa4ddf0897cc05c01a2f62dc
2935,2935,0xb5F0452bB5358b3e2b73a8518EfED4BF647c8D1E,hardwired,34984482,35337540,0x869a00e95dd9cd0a1a929ca2c96936585c99290838e8a3e8d4b72b8c2be580a2
2937,2937,0x9ef02557bB81557d5FCE437b4FE59b08C724a5D2,hardwired,34984482,35337540,0x990c6c84ab7828b39c21029309ad8c0054898dc5b3f6dcf8c3c1e5e8e4958296
2938,2938,0x71F9CCd68bf1f5F9b571f509E0765A04ca4fFad2,hardwired,34984482,35337540,0x09ad77f28054369f122467c42328caed8b1f5c636721efe6124283a83cc06d27
2941,2941,0x13a78895e2da9f3E373463EAF943a97f4432781A,hardwired,34984482,35337540,0xb488773a10c74188f7b7763c5c86507c420cc56f319ce8d8dd82390b2d974414
2942,2942,0xCBA3CDe0dbe164518B45E827004089303948E7CA,hardwired,34984482,35337540,0x09a851e13379d33d6c68b64cb83ece99ecc38bbda8159e0c46e23a8031995097
2944,2944,0x0fB06273b43A96c1286aa2E23FC209fDa089B12A,hardwired,34984482,35337540,0x0c78beb1cd1166acfa0122efa5fc27d6089e4c346a75872e010eef0731fb9466
2946,2946,0x71F9CCd68bf1f5F9b571f509E0765A04ca4fFad2,hardwired,34984482,35337540,0xcd4dec197648b786dc3de62b3009bc95c0592ff4e2b4ad3990e6119fe4c9fc37
2947,2947,0xEfb19323C9832248Bf08e1080AB15F6a394941Ba,hardwired,34984482,35337540,0x533ca1ea0b4178fef192a92276fdbb30314feb066b0b34a11ad96f67f515b9c8
2948,2948,0x71F9CCd68bf1f5F9b571f509E0765A04ca4fFad2,hardwired,34984482,35337540,0x6ddff7d19433eb06fa887b229dad792610ca3af19da969e3e8a79b8e83597999
2949,2949,0x71F9CCd68bf1f5F9b571f509E0765A04ca4fFad2,hardwired,34984482,35337540,0x94624a6e1be19ccb817221155769aa27512d2ee1db9ff5c2787e7a26030a8ad5
2952,2952,0xbC5E88747673275d2c7e5DD9c1295a4d728dEde6,hardwired,34984482,35337540,0x165bd63536f0476fcb486bb998db22927fe8d3f9d5222c4d841d6f58604cf327
2953,2953,0x58D4671fFc99Af071E1a453531124Db837B3CdCf,hardwired,34984482,35337540,0x2bea138357eb417fb5a9a22b0133c68af25c525ec61b891194a0613683713a22
2957,2957,0xE595Ed0eee63FE6ceB3e6b6770B9D826223a3737,hardwired,34984482,35337540,0x0a45ec4cf4e00c59042962bda8234f00a4498d7a2e5763956bad5d337f99df37
2959,2959,0xFF60c38F0343a8b8De07c9770266764c452A368F,hardwired,34984482,35337540,0x3761df962f9dfedf4e826f4d4c69ba980bc0cd52cc071bcd8f1844fdf67fe584
2960,2960,0xa64c6369C0d4c61AeeE1f8997bCfB4022F2C614b,hardwired,34984482,35337540,0x6bdd12c26498cdf33351958c3393d4ab3034ebd3413625afce2940d691bdd1a0
2962,2962,0xAfA9a53C81CF0FBD747A5215D3e567dc16AA0B93,hardwired,34984482,35337540,0xd601aa2db1f5eafdeb4d04150fa49e13a5561ad30d8e0f339f494c3a46fe8906
2964,2964,0x0fB06273b43A96c1286aa2E23FC209fDa089B12A,hardwired,34984482,35337540,0x20aabcd1784e77df39d7a309107aa9206a099cb232a1c05cb74c58326d8bbaff
2968,2968,0xd271e9691007D2175CF4926c4bF52c6f8E0B86b6,hardwired,34984482,35337540,0x4658cf74772dde0ef933df947e565b0856726790da7211c90452fdf1b2879e37
2970,2970,0x8DFA9FDfF11Fe92D451e7019757ce569C1769463,hardwired,34984482,35337540,0xc2a752435fe0c9581eb3ba79bb9b4b3d43b8f92849f596e38466826d86d64295
2971,2971,0x10a508E2b7C10dC4B8105869792C8D18ef9373A9,hardwired,34984482,35337540,0xbc29a52f3618c497c4dd0fae141699276880ce296220bb50695718a59177adbe
2973,2973,0x361b6FF546ff531f04251029028dab79e090c113,hardwired,34984482,35337540,0xf2050436335894ad36e1ffac34f6bf196db25da858e0e9224acdb54ca821b366
2974,2974,0x9ef02557bB81557d5FCE437b4FE59b08C724a5D2,hardwired,34984482,35337540,0x39e4488d5ff568a5b0a71cbd7c869833b10722c3d19dc03ed86e74878d5d6e11
2975,2975,0xdB0b65fDc39Fc0bC0AEb014CD1fe5e52699f457E,hardwired,34984482,35337540,0x5b7798cec477bdeb32e99519da098c3ac9a1ae8f56e805b1439c68b9ffd42c45
2976,2976,0x361b6FF546ff531f04251029028dab79e090c113,hardwired,34984482,35337540,0x429943058ccedd5fd8dbed0debae6dd38994d969b7d3bfac93a942ddf3bcf601
2978,2978,0x851F6A88F32e5371178f6b94362bedB2b066E89E,hardwired,34984482,35337540,0x819ce2ff7747e10b4760396e22418404279971f34d1a95e91f662bccab9dc73b
2980,2980,0xE595Ed0eee63FE6ceB3e6b6770B9D826223a3737,hardwired,34984482,35337540,0x8b8ef710e1c61d0e42917cb4ba98f4e6957129e0d8befb406812a8e6da5cf423
2983,2983,0x8959F4676F31b8972a2B2F20F321D93d00c36e44,hardwired,34984482,35337540,0x3e88db1a1d33a614972bf98f184bb7dfac51265dcd759635444ea4f447a31435
2984,2984,0x58D4671fFc99Af071E1a453531124Db837B3CdCf,hardwired,34984482,35337540,0x7bd17d188a8f9a9b62f71cb47f8244a0a189ba0a4832ad05258fb29ae05649d5
2985,2985,0xb5F0452bB5358b3e2b73a8518EfED4BF647c8D1E,hardwired,34984482,35337540,0x85b47250b6d4711c40cf5873d3e549a97159f921489d38748a9b876ceb6f0f9e
2986,2986,0x1910889Da1a784783cC6be709c3a3427946CAd44,hardwired,34984482,35337540,0x08005f4083ee62acbc468a8fb505d45c235222ebfee33ca41ebd6ce0bdd60e36
2987,2987,0x8e8f84b84102Dbe31Fd8Fcec07d8eFE8cA66e79d,hardwired,34984482,35337540,0x68f4f34cf2ee7c2a49d72c7765c66c45bcddea72ff161244c12bfdfc2d0796ee
2988,2988,0xFF60c38F0343a8b8De07c9770266764c452A368F,hardwired,34984482,35337540,0xf99f15d6e8a17921c53edf8decc3b88b67746cc619fbf93b801d160fd6998cf5
2989,2989,0xaD128B4FD496Ca73eb54B93529A0519C875125cE,hardwired,34984482,35337540,0x0f1e1edfab74bf259bbf2aacbc7297e5365473b2b3d6368df7194453c0227e00
2990,2990,0xAA68779177fa739aE63f24A2F5ed3F9f752E00Af,hardwired,34984482,35337540,0x2809e559968ecfd4902791fdf90c68a53101d676582b6718be976a98a32c31ee
2992,2992,0xde79bd3bC8B883bCBC8a76593D6ca82097802f21,hardwired,34984482,35337540,0x3efff676cb092e1a644ccbdad87148b23032bbbf24e7d07b1a91137c12323513
2993,2993,0x07545d5ab6D8a7A8BD356a723E7722dEA898Daee,hardwired,34984482,35337540,0xff84359f34aa8ecc15f03b1a03e72f4290f3186d7b53194bf564be65d037b8b7
2997,2997,0x9ef02557bB81557d5FCE437b4FE59b08C724a5D2,hardwired,34984482,35337540,0x43890e808ec17c08af824a3ae07de715d28b4e176af7fec86945c3ec561fb773
2998,2998,0xd271e9691007D2175CF4926c4bF52c6f8E0B86b6,hardwired,34984482,35337540,0xaaf090e6aefdca8d8d5cae9934d84f9e5185cd69b8f40ef3ad9b91d1f472d022
3004,3004,0xaD128B4FD496Ca73eb54B93529A0519C875125cE,hardwired,34984482,35337540,0x9cba4fb8cd6c1a921b7c90055aa5175a934822692d0c95cb4e86dbc908d48bae
3005,3005,0x8295935703d543a6dB78b9EEDE2f67F7d43B8622,hardwired,34984482,35337540,0x8c611e612078366bc564755c14f21b23e06b8d37f4292123ea438825b6e9b9f5
3009,3009,0xAfA9a53C81CF0FBD747A5215D3e567dc16AA0B93,hardwired,34984482,35337540,0x65deace414f61f931b3a06cdba1a996d05f20cf56ac691d8a0506a7059f68ac6
3010,3010,0x58D4671fFc99Af071E1a453531124Db837B3CdCf,hardwired,34984482,35337540,0x0e2cc645492c6175070502208275e9b1e96a04776446fddc2a3ec56aa95f69e7
3011,3011,0x56D9Ec1fb6F00811E75A7D4550e027b0a9999999,hardwired,34984482,35337540,0xa9ff2b9d592c0bb86400fbf6bfb53fc835bc960122a784e78649dd66e7f2c533
3012,3012,0x361b6FF546ff531f04251029028dab79e090c113,hardwired,34984482,35337540,0x0377dd8e270c358e672e5f47a40a47198464d241c8fb6d640751eb5199f41673
3014,3014,0x37bbFc32408449Ec4251bf3C2fef4F7CD52746ba,hardwired,34984482,35337540,0x4520d57ed349985fb26bf79d2bba2edfb27ec0ec0d9a7ced0d6416e3fb08cc39
3015,3015,0x09b0f729b1f0B219725C8811AB33dBAe5BDb2087,hardwired,34984482,35337540,0xe6ea0a9c9122d73250713d854f7ecac5145dfe448cd6554d527e4454cac5c3b0
3022,3022,0x4aC4a33101aBB2AA21167De2b881429B915818a3,hardwired,34984482,35337540,0x7b6b0602385d25e75cc39ded16950471078b8696f85b4c8b1dabe30406b7ea0c
3024,3024,0xec7fb8075A8F06bE74C3a02faBb410395341B96c,hardwired,34984482,35337540,0x27420117ee4606a14d831981bd8d8f5742ec815e1a1b71909dfb9f93e249eb22
3026,3026,0x9ef02557bB81557d5FCE437b4FE59b08C724a5D2,hardwired,34984482,35337540,0x5b7669a7e4fe1fb725b16f61e38e96ef53194f60cd2bc25e30386289679b1503
3028,3028,0x16A2eA30C129CdF5aEc6179b5E689CFf9dF3B9Ed,hardwired,34984482,35337540,0xfb2e18395a0bcab1ab1ce5e1e8113efd37f064908dbabddad9b9e1f26f36cde0
3030,3030,0xaD128B4FD496Ca73eb54B93529A0519C875125cE,hardwired,34984482,35337540,0x787d45bcc159c993beeccc027b6e942ff0a8d5d934a36ad1b08306edc3011ebc
3031,3031,0x0fB06273b43A96c1286aa2E23FC209fDa089B12A,hardwired,34984482,35337540,0x11af5b5801d67d2a38db6a4436b1b25e1ab47b3513256dbdc8b702145c748be3
3033,3033,0xaD128B4FD496Ca73eb54B93529A0519C875125cE,hardwired,34984482,35337540,0x55b72677366db65bd06b16a6930a322bc4bc570241935424a6d80e01cf9d7f45
3035,3035,0x968faEeE158B1b382bb1B0518AcD9318Ef82d73b,hardwired,34984482,35337540,0xbb4a102bdb3f5685481bf36e6f417784bc68ee5b49eb388e8e9c955b0766f5c5
3036,3036,0x69766b2927B793404811c84721bd0E17b2F7f7e2,hardwired,34984482,35337540,0xeba8c8791f7149be5ec390d8a9d4cc72f286196bb127c08c1a5605b4a292d926
3037,3037,0x00cbab9AD333c5e4d912703F4D8348f09759f75e,hardwired,34984482,35337540,0x949a8e1c9fbb5f6bbf44440275c2373f64771f96036c3780942490bbef4782a7
3039,3039,0x00cbab9AD333c5e4d912703F4D8348f09759f75e,hardwired,34984482,35337540,0x8f62f7701442275abc9c91c539985405ddef64bd8b0b8e41f0d9c25af06a4904
3040,3040,0x2825CDb4A71AC7942DA889f1ff72d536a8209343,hardwired,34984482,35337540,0x0b3d194837e264c0010cf9ff6f826d90acd3820f963a1a9ee86b408a7f48baf9
3041,3041,0x968faEeE158B1b382bb1B0518AcD9318Ef82d73b,hardwired,34984482,35337540,0xcf16dbcf42cfe58b0fcedcf37a721ae56bf7ff421de4570e514d158236793015
3042,3042,0xa99207aE9a63841Ea91e02676094aa08634D8639,hardwired,34984482,35337540,0xfc8c96c998158fa5ec430ef15a4868cb03b04b3881a7af11f8d5a00f28115d06
3043,3043,0x9932Ff988836f696a9b95cF6A0bEe5807369F9bc,hardwired,34984482,35337540,0xa81419a12b2ae878a284369c33337d30f7060c6336fa109037ffc8d61bd31a9d
3047,3047,0xFF60c38F0343a8b8De07c9770266764c452A368F,hardwired,34984482,35337540,0xc4765de05265401e9c781ab07ac3d538d96406121094e439c64acf4a939ee2d4
3049,3049,0x9ef02557bB81557d5FCE437b4FE59b08C724a5D2,hardwired,34984482,35337540,0xd55ae31b8008ba82f323cf51eb5208b33a167bd818453fbbef9c4fb305917f31
3051,3051,0x71F9CCd68bf1f5F9b571f509E0765A04ca4fFad2,hardwired,34984482,35337540,0x79b6f4e9b95851f88b9dc29398fa0eea63a6729b85395a6d9fbe89a5036acf7c
3053,3053,0xb5F0452bB5358b3e2b73a8518EfED4BF647c8D1E,hardwired,34984482,35337540,0x121121def006e25f51cbd420b9e6762d71be69c2986c9cc4d8b4d1c2f94b68ce
3054,3054,0x9ef02557bB81557d5FCE437b4FE59b08C724a5D2,hardwired,34984482,35337540,0xb7b368bda3b8eb0efe2bab299ba0bbbd307d849576b7c58a0bcada08c7c83e88
3061,3061,0x968faEeE158B1b382bb1B0518AcD9318Ef82d73b,hardwired,34984482,35337540,0x0c119c4b3f587fa6bcf0deea51c94f53140d9dec03ee58d5eb13db8e3aa24fca
3063,3063,0xaD128B4FD496Ca73eb54B93529A0519C875125cE,hardwired,34984482,35337540,0xdb6ff3499c278d01fcf2bd3c3a6964df2df5d7c65d6cabe83ad8a2dc7d3aef23
3065,3065,0x63dB185dE4f443Bd0A64b9593E4fBF7D0F2Da1e8,hardwired,34984482,35337540,0x675606e927b827863bc8dbc8cf13f1765d1f7a07a0cb75214cc5634419a39b74
3066,3066,0xb5F0452bB5358b3e2b73a8518EfED4BF647c8D1E,hardwired,34984482,35337540,0x7838d840319be21d77d8476df969e591f277cffe921f5a41bfbfe09da18a8291
3068,3068,0x999dd3Bdb875CFa5b0817C2eCC2c0B8379999999,hardwired,34984482,35337540,0xd988389d5c63c8fec0e3a6d5151f1b969ef45e87dd32551af91636d9646fe860
3070,3070,0xDb363862E5e73a7ce226730de475C507547cD4c2,hardwired,34984482,35337540,0x06e0c90ff86d1cff58eb2ef847f647de46d6da4c7373dbb5a23f7e22b2be9666
3071,3071,0x71F9CCd68bf1f5F9b571f509E0765A04ca4fFad2,hardwired,34984482,35337540,0x2886dd9cc8c02722224af510acb305da4a5b60fd7cac8b82ff19aa8398cbf1e4
3074,3074,0x9d098a07E30bfD229bEE1c2ae646a78d3d5f8d2D,hardwired,34984482,35337540,0x05f765ff1d857fd3c8fe8471b990b15ba100b6ae82b3775b6911a42cb8c67a60
3075,3075,0xEB8fA47C5571354aA799902686536aDa2698d5CB,hardwired,34984482,35337540,0x94f35df6a2703b3b0f63980f972bb9787d81a632809753c8ccdcfe79be6c3276
3076,3076,0xAfA9a53C81CF0FBD747A5215D3e567dc16AA0B93,hardwired,34984482,35337540,0x6f1c7d7a7f44cfc6a2c6f78065217babdecc77e71922202ae8d69e286db13b5b
3077,3077,0x5fd373D13a8877b134F21fEC79e5719614138347,hardwired,34984482,35337540,0xa991dc499f18ee6940436046e30b4a1ca2eed7d8e624dfa8d1bc0990b742100f
3079,3079,0xe28601398A5448D1147e6E8b0E0c6d686F0d216D,hardwired,34984482,35337540,0x223de56946ea9e68300a63a4e6578a62672fce7a1eb7c79f5bccc4d184aed796
3080,3080,0xd271e9691007D2175CF4926c4bF52c6f8E0B86b6,hardwired,34984482,35337540,0xcbbba6df3318afdb69f4e48417dc1ab89ff442151ef5b2664beb1e6f41328bb2
3082,3082,0x5098236043e2710D29408516F2Ea9670931F02E4,hardwired,34984482,35337540,0xd9da45dab451a703e2fe777cb78774560e57dfd1ef162fa4d80537fbb055a790
3083,3083,0x9ef02557bB81557d5FCE437b4FE59b08C724a5D2,hardwired,34984482,35337540,0x7ae319ee17a38f7440db8496eaf88b116c14a259ddc68bcc66e147a1969553f1
3085,3085,0xDb363862E5e73a7ce226730de475C507547cD4c2,hardwired,34984482,35337540,0xe8847328734e2ade03bb732a23725cb3580b00787f2af35e986754b7b18b2a83
3087,3087,0xbDDE6208f0342A91eC6C14a146F172297b7f69c1,hardwired,34984482,35337540,0x3494588cf6eb296810733b45a059d5db53a09ab5f3fdf6e79cb91260e3d848fe
3088,3088,0x92E3e476a6a70558d3637c0A0019831f2D385cf3,hardwired,34984482,35337540,0x047c6bdb2c67c656aecc77fee72c79a79a1488f9da1a8d396643958879b18471
3089,3089,0xbdCe0D96f3dcdCe9ff12d6EE9B14189528D61B1A,hardwired,34984482,35337540,0xaccf7e26431031ad8d71193993e424570482b468e13b9c3597d076d91861c5d5
3092,3092,0xDb363862E5e73a7ce226730de475C507547cD4c2,hardwired,34984482,35337540,0x7e216ee5f03d87061d1fb01945c52ca6dddc64bd0500c521b1788ab9653c0b82
3093,3093,0x56b03a53ac7F23E72Ce0a376a31440a2455D37D5,hardwired,34984482,35337540,0xa8766ea0b21213b8230f183f13a689c49dc311675292e2079da7eeee9dbe7047
3094,3094,0x8DFA9FDfF11Fe92D451e7019757ce569C1769463,hardwired,34984482,35337540,0x99e7511c3790b9b2dbd8a9f7ca4556fb2fd817812988baf51875e4f6277ab154
3104,3104,0x4aE2706Fa2B89a9d86C43F21FEAf79408B816Fe8,hardwired,34984482,35337540,0xe59f36d2cd6a67e05e94bf07b1aebba2dd40f1511ec3fb71a04cfb521ceeb272
3109,3109,0x9c3d34751CbDeF9b72530D33Fc40Fc796CFed1b9,hardwired,34984482,35337540,0x1f914cbb53e67d2c6d36e1b6164078a8ffb151c860142909a6ab1160dddd553d
3110,3110,0x0D90934796058214969880D861E0973EEbcb62f8,hardwired,34984482,35337540,0xfbe785c4c6f00f61a09ff11e6b3774f591df4a1ce3c06c3ea027b77fb7f8b922
3111,3111,0xd271e9691007D2175CF4926c4bF52c6f8E0B86b6,hardwired,34984482,35337540,0xc8f4272bb453a79680338f40aaeb1a5494890740eccbfdf72e1a1c1c1e96bb7e
3115,3115,0x1910889Da1a784783cC6be709c3a3427946CAd44,hardwired,34984482,35337540,0x83291db1ee1426e6839e7bf46a39f96fb393eb9627890c2d55fecf58b7a3a4f8
3116,3116,0x27B97F58459F3a27b4D77E549b06CC36F773B033,hardwired,34984482,35337540,0xf1a43d998297472e491e3ec1b215e3422c5ab3e0a229e19e89709edd2a8edbe8
3117,3117,0xec7fb8075A8F06bE74C3a02faBb410395341B96c,hardwired,34984482,35337540,0xc24fbfba7be11f88fed44d10dc32f5f9a6704a596d6239d2af3e50da6b55bda2
3119,3119,0x71F9CCd68bf1f5F9b571f509E0765A04ca4fFad2,hardwired,34984482,35337540,0x0014c2a0d0a744677e94ecc2b5dff75e5a58bc6989a29702a9b212d8f61425ac
3120,3120,0xc77B5585cA3Cd4bEec6051CcA89921a2f01d9A5c,hardwired,34984482,35337540,0x7b2a7dac08ba89478262ef612e8d1c9a979c1019940aea106b0d90cd588c808e
3123,3123,0x71F9CCd68bf1f5F9b571f509E0765A04ca4fFad2,hardwired,34984482,35337540,0x736448b2daa5af4c94598dc0ab2d56a3accfe35dacf1a0e043408c92b08e7f57
3125,3125,0xaD128B4FD496Ca73eb54B93529A0519C875125cE,hardwired,34984482,35337540,0xc35c24e8c76351813cd96089e63e56f682bd576a58dae56466d87d23a9db0fc1
3127,3127,0x2538372ef861fA766C9AcF8Cb735CcA3415276D2,hardwired,34984482,35337540,0x56bad0002e3ec4919690fd70292c0d3414a5557f321c6b55ec835f5237231c30
3128,3128,0x58D4671fFc99Af071E1a453531124Db837B3CdCf,hardwired,34984482,35337540,0x1a807b10eefe20cf6ab33b3a6b3dee7a0a74f98d1e6df6a1f39b119720757d41
3129,3129,0xD4b114C01B438D9Bac74cC005adB8850a9B190DE,hardwired,34984482,35337540,0xf313f044cd37fb77f9faf35627980b037859239d11fa2ccf61b44985d1ecb958
3133,3133,0x13a78895e2da9f3E373463EAF943a97f4432781A,hardwired,34984482,35337540,0x2ee2e8bb26fa115116067637f3e27a64ebdd98dff87cad74443f6efd466200b6
3135,3135,0xAfA9a53C81CF0FBD747A5215D3e567dc16AA0B93,hardwired,34984482,35337540,0x0a9ebcde13a11d42049e6868e756ffec1aa92f9ede3c7fab16acae28d6607457
3140,3140,0xd271e9691007D2175CF4926c4bF52c6f8E0B86b6,hardwired,34984482,35337540,0x7ce6612034c2cce4a09285392dff39432895b3d92c89f82ede6ccb0ab2da4a6b
3143,3143,0xaD128B4FD496Ca73eb54B93529A0519C875125cE,hardwired,34984482,35337540,0xc5b1f1f8375083264c9daf88e527308c4a81ae7e24bb7997fcd288852fb6f225
3144,3144,0x5320bedC1980f5B56D6bDEa71a450a287493142f,hardwired,34984482,35337540,0x0d87d1db92aa5a731c2216e41b90a54550d5740513e83a0fd32a107b05fde327
3146,3146,0x5320bedC1980f5B56D6bDEa71a450a287493142f,hardwired,34984482,35337540,0xbfec8f0db9e0f7a593512e4899da4544d92a123ba2741cb0998fc0879b959025
3150,3150,0x578a7f0798B8CB0F1ea6609fFc4C0Bf2B9125Fc0,hardwired,34984482,35337540,0x40bfa4e55eb80e7d3a5781ddbb41a001f84e9236b608ce932fe741c70e95f6b0
3153,3153,0x8A3E6d8E8D08F68D480824646707D463F27655aB,hardwired,34984482,35337540,0x3ac497b6b9b7034716fb8ed396bac585ea1828fa0413dfccf21757bb6b978a93
3154,3154,0x578a7f0798B8CB0F1ea6609fFc4C0Bf2B9125Fc0,hardwired,34984482,35337540,0x11ba4647c21bc72c140c5c541a5dae83c363d02fd22cba86d6d9666dd0a6d05f
3156,3156,0x6A92B04612F647F048c24951673d45471C7E18c7,hardwired,34984482,35337540,0x9c2d870b6902352fc26225dc73314529fd78fbe1532117cd77a6c5145fb5a434
3161,3161,0x5A17fB43794212F5Fac2298747c8757b8Dd94A17,hardwired,34984482,35337540,0xd482cf02903553de03a9345e5efba260c462c18179857c546e36018e420f948b
3163,3163,0xd813771D3938e7acd0175BcF938cd6bb071d72Ff,hardwired,34984482,35337540,0xa77fb83d69df53d69d030af3ce05dd415cac1077b74d673eb6c914fce8b3655e
3171,3171,0x71F9CCd68bf1f5F9b571f509E0765A04ca4fFad2,hardwired,34984482,35337540,0x657c890865da7464d685a7756fc5ebe9b737cd81c00ea128b42df691d875ff5f
3173,3173,0xaD128B4FD496Ca73eb54B93529A0519C875125cE,hardwired,34984482,35337540,0x6cfea1dd42cae5049bde40f5b81c752d570d301980848c2d7ad6b79ac2b01167
3175,3175,0xA181a3c3460Ad5a2650f380352e3E68111E3D60e,hardwired,34984482,35337540,0x733bf118abbf14db26649e3d7e3375c3ffa8f3f7afd1dea801108136bc6924c1
3176,3176,0x2825CDb4A71AC7942DA889f1ff72d536a8209343,hardwired,34984482,35337540,0x809c59ac910ba48687ca8c755d406ccc51f7c84e000698311fadd68989b61b70
3180,3180,0x8A3E6d8E8D08F68D480824646707D463F27655aB,hardwired,34984482,35337540,0xf27a0cbd948d9357d347d55d73cf7ec8868238c9ded8777e94075ed1be39c3bc
3181,3181,0x71F9CCd68bf1f5F9b571f509E0765A04ca4fFad2,hardwired,34984482,35337540,0xa7067f17b07c0476307f80f4682e03c01cfcaec94791453f9071e926eed29b77
3182,3182,0x968faEeE158B1b382bb1B0518AcD9318Ef82d73b,hardwired,34984482,35337540,0xd542a0929fd311181b413bf979cef15c81eaf3b660c16ae6597bc2517aa0f56a
3185,3185,0xdB0b65fDc39Fc0bC0AEb014CD1fe5e52699f457E,hardwired,34984482,35337540,0xd5214887b57e7bed7aba1c20427675b96527cb972b2f32d0179beaa24c85658f
3187,3187,0x93ddA8BFA0F91AF4e23a5CAD662EBC13649FfF5F,hardwired,34984482,35337540,0xf15702e87ab880c6d2d67c69e9b1c9893a70b0a09caa7edc43792365c9ab7f1e
3188,3188,0xFC002033D6B541774eBAeAd84307980CC13e3555,hardwired,34984482,35337540,0xe054702258621904d324561f3e66f099f4dff26f8c5cd4768914c1743ee9f62d
3189,3189,0x9785234D75b7a7C3d8EE8026f1AcF67fAC14f1e6,hardwired,34984482,35337540,0x740ff584f7b78bdab27253283cb776d424abab2094d2bf23a67bb046facacd87
3190,3190,0x93ddA8BFA0F91AF4e23a5CAD662EBC13649FfF5F,hardwired,34984482,35337540,0xa420a21305c286eaf4530f675d08ae0ebedb08ef588859f40cc4e7cdf47aa2a0
3192,3192,0x4910E245B9A9C89d73e9D80aD179Ab484C508405,hardwired,34984482,35337540,0x846c61d6c5df817be215af975f1ae9474f16c5121153d827c79f2c153ed7c7c6
3200,3200,0x93ddA8BFA0F91AF4e23a5CAD662EBC13649FfF5F,hardwired,34984482,35337540,0x1dfa41ea25a39dfbd587f56336e58f16df9a713004a21014c8dee98e5f2108ee
3202,3202,0x50757C4FB5743fdf2F3e9574D90399Dd33bd2EF7,hardwired,34984482,35337540,0x178be51f50a84768a8acafab59768d7a1086ae6a52ec22b7c12a382e95f5ebd5
3207,3207,0xaD128B4FD496Ca73eb54B93529A0519C875125cE,hardwired,34984482,35337540,0x5e383323cd9c90baca53f22f2cc524030e0084907ab7df0dab381aa8c8ca22d6
3209,3209,0x5320bedC1980f5B56D6bDEa71a450a287493142f,hardwired,34984482,35337540,0x5bc4645dadf55530e2429f2d3cea53a0bb4759bbee4570718b5678076eef9d7f
3213,3213,0x16A2eA30C129CdF5aEc6179b5E689CFf9dF3B9Ed,hardwired,34984482,35337540,0xa3025df8c0f870155afdeedb1d5390088e1a3a5103656b8400a4a7a811637713
3215,3215,0x93ddA8BFA0F91AF4e23a5CAD662EBC13649FfF5F,hardwired,34984482,35337540,0xf05300d15de8563caf98db0776bedc5bc68361a7bbb0f317b7280bbf9afc15bb
3217,3217,0xAfA9a53C81CF0FBD747A5215D3e567dc16AA0B93,hardwired,34984482,35337540,0x82cd4ed861dca3a2b8f04f95690bd3e7004c392448f650f610ddf1318123808d
3218,3218,0x29909b9c97845D5eb998B4AA41664a46c5dc35C6,hardwired,34984482,35337540,0x7efc3aef82ed2c50d502149fd8856bfd2e2b6bae301289644e63e135bd359dee
3221,3221,0xF3Eec7DB82D12a2B2469534C9323d9558d008B91,hardwired,34984482,35337540,0x2fea5cf27b174ad2d161261f494bc076ea2e63f33ee6b38fdb02bce964111c6e
3223,3223,0x8A3E6d8E8D08F68D480824646707D463F27655aB,hardwired,34984482,35337540,0xcbad5372867966df3c770250f0ea8ad6f97526f1693cd013bb4ae8b2e8f97285
3225,3225,0x968faEeE158B1b382bb1B0518AcD9318Ef82d73b,hardwired,34984482,35337540,0x977e7a88556b93b7fda60879a570f870eeed63464a13079527db1671969bd18a
3226,3226,0xFF60c38F0343a8b8De07c9770266764c452A368F,hardwired,34984482,35337540,0xaa3e94810ab8ba7aa0a13656d28bb30f198e31fc44b1f8c96a22429e8fb155d4
3229,3229,0xE595Ed0eee63FE6ceB3e6b6770B9D826223a3737,hardwired,34984482,35337540,0xd9fd6eae8d42a301e423a56bf3090574970337492912f0b0c29894d41224074b
3230,3230,0x4aC4a33101aBB2AA21167De2b881429B915818a3,hardwired,34984482,35337540,0x3bbefd9a28863680e2bd66d2ceda7a83a995e1e2427ad021e18f0498369b1306
3231,3231,0x18342C47E3Fc11aCeba1274EB04241f893F3989d,hardwired,34984482,35337540,0x2f01c3667f7bad3de5b5473d7fe0524e559800190c3cfcce5a19c82998fee4db
3234,3234,0x58D4671fFc99Af071E1a453531124Db837B3CdCf,hardwired,34984482,35337540,0x97afea965c5a2f2ef5f5d393fcb107aa595a0e8b6d6a9c49bad6712b029f8f18
3236,3236,0x9ef02557bB81557d5FCE437b4FE59b08C724a5D2,hardwired,34984482,35337540,0x85ac9ac1db5836d21a82cc876238275bc0cd73cc1dade73509024ee8d99cd5d4
3240,3240,0x71F9CCd68bf1f5F9b571f509E0765A04ca4fFad2,hardwired,34984482,35337540,0x2edcc336c2de53d64d1ba943246c69c2d99a00b3a90ddf94308d2cba32d75ddc
3241,3241,0x16A2eA30C129CdF5aEc6179b5E689CFf9dF3B9Ed,hardwired,34984482,35337540,0xad5db018de8627d7e317d6dfe79f074b5c191f42a49e09a8e20243de2e822c63
3242,3242,0x9ef02557bB81557d5FCE437b4FE59b08C724a5D2,hardwired,34984482,35337540,0x5d6c8d3e5beb8f0bab0a4b41540550cd6f06e9868393a98993d1efe2c336feda
3243,3243,0xFBD3c3aA054d241fc30732582d4F8519391804ba,hardwired,34984482,35337540,0x733b5766678046e060310c1b134d6bb631bffddec42c2dbea10b30607b2b5cf7
3244,3244,0x00cbab9AD333c5e4d912703F4D8348f09759f75e,hardwired,34984482,35337540,0xd8aca136b20528ef88e52dfb404560c990bdbc21dfb780719236be7a5f14a639
3253,3253,0x9ef02557bB81557d5FCE437b4FE59b08C724a5D2,hardwired,34984482,35337540,0xeaa0e60cf61c50a7993d556d9ac80422b980a5fb0c93e9167093b118677dcf8d
3254,3254,0xd271e9691007D2175CF4926c4bF52c6f8E0B86b6,hardwired,34984482,35337540,0xd9c853d694db0069df00274c49721e64770ef5c3aa8f7cc4fe35187c6fca8899
3257,3257,0xf89C94f43B36719046b55E2AE60BacBfc0dB1C6a,hardwired,34984482,35337540,0x5e4efd69bb1d26829e63fd40569d029af55879f2bb0f3ca7ce41cb7f7ef3762f
3261,3261,0x5320bedC1980f5B56D6bDEa71a450a287493142f,hardwired,34984482,35337540,0xa006a68213ed7c5ee0842c557421099f7deda2971cb82e38435eed40840e3842
3266,3266,0xFEC90aBF3CB869Ef58821C85e418589D57BbD749,hardwired,34984482,35337540,0x8d7c995acfadca0bef228db62ac5d52b8ee97a0124d280881ad9b466e9a03595
3270,3270,0x999dd3Bdb875CFa5b0817C2eCC2c0B8379999999,hardwired,34984482,35337540,0x63a31c2dfbb05ba0b34ce9fd493b7cf7bb8a762582f5377e45bec582c1502d57
3274,3274,0x387Bd4252f4fdd1919e8234C37203Ce4b2aee1FE,hardwired,34984482,35337540,0x1c8c1a6e7daf2264a0b0f21a41ba181d46cc6f5135f43e7096fa3f41aa76f36b
3275,3275,0x71F9CCd68bf1f5F9b571f509E0765A04ca4fFad2,hardwired,34984482,35337540,0x9ef1d6954d551f05ead3407e509c306c0558f2b6390ea04ec1cdbf2f5585203e
3283,3283,0x0A33BB5047489ee4fad6604F3fA5FC65E4Df378c,hardwired,34984482,35337540,0x8f403b42e3b2cf8dc5466079fbd69422e2245b58064e52855e1e2a45f3f6fe25
3285,3285,0xFF60c38F0343a8b8De07c9770266764c452A368F,hardwired,34984482,35337540,0xe0a2acec254444a1908e6af4951406d7e53ab848df3cac89218e664d3f5920d3
3288,3288,0x41211C627B79F3daB4eE89BCA89150C06eFe26Ed,hardwired,34984482,35337540,0xc5bd5d318a04f342e917fb953d9a1ed5b49e01f0690f9ca11668f265177ffc99
3289,3289,0xDb363862E5e73a7ce226730de475C507547cD4c2,hardwired,34984482,35337540,0x3e332f847788f7178e7a53ffaaeae0e3be7513c2fb16f59addea57840cedb80c
3290,3290,0x71F9CCd68bf1f5F9b571f509E0765A04ca4fFad2,hardwired,34984482,35337540,0x004f55250e997811896ad92931601b6093322129213a02be478234569dcb723b
3292,3292,0x71F9CCd68bf1f5F9b571f509E0765A04ca4fFad2,hardwired,34984482,35337540,0x1627d41c24e34bb1360ed823a66d5b1d506cd03225832aa4b614631ffd0be511
3294,3294,0xaD128B4FD496Ca73eb54B93529A0519C875125cE,hardwired,34984482,35337540,0x7fabda5958eb5ad8919bdf1717ed8e0eb3bc5895f99e08b12623a5b879be478e
3299,3299,0x03FDef14113fFCe886A4B61FA08A0C747E87aA96,hardwired,34984482,35337540,0x843ee8855447d049f02cca95465188fa9703d5b455be0557d1826531ed5adf40
3301,3301,0x49Af885eD4605d00a41949473Fbe722D909D2bdC,hardwired,34984482,35337540,0x704d4658ac36f8ea705c7a65f425899360610554ab6d65e7f800af1ddba83f26
3302,3302,0xd6c9F79050cE4098b7Ce831c86932c62d76BBCD9,hardwired,34984482,35337540,0x3d944c7a9639d5ab079ac03152d467e8acf5848d6d7554c1130e2d7a803640d5
3305,3305,0x18342C47E3Fc11aCeba1274EB04241f893F3989d,hardwired,34984482,35337540,0x07a52fffda9ec6a39499fcacb55e0c7d1807b02663a45e06814921cabf4d45ee
3307,3307,0x2902b141aB0552aF86B105AB8aD6d66483A1fcD1,hardwired,34984482,35337540,0xd85214912a1caabe0c36a18fa4f51f85f1ecc30471fa3a13eecb895fcad7636d
3309,3309,0x9c3d34751CbDeF9b72530D33Fc40Fc796CFed1b9,hardwired,34984482,35337540,0x858c6a6ed5954ed689610b08c0690bfe12baa007f1e3b413e48d699aea04fd11
3311,3311,0x5bCDf1362C6a689c5381B0a56d9f23de7BcC62E9,hardwired,34984482,35337540,0x7edc65f00903cd9e1a27f496a315e157809b26932dfe6b49a0f4f14b46bfdd22
3314,3314,0x9ef02557bB81557d5FCE437b4FE59b08C724a5D2,hardwired,34984482,35337540,0xdc9adb6e6dc5afeced3307d6f52366ef06de580b229e39711b550d6bcccccae8
3315,3315,0x71F9CCd68bf1f5F9b571f509E0765A04ca4fFad2,hardwired,34984482,35337540,0xd329b510f31ab19ea639cc3b8611dcd18929d0fdca77de8bf31bdd3a37972228
3316,3316,0x5f4cEC2cA724f555DfF99995839946ddcC976A8C,hardwired,34984482,35337540,0x26923414b98d4e1c5cba1f64f8f08d5e786a12566d1c490ba9d7d3af83b2dafd
3319,3319,0xDe93A926D8059d9d20a93B709312bF2cd8a7046c,hardwired,34984482,35337540,0x32a4252cde75c221195da57d1144d0231cf5b5665543595d448af5a828f735b0
3322,3322,0x07545d5ab6D8a7A8BD356a723E7722dEA898Daee,hardwired,34984482,35337540,0x9aac2cf685eb83b807a8a71f151d7bfd01d8cf3b217204e415b004a3a913f699
3324,3324,0xB0f840b7E0Aa17259f5036081d86F6c07d64930d,hardwired,34984482,35337540,0x6dca1f503d87e602ab2853645ba87472caa64be1c276e32315ae9c1975883042
3325,3325,0x1ff67d19f75ad2F9375db66d6d27F29BCe8b56D1,hardwired,34984482,35337540,0x572307074aaf3e1004661c41132f52adff432d9824e7bbaab1f41b370a34edde
3326,3326,0x803Ef4352FD0cA9ebbF78D50c81da36121f1e0E3,hardwired,34984482,35337540,0x4a18057f7957d13bdf14d35b1dbaf096e07eeedf56ecdf4f07c1b35554abc9f5
3329,3329,0x49b3E70dfC8B18654F5335532c17406794AC5Ddd,hardwired,34984482,35337540,0x02792f759607cf99f643d0f886e9031c51ae21f3f30079178f908c9a397b7eef
3331,3331,0x5fd373D13a8877b134F21fEC79e5719614138347,hardwired,34984482,35337540,0x6b9b4c438c52962ea8de9667f9762317a86d33d318f582e497058088c3f5c6e4
3333,3333,0xe495fBb0ec80d15946FFA1c5b059A7Bde18da928,hardwired,34984482,35337540,0x969197c251202389abb5dab7518a734d71d83b825982d9954c31f82e5c2d4ae2
3334,3334,0x16A2eA30C129CdF5aEc6179b5E689CFf9dF3B9Ed,hardwired,34984482,35337540,0x1a79397c2acd26b29d7d19dfc6c535bacb40a092a1788f7d2b7a3ab64f3dcc65
3335,3335,0xaD128B4FD496Ca73eb54B93529A0519C875125cE,hardwired,34984482,35337540,0xd58c881ffb34d9b5af921ae15bad3638a8d3b6bd37a3ea23e4bee6f6c10d4595
3338,3338,0x71F9CCd68bf1f5F9b571f509E0765A04ca4fFad2,hardwired,34984482,35337540,0xfae98feb8021f71b335e5bbdefed309960dc5773a127523090f4a56a78267026
3340,3340,0x5320bedC1980f5B56D6bDEa71a450a287493142f,hardwired,34984482,35337540,0x4f94e94aa4bcdc52ae45316a0ff54f872c4194a56cdc6d8559b8e0dfd51873ad
3342,3342,0x71F9CCd68bf1f5F9b571f509E0765A04ca4fFad2,hardwired,34984482,35337540,0xe023817406c3ad0f6cff472e919df6029865b91b9ce9d1876833d3922426cc32
3343,3343,0xde79bd3bC8B883bCBC8a76593D6ca82097802f21,hardwired,34984482,35337540,0x18a724d57e07933e2e4bedefe61d3890ec010bf602b5909e1fcb10dd52305c9c
3345,3345,0xe495fBb0ec80d15946FFA1c5b059A7Bde18da928,hardwired,34984482,35337540,0x9a74fecdc1d87f9cf4ff6bd980e9fead4ac210e45f4094ed3ab57a7ced9eb90a
3346,3346,0xDb363862E5e73a7ce226730de475C507547cD4c2,hardwired,34984482,35337540,0xd6fbfe17b035c4caa350eda6945805b7e05287dde29dd4069497bf68f7eea5b5
3347,3347,0x6A92B04612F647F048c24951673d45471C7E18c7,hardwired,34984482,35337540,0x6d5c349980ec432b9c3f704708fd040c0df52aa4f68f2177e5cc520fbb6058e6
3349,3349,0x968faEeE158B1b382bb1B0518AcD9318Ef82d73b,hardwired,34984482,35337540,0xe3657d5c51f36ff8b66feb46898d39ef6df8b6525d18b3f27726492d7131103e
3350,3350,0x71F9CCd68bf1f5F9b571f509E0765A04ca4fFad2,hardwired,34984482,35337540,0x35181d313d856994bfce4797536b48ea85823ed2c30752ee7ea9eb491287d132
3352,3352,0x71F9CCd68bf1f5F9b571f509E0765A04ca4fFad2,hardwired,34984482,35337540,0x1466ca2b5fe43ac3232f17a90dcafb431815ee352f5955c90e0eccb02d9f4f39
3353,3353,0x71F9CCd68bf1f5F9b571f509E0765A04ca4fFad2,hardwired,34984482,35337540,0x46727657c232ebd8d78cd0c224b7d5346c15a94602037d80374aefed7cf8740e
3354,3354,0xFF60c38F0343a8b8De07c9770266764c452A368F,hardwired,34984482,35337540,0x5a33a1c05da883ae58d4910ea67e4309083e13f953ae5dae0004b429f600046b
3359,3359,0xE595Ed0eee63FE6ceB3e6b6770B9D826223a3737,hardwired,34984482,35337540,0xdc718d5f563334275fa558457acfbd5d05300259293f90537d38523ce4e5b96b
3364,3364,0x9d5765595a92c560c8759d2a9c375C66123765a5,hardwired,34984482,35337540,0x3d9fc7544abf94a3afc45e32e8b0316f198d3b8f542dd80128fd1cd071dd8fd2
3365,3365,0x0fB06273b43A96c1286aa2E23FC209fDa089B12A,hardwired,34984482,35337540,0x19d603a9f3b3dee5ec52850cfd998bf63374c586f2b90dd2eebc7ccf986fe751
3366,3366,0x1136A1520d9234CA514Ad7c6a0ab2BB544dd13D3,hardwired,34984482,35337540,0x788cd24fb628528c94c7f3a60aa4e701e0a0b8cdd41db4dc2156a79288630605
3371,3371,0xb5F0452bB5358b3e2b73a8518EfED4BF647c8D1E,hardwired,34984482,35337540,0x8912de849c27b5d6d3d7abf79809ff3c3c705b6be218dd67e66a791a054f00b7
3373,3373,0x910Bd7DC68b906cBc602128D92D0929493E2803b,hardwired,34984482,35337540,0xacf408d6318b7f70cb3cecd65f9ca9f4ec91bad6cec24e2022ab2c9d7c447a1e
3374,3374,0x71F9CCd68bf1f5F9b571f509E0765A04ca4fFad2,hardwired,34984482,35337540,0xf940483d12d678e1595343da520f9e1ef648d3940bd28f915b04a195733e2e70
3375,3375,0xaDdEF58a2fe79E6AEEa53859e38841af9854f36c,hardwired,34984482,35337540,0x4ee4583e9572f9aa6527702f75bac059248922fd99962c33b2780991e751d9a6
3377,3377,0x530b7e7DF6A5B5F24ABa1373E6F245C5a72f8eD5,hardwired,34984482,35337540,0xa878b1ad4e5af4633edf27e95c9c6b9271317ee4fc183a876b5e5d80053f2258
3378,3378,0x63dB185dE4f443Bd0A64b9593E4fBF7D0F2Da1e8,hardwired,34984482,35337540,0xb2a92abdb8718d31d352a3eb7ef40e129dc05060aa7140ed5dcfc13b4ddb3b65
3379,3379,0xFc9f3d66Cb037037e3247414DcAc338f8993A629,hardwired,34984482,35337540,0xefa31628baa0069e12c0f55a4861875ac62f56095dce8974a35dcf2b0cf82a88
3380,3380,0x93ddA8BFA0F91AF4e23a5CAD662EBC13649FfF5F,hardwired,34984482,35337540,0xf73e1eeccce451716b7d15cc9ef0724c4029afd60a114af8e9fe5a30403ec512
3384,3384,0xD4b114C01B438D9Bac74cC005adB8850a9B190DE,hardwired,34984482,35337540,0x0622cabcba48cb9d382e75eda946a90fa23bf6643cfd8d26b779ed951d6195ec
3386,3386,0x71F9CCd68bf1f5F9b571f509E0765A04ca4fFad2,hardwired,34984482,35337540,0x1d2d6d79793769ecf057c3d8dd2efc0001377c354e189f81028313d1ddbcc126
3387,3387,0xaD128B4FD496Ca73eb54B93529A0519C875125cE,hardwired,34984482,35337540,0x709e6c7d3ab092d751a34fe17665dd50daf793c38a565bb1b29668d6f5517754
3390,3390,0x60f49185E47a2843C2eA0b20A880249698636d05,hardwired,34984482,35337540,0x5c980cff35a646dc9df5a5e1057003635f9a1680448134140537b4152f253d76
3393,3393,0x71F9CCd68bf1f5F9b571f509E0765A04ca4fFad2,hardwired,34984482,35337540,0x2f91ca2bb086832f749b7325ba007923069d8d93f2fd2bc8e3942dea8377b4dc
3394,3394,0xb5F0452bB5358b3e2b73a8518EfED4BF647c8D1E,hardwired,34984482,35337540,0x6c3e5eeba18be139df31490cddd3bb3e9aee1119bc581c69bf4c1d81b3b6e0a2
3395,3395,0x1910889Da1a784783cC6be709c3a3427946CAd44,hardwired,34984482,35337540,0xd9c9eed788b705c4503cfa24355c8da36ffcaac8c19dba8d787446bf4c776a4b
3397,3397,0x5320bedC1980f5B56D6bDEa71a450a287493142f,hardwired,34984482,35337540,0xd1ad1b1a857279daccd6506e377c0503b5a538332ffd4510fdac84fd4b84f7d7
3398,3398,0x7171E64E979265aeD6588577D1c6b60A701d7866,hardwired,34984482,35337540,0x055a44a1035c6897bd36048333ee86da3dec7748d845e6aa733ee791fe3fd579
3406,3406,0x93ddA8BFA0F91AF4e23a5CAD662EBC13649FfF5F,hardwired,34984482,35337540,0xcc47e3fd4d5dc5cbea7cf367c4744a66e272b07279db0f6b0a8be37ea3c98147
3409,3409,0x71F9CCd68bf1f5F9b571f509E0765A04ca4fFad2,hardwired,34984482,35337540,0x06fa3a5555ffcf235f03b34beff5f3c934281d1834f4bd7547d7634d7357a38e
3410,3410,0x5320bedC1980f5B56D6bDEa71a450a287493142f,hardwired,34984482,35337540,0xd79a5921df52d4bc4b3d9a09bc07cf8a0250ab235dd5ab7f40a84087f7804b01
3412,3412,0xFc9f3d66Cb037037e3247414DcAc338f8993A629,hardwired,34984482,35337540,0xd3dd7e0e7153f03ebd4a504ae29ccc341591cb41ca2dd3a4cd2569d1a1aa8be3
3413,3413,0x92E3e476a6a70558d3637c0A0019831f2D385cf3,hardwired,34984482,35337540,0xa5fb25f3d4a403dc1fb15bf4ef04be72a60197eb2b28830bc8df97afd2d33001
3414,3414,0x71F9CCd68bf1f5F9b571f509E0765A04ca4fFad2,hardwired,34984482,35337540,0x6bdc60ed44cfde3a7b107d86409eaf3a360a9909167278e938ea795c9d05f885
3416,3416,0x2825CDb4A71AC7942DA889f1ff72d536a8209343,hardwired,34984482,35337540,0x0c8d9721fcc4ed618d866fd2c35ea6582bb2256dea10102ad532232305a1d079
3419,3419,0xb4A22D79110Bd50342DcdC15079f966e883e7f0a,hardwired,34984482,35337540,0xb8374bb2cca0bbdfa0c17f420e7b28a244bc81f3056b774b8e17ccba5504b381
3420,3420,0xB0f840b7E0Aa17259f5036081d86F6c07d64930d,hardwired,34984482,35337540,0x47557253c21d1a46c855795884f0cd3c260ccb607e88317a95a0b259dee05f1a
3427,3427,0xeCEb30eA282cd2Ea3669794d5CB3f79799999999,hardwired,34984482,35337540,0xdeae1b07712f96ecf83ba355a497a3b7b6cd210fb8658cd611c64de9d01f1081
3431,3431,0x99999999995d964fF2b47B0f3A0675370905131E,hardwired,34984482,35337540,0x658ae862fed9e27d843721588a78494645f19217277fc9c49c25b25ee4998d09
3432,3432,0x27B97F58459F3a27b4D77E549b06CC36F773B033,hardwired,34984482,35337540,0xc4c1720734772dcf6929f8a9f936ca337f356b6ce6ff8b7c5016843f4d40ea60
3433,3433,0x03ad9259A227e44886c6b1c1833c2E79379b976a,hardwired,34984482,35337540,0x2a9e19371e5486bdfcc38f2fdf6a41c18d99b40c9029e0b46b81dc699de5bc7b
3434,3434,0x5320bedC1980f5B56D6bDEa71a450a287493142f,hardwired,34984482,35337540,0xa6917c9e1102f5d165926bfee2db3739d9994fc12bd88f9374ea85519f1470d1
3437,3437,0x9ef02557bB81557d5FCE437b4FE59b08C724a5D2,hardwired,34984482,35337540,0x017ceeab7a4505f5559146fbde657d12f442a5fb0a4b578cf381363cbdf6063c
3438,3438,0xaD128B4FD496Ca73eb54B93529A0519C875125cE,hardwired,34984482,35337540,0xfa444492d3359a179a1ec543ab04df800632b9635bce63a6b21c2cacde4b1a76
3441,3441,0xb55Df3a73E9f8bc8E41E83f387695EACDaB269D2,hardwired,34984482,35337540,0x17680a3862f4625bd5449b92edc6c4221e260db433de5636056f364b3658e86a
3443,3443,0x71F9CCd68bf1f5F9b571f509E0765A04ca4fFad2,hardwired,34984482,35337540,0x1f79072cb21a21b24375770dad1e55d950bb7b2822f498bc3dcf821e6338f158
3444,3444,0xD4b114C01B438D9Bac74cC005adB8850a9B190DE,hardwired,34984482,35337540,0xbc8a1033b27f00f88bad8e069d140db57110a07687d0a3f212fa24a2d2f65b8d
3446,3446,0xaD128B4FD496Ca73eb54B93529A0519C875125cE,hardwired,34984482,35337540,0x1527c2f37d3827dc281541784353eb39d2f373b3cf483a4ff00572a8c04373d5
3447,3447,0x226c1cf05631AB8eb374acdBeA87b25f159f72bE,hardwired,34984482,35337540,0xbf35f20505de8ad443e4dbde6f1359bbaca7bf49790fc75e88755f3770baa51d
3449,3449,0x9Fc71AdF531476BCf08FcD31e6eFF5F52c2f9Daf,hardwired,34984482,35337540,0xa89173f0fbe8d7acdeb0e4b5341f83a802d3bf3de75e21332fa84492ad1cc615
3450,3450,0xec7fb8075A8F06bE74C3a02faBb410395341B96c,hardwired,34984482,35337540,0xf714c4804582b0fbf9718e0a02bbab7e721fb773779f05c493446faed9b4011b
3451,3451,0x16F5EF133d0D15B196A778d22BF1ec56f8f37C05,hardwired,34984482,35337540,0x9f22c50113f4401614173bcabd67da4853c0b610e6ac30c80275b9031c467a63
3452,3452,0x131b857b0B78b3CF8417e7B870291cA39a38A40f,hardwired,34984482,35337540,0x76dc9df2ff3d37975eb11a57ebfd9bb492dab3ac8e3a09108ed6f8fcf6d44c46
3456,3456,0x5320bedC1980f5B56D6bDEa71a450a287493142f,hardwired,34984482,35337540,0x9b5a2f54ad9d89af6204efd1f7db645292f3df2d1f4d40538788978899c7f30c
3457,3457,0x31321ec8bb8ecF06Fa79FDB73fc69938A3e4dE31,hardwired,34984482,35337540,0x0066db3a2f75f20057ca3765c7f0670b9ef692cd5cda96a8c89b4d8d5713b92f
3458,3458,0x0fB06273b43A96c1286aa2E23FC209fDa089B12A,hardwired,34984482,35337540,0x802456e3974ba9b2dff0afa8677d8548d160a704036e7ac3ba6cd7208e5970ae
3463,3463,0x968faEeE158B1b382bb1B0518AcD9318Ef82d73b,hardwired,34984482,35337540,0x32a7f91c38d3a05d8a178ec4a4844286fa78ca39214d66cb337e23b95a2b0381
3464,3464,0x71F9CCd68bf1f5F9b571f509E0765A04ca4fFad2,hardwired,34984482,35337540,0x23c15bb9a326f0f73056b198d9fc898d553a4abd5ccd40e8b861fdbf0b2d7138
3465,3465,0x7117FFB8544CCBB0d6Ad2802dC36D8c066CF74aE,hardwired,34984482,35337540,0x2b11486a49451d3418c2c189d601ca273764d6f323ec7b161e3c773ec899077b
3467,3467,0x165B8AC3dBC3221C9fc07359AB7fF9CeFCaF0B1D,hardwired,34984482,35337540,0x627cc218eba2b3ccea2c22824c6b040df191a32a9337b90970ae5e2cbe0231f5
3468,3468,0x93ddA8BFA0F91AF4e23a5CAD662EBC13649FfF5F,hardwired,34984482,35337540,0x82ae92172226f8ce604c81b15d5540cd7ff710c4508cda0fd819058277187202
3469,3469,0x1F433b00614C8cFE54da61301C0a2457203CC6D9,hardwired,34984482,35337540,0x8aae561b4ef75ee42db263574fb1d2b036fb8190343b97e51494899d22a73814
3472,3472,0x10a508E2b7C10dC4B8105869792C8D18ef9373A9,hardwired,34984482,35337540,0x5fcd395682cc570b7e4fca10e2bdefc80536a7d73e91f54c948ba30a87f5096f
3476,3476,0x03ad9259A227e44886c6b1c1833c2E79379b976a,hardwired,34984482,35337540,0x052c628dcfb3ab64c6ec02fe0a33bb4429997ea2de63bdec72e84e5fcae212c8
3477,3477,0x968faEeE158B1b382bb1B0518AcD9318Ef82d73b,hardwired,34984482,35337540,0x3e8dd9c0c923fb59011e5d47b2cf8cbc408409a5815ab5db13aca9b55bca468a
3480,3480,0xF3Bf4cADebEe8427f6fC87F4D846F21D78Efe2Dc,hardwired,34984482,35337540,0xa294bfaee19d15c9768f2cb6af9afbfed9df6e4bff017932e37e209d78826b9d
3485,3485,0xaD128B4FD496Ca73eb54B93529A0519C875125cE,hardwired,34984482,35337540,0x8a01e63ed8445e1b8c6fd7f12436f18c3e503b19056f3fa5847b22d3a6027c8d
3490,3490,0x968faEeE158B1b382bb1B0518AcD9318Ef82d73b,hardwired,34984482,35337540,0xa0c75d35ca74b6b207c4e4860c076a47d37645512703af087daff9ce16368c83
3491,3491,0xE595Ed0eee63FE6ceB3e6b6770B9D826223a3737,hardwired,34984482,35337540,0x4c5038dfbe41977a9620c8178053f53c939c4caf4a27ac0bbcdbbcae98dca347
3494,3494,0xaD128B4FD496Ca73eb54B93529A0519C875125cE,hardwired,34984482,35337540,0x7fae5e3f6fb2916bc6caacd253ca25de838d5642784d7aa5655fd06fc98336ad
3495,3495,0xaD128B4FD496Ca73eb54B93529A0519C875125cE,hardwired,34984482,35337540,0x448e217639335a244f0f3af443da424436a7481db5dddfc8fcf28269e617f6fb
3496,3496,0xd813771D3938e7acd0175BcF938cd6bb071d72Ff,hardwired,34984482,35337540,0x8ecfe3e8a506a3510953bdfe09189031ef54d56370cfaf8c5eae62df85eeea21
3498,3498,0x942E7F82956B17C6d735D8404D24AEd30a816160,hardwired,34984482,35337540,0xaf9e877289e9b509576114fc914cd347a182cc428256b787b9d95c47c2884128
3499,3499,0x5320bedC1980f5B56D6bDEa71a450a287493142f,hardwired,34984482,35337540,0xb3309009a781633fe01a98c085409da7cfc21a1db359f8fbfb0f321e091cc93f
3501,3501,0x578a7f0798B8CB0F1ea6609fFc4C0Bf2B9125Fc0,hardwired,34984482,35337540,0xd24cef895c6f0f1fd1e858ba41ad75faa3d152dda388b5b5a7bd3fd47cc12cf5
3509,3509,0x65F8169Ef7cd5f6D0bc90D4478Bc234762f9276a,hardwired,34984482,35337540,0x02cb05d0e1fdc78faf7031b1277a221d599726db49bd14d82f7dd7796cc0dfd3
3510,3510,0x5320bedC1980f5B56D6bDEa71a450a287493142f,hardwired,34984482,35337540,0x2898d21d1c41561112116948617a01ca93af3af727fdaf3b9db1af50ba8dd224
3511,3511,0x226c1cf05631AB8eb374acdBeA87b25f159f72bE,hardwired,34984482,35337540,0x32b77ccc89da6f3fb79010b77d6d26388d4a8491e6632f8dc19ee872b0dd9b91
3512,3512,0xFF60c38F0343a8b8De07c9770266764c452A368F,hardwired,34984482,35337540,0xf1a993f10a7cb592922f08a3ffb961d2d762c685bab5e4f446a72c642e29c147
3518,3518,0xc77B5585cA3Cd4bEec6051CcA89921a2f01d9A5c,hardwired,34984482,35337540,0xbfbef6072ed541228c2df33a4bed92aaa94d535162b4087ea38be5cce6deb762
3533,3533,0x8e8f84b84102Dbe31Fd8Fcec07d8eFE8cA66e79d,hardwired,34984482,35337540,0x0cfd107eb376a26454b04d72b06d4f250096d4b3e722c2139f4eca9a36b09904
3535,3535,0x42b722fb26469B3c2D60b68d3d836be745c10517,hardwired,34984482,35337540,0x3abfb81025320255be85a95947dccaa4fd3e68f8e624464cc262fd1a70ee1d7d
3536,3536,0xf89C94f43B36719046b55E2AE60BacBfc0dB1C6a,hardwired,34984482,35337540,0xe777cecff3427696271aa78cae86fa754b05107610bf9f95490df0a88a60a9c3
3539,3539,0x42b722fb26469B3c2D60b68d3d836be745c10517,hardwired,34984482,35337540,0xdf98a3b3032cb6d9c61d8c121f7655900932e5cfd6b0a90ef1925eb80e292b32
3540,3540,0xd813771D3938e7acd0175BcF938cd6bb071d72Ff,hardwired,34984482,35337540,0x82abb97b5db35287b498e89640b473e73b23b7da4585612cd2efccf82a7896ad
3542,3542,0x5320bedC1980f5B56D6bDEa71a450a287493142f,hardwired,34984482,35337540,0x34f3018f18cde9c131371c7a43e69813ecb1d9ab292e5608bf0be4656267c26e
3545,3545,0xD2B1AC8Bd4D12FD3126263498e7BE87c49A58002,hardwired,34984482,35337540,0x691c67ad2d0a15ae82d69233c998d2c21fa144e7c77c4fdb6fc5ef1f3a18d2d8
3547,3547,0x99999999995d964fF2b47B0f3A0675370905131E,hardwired,34984482,35337540,0x0be5ee2979888b7ebbbff785defae0a496a0d45ce04ba8f8df1b578717ec1fc5
3548,3548,0xd813771D3938e7acd0175BcF938cd6bb071d72Ff,hardwired,34984482,35337540,0x6951a7f6b50630032764c9be777d8c912ebe0cc9942f57a6f5c992afd8696a4a
3549,3549,0xd271e9691007D2175CF4926c4bF52c6f8E0B86b6,hardwired,34984482,35337540,0x596a5be7e7cac1146e4b49c69c027706e32ea3eb066c835ea956e2758cd72398
3550,3550,0x5320bedC1980f5B56D6bDEa71a450a287493142f,hardwired,34984482,35337540,0xc907b81dd273b65bdcfabbd21a6d1299bf3812c59409d55ac15e9c8d86f01679
3551,3551,0x9932Ff988836f696a9b95cF6A0bEe5807369F9bc,hardwired,34984482,35337540,0xb78f86c4f7a56a193b41d8c2667e3269de1be3f22606cdf39eeadd33d91503fd
3554,3554,0x968faEeE158B1b382bb1B0518AcD9318Ef82d73b,hardwired,34984482,35337540,0x51dae69289be5d3d21bb84ae0447fd9488ad77e64f4b10260891faa180fb73b2
3556,3556,0x10a508E2b7C10dC4B8105869792C8D18ef9373A9,hardwired,34984482,35337540,0xe6a0306e954b51d5174fcc1aaf47cdc396a199bbde2dfd461093aac2efdda9ff
3557,3557,0x74e056C46dF26FBB47965E462194848fD302964a,hardwired,34984482,35337540,0x679ff1810e5bc6030aadeb487efbdd18e5e95d0e5d0bed56cf41f51575074bcc
3558,3558,0x16A2eA30C129CdF5aEc6179b5E689CFf9dF3B9Ed,hardwired,34984482,35337540,0x42fa4ec1799297d7ba8c993cdd39425106584d54107b6d86407c62afcede9c13
3563,3563,0x4aC4a33101aBB2AA21167De2b881429B915818a3,hardwired,34984482,35337540,0x91d68fd74290612e9cf245c27424a510052630836f8f6b4f7bb747b124e77f76
3566,3566,0x968faEeE158B1b382bb1B0518AcD9318Ef82d73b,hardwired,34984482,35337540,0xc5778c37f3c0f0762411fa7d32329c0ab8518d0ce995de90668a92bfaff42e08
3569,3569,0x4aC4a33101aBB2AA21167De2b881429B915818a3,hardwired,34984482,35337540,0xa99dcf9523b24fb08de79a182d127f86839e96e28e4bb664598b5449dc771c4c
3570,3570,0xE595Ed0eee63FE6ceB3e6b6770B9D826223a3737,hardwired,34984482,35337540,0x683d8f0891a1c690077a2e3089fafb5305b47dfde65b5e53fb58ffc33ff40551
3571,3571,0x71F9CCd68bf1f5F9b571f509E0765A04ca4fFad2,hardwired,34984482,35337540,0x5cbfc37a3712cd63f1c0a7f728bb9e8f90c3a1d3051707aefd3ee8507ee3edc7
3572,3572,0x530b7e7DF6A5B5F24ABa1373E6F245C5a72f8eD5,hardwired,34984482,35337540,0x92b6c2189d2d49702f9a2a025b37394cb103a49bd4ffc9d1c6612f6d89e557ef
3580,3580,0x71F9CCd68bf1f5F9b571f509E0765A04ca4fFad2,hardwired,34984482,35337540,0x13d403219a6bc675d0933c84e3dc6b2a4c210f7c303ca2e88ebea286c6d118c7
3583,3583,0x427BC604caA3b82B9101b2fe687eD0c143A53f20,hardwired,34984482,35337540,0xf840de82d8dba368146dac19b9b3ea2b58ccaa0f5d0a80ec122f1d759f1cd055
3589,3589,0x1910889Da1a784783cC6be709c3a3427946CAd44,hardwired,34984482,35337540,0x527d62d25ffcc72c149ed027c791591bbbe4d4194c712709242b14ef617797d2
3590,3590,0x968faEeE158B1b382bb1B0518AcD9318Ef82d73b,hardwired,34984482,35337540,0x8602a50785d41e69f2ca0cf646709a3ca987195501005fedfd2f556fc039b0ea
3592,3592,0x5320bedC1980f5B56D6bDEa71a450a287493142f,hardwired,34984482,35337540,0xdb8222eac6fd3732b286753798370b2b2ce342bac733e58f1b130d992446ece4
3594,3594,0xaDdEF58a2fe79E6AEEa53859e38841af9854f36c,hardwired,34984482,35337540,0x21b30e83ec5d848da457555a20a30956551382cf19ad69af2eca7aa3ad47c966
3595,3595,0x9ef02557bB81557d5FCE437b4FE59b08C724a5D2,hardwired,34984482,35337540,0xde80446de889893aa1a15e6bf1c5f78316fdfc9aaf7e72c3b312226b35b02c45
3596,3596,0xEeAec2b48DD972067e3130EC1c2E4769BC6788f3,hardwired,34984482,35337540,0xbbc7c5168b6fc41af75dbb4eb3eaa913c30ec3a2cb9a400948b17dfc0e161563
3597,3597,0x07545d5ab6D8a7A8BD356a723E7722dEA898Daee,hardwired,34984482,35337540,0x5e069920f7b83d038e80e9073e0f55d59b82cfd5a504ae046ddf84160dccb354
3599,3599,0xC16Ac46556ADf7cCD8c909C4A6678E89A08ded76,hardwired,34984482,35337540,0xb045915f9420e5d886b8a83d4304f557fedcbf370264d92ff888e1c1e0e07576
3600,3600,0x16A2eA30C129CdF5aEc6179b5E689CFf9dF3B9Ed,hardwired,34984482,35337540,0x5c72abd1784f2c26f6108aba88579ccae6102407eee4cc699d9848b38a91a280
3606,3606,0xaD128B4FD496Ca73eb54B93529A0519C875125cE,hardwired,34984482,35337540,0x225d27f3161d48edaf9b4de8d6200fa0f18b8fc335a671996981ba4fd54623de
3610,3610,0xE595Ed0eee63FE6ceB3e6b6770B9D826223a3737,hardwired,34984482,35337540,0x5aa2aaf56046fa30f5e57ba3861af6352a3cdd54b4e730196dc3506ad511603d
3611,3611,0x5cD0C3C119bd13502A4e18C8DD74a2bF7366466A,hardwired,34984482,35337540,0x7f04589bba01876a102b62058c34369f76241085af2563c31722d2e12b63a320
3613,3613,0xaD128B4FD496Ca73eb54B93529A0519C875125cE,hardwired,34984482,35337540,0x9541558eea01b4a8fe1b9ca54ea9c27b6ed67198cbe160e95e916098770bd1c7
3614,3614,0x71F9CCd68bf1f5F9b571f509E0765A04ca4fFad2,hardwired,34984482,35337540,0x3ea630652c573546a8de463b6f5b90921cad4136b2c8db821d65e66a5b227e26
3616,3616,0x8A494eD488C5BC157E0Fb2983FdFb90E2d63B691,hardwired,34984482,35337540,0x1336a33db12266469a8b056578d39c3075218a8e066981a2b195086c6f81a69f
3618,3618,0x968faEeE158B1b382bb1B0518AcD9318Ef82d73b,hardwired,34984482,35337540,0x48d6c40d2f2b3d103ca4d048154847d890dfbccc1902a1dd3480457037660dc7
3619,3619,0x4aC4a33101aBB2AA21167De2b881429B915818a3,hardwired,34984482,35337540,0xbf8c2394719a3801d52feec3f65c1e0be3bc530eb588016daee7f8f1e238de83
3621,3621,0x76036774657c7BD61f7a1bD7E0DC3229F2fE552A,hardwired,34984482,35337540,0x916029416b74a0aa971d24beef61acac8f51893aec19e8a888a5ffbd4e09f66e
3623,3623,0x58D4671fFc99Af071E1a453531124Db837B3CdCf,hardwired,34984482,35337540,0x24a6b0866af86a3db6833ba2a205e6973027c72316144f38505a87a3a50dd02b
3624,3624,0x58D4671fFc99Af071E1a453531124Db837B3CdCf,hardwired,34984482,35337540,0x26d46ace7050025fbc9f1863b9b60f3d483ff37801bd0e5bd609452bcb17d513
3628,3628,0x9ef02557bB81557d5FCE437b4FE59b08C724a5D2,hardwired,34984482,35337540,0x2c45d0932dcf2c3e65728768a65117b2a78e9477859c8e49feec92e73aff8fac
3629,3629,0x71F9CCd68bf1f5F9b571f509E0765A04ca4fFad2,hardwired,34984482,35337540,0x1f9f4f0e01b6ec9cbe876c1df182bc819e451276dcd26b1b53be75267947c99b
3630,3630,0x8A3E6d8E8D08F68D480824646707D463F27655aB,hardwired,34984482,35337540,0x52b8200802c81caba36cb27ae0a43fd4ffc540ed7da0f6106fa7947733dbba07
3631,3631,0xFF60c38F0343a8b8De07c9770266764c452A368F,hardwired,34984482,35337540,0xd7dbeb1ce18574e2c5392a2518cf3380a7b183f60d47d37b560c98afb537dcac
3632,3632,0xE595Ed0eee63FE6ceB3e6b6770B9D826223a3737,hardwired,34984482,35337540,0x2428c613293fcadf2fb22e81c47ea7c28e35649d8b4cf6e4a46121d7d073347f
3633,3633,0x16A2eA30C129CdF5aEc6179b5E689CFf9dF3B9Ed,hardwired,34984482,35337540,0xb3d2f3f5e23f89a1f84f4a4e138bd8a7e06d8cabd2a6fc8550d832c57828996a
3636,3636,0x16A2eA30C129CdF5aEc6179b5E689CFf9dF3B9Ed,hardwired,34984482,35337540,0xe76ab5725e25c619a66e56311abd8e3373020857fde53f5408900121c71bd303
3639,3639,0xDb363862E5e73a7ce226730de475C507547cD4c2,hardwired,34984482,35337540,0x8abb9f68e9380fd0b44c25f90f06628f5ffebef9e680c9a77236ee0c3ceec208
3642,3642,0x71F9CCd68bf1f5F9b571f509E0765A04ca4fFad2,hardwired,34984482,35337540,0x4f77ca35915409a630154148302ad1e05d81af7e78ffa872875b068565d9fe5c
3643,3643,0x00cbab9AD333c5e4d912703F4D8348f09759f75e,hardwired,34984482,35337540,0x88095f58030a8e993bbdb06ef33df1b49bd8613af0119d3c81aa716560fbe61e
3644,3644,0x7Fd76422DB581BA56D3ed0F545508733E933Cf11,hardwired,34984482,35337540,0x27979c0aeaaf35ddd79a61073543a32b3c44bbc04e8d010cdf99cb65ab455ae2
3650,3650,0xf99A3402B06f7C3aDB6Dc9360Fe1213DdDDDdddD,hardwired,34984482,35337540,0xb3eab56f8788456f96a71fd5ea0b574d2c70fec418683234126bdebc3ab81651
3652,3652,0xe895F4d37Da4A5e31E507B2420C3281eCBF9F3f9,hardwired,34984482,35337540,0xaf5ed0d9fb9d6a32d8e77544f31689269093fbc0a5e54714762fab6e106cb964
3653,3653,0x07545d5ab6D8a7A8BD356a723E7722dEA898Daee,hardwired,34984482,35337540,0x66f3e9043593f304d1fee08ebb6bdb3c0aeadf2b25bfc1b61db0c1a1f76eccf0
3655,3655,0x71F9CCd68bf1f5F9b571f509E0765A04ca4fFad2,hardwired,34984482,35337540,0x5df9508550fcb335f9af89676212b04c0872dc3a9fdb1c99faa6e8c5cb526ba0
3658,3658,0xb9EB251a6C80C88824dbB56473bc13189901bB99,hardwired,34984482,35337540,0x0f5f7482315a8974b6305be2dbc32d18d97c0c3aa556e0a6c7d75dc894bbdc03
3661,3661,0xc77B5585cA3Cd4bEec6051CcA89921a2f01d9A5c,hardwired,34984482,35337540,0x574b212b24d6271ddde8147754a8080f30fd56d1748df745756d62f15f53156f
3662,3662,0x4aC4a33101aBB2AA21167De2b881429B915818a3,hardwired,34984482,35337540,0xd8376583bb0e3e56db058d14e792d6f87df7520666997e7769435bb26c08df4b
3663,3663,0x93ddA8BFA0F91AF4e23a5CAD662EBC13649FfF5F,hardwired,34984482,35337540,0x0cb207f901233b38acd0f7a1ee7219c77ef14d809904b1f7a5c773e0c5619a85
3664,3664,0x0fB06273b43A96c1286aa2E23FC209fDa089B12A,hardwired,34984482,35337540,0x2a96d30240ccbae906ccdc6478e35b2999ff5c9ef92c8ad53cf41f58a1a1bdf2
3666,3666,0x968faEeE158B1b382bb1B0518AcD9318Ef82d73b,hardwired,34984482,35337540,0x14163a5f2efca1b69b29a91bc3c196bd20a57eaf8174e34dce23f907e1965e5d
3667,3667,0x56b03a53ac7F23E72Ce0a376a31440a2455D37D5,hardwired,34984482,35337540,0xf583828ff9367ad9e343583bc32c6ab4f0443991432fda4bc79c2a8224686230
3670,3670,0xd271e9691007D2175CF4926c4bF52c6f8E0B86b6,hardwired,34984482,35337540,0x1c8563952a3669908093dc29b749fd4ac18621331c3fbc580a26591dc89038d2
3671,3671,0x4aC4a33101aBB2AA21167De2b881429B915818a3,hardwired,34984482,35337540,0x1701a1350b803fff5e89519f0276cadc7899d6d50b7add41a6e12a9c2ac80ab2
3676,3676,0x9ef02557bB81557d5FCE437b4FE59b08C724a5D2,hardwired,34984482,35337540,0x4260f422d1e6fddb02354e4f42adad62339db9bbbee420a4f531d40924abd5b9
3680,3680,0x9Fc71AdF531476BCf08FcD31e6eFF5F52c2f9Daf,hardwired,34984482,35337540,0x56fd79c2b58b64df7a224d9092423a2ab75ec513f18e60367a19ac5145c52a40
3681,3681,0x8e8f84b84102Dbe31Fd8Fcec07d8eFE8cA66e79d,hardwired,34984482,35337540,0x2074259127b21686220a34147a6335c0119ad4ecd43b9f208d60baedaf6bccd5
3682,3682,0x09377BA0eB4e005561C842774B12F78991EF8C1d,hardwired,34984482,35337540,0x3193484325a3a5513c17c605ec7d1303c2336afae924166d52c5e3ef57e80512
3683,3683,0x968faEeE158B1b382bb1B0518AcD9318Ef82d73b,hardwired,34984482,35337540,0x723ed2860157bb2e87b2cb3208f06a6c3405d77c3d818a94c57cecd0695a416e
3685,3685,0x10a508E2b7C10dC4B8105869792C8D18ef9373A9,hardwired,34984482,35337540,0xb7e663a93f8efb2174e435800ec22d0f7a2c14bae8fd022c11a652976326d907
3687,3687,0xd813771D3938e7acd0175BcF938cd6bb071d72Ff,hardwired,34984482,35337540,0xeb1b4153919d30e46bc9f20bea3ed52ca244e7f0ea08e2b2eb38bd70e84ce903
3688,3688,0x9ef02557bB81557d5FCE437b4FE59b08C724a5D2,hardwired,34984482,35337540,0xe529d743189319999aadb034c3219391a192913c06edd93eeffce0d33639d9b4
3690,3690,0xaD128B4FD496Ca73eb54B93529A0519C875125cE,hardwired,34984482,35337540,0xc538a82ddb70961d235eed4d76d664dd64b591f280d38e77f3203bd7d6be8fef
3692,3692,0x626600e9f104eEA6eB45BBD3150AD72F1361a8D7,hardwired,34984482,35337540,0x905173707a9b92843a7c6d0f1ab6b58a7d4541cf5891916afb61ecafcb696f63
3698,3698,0x5320bedC1980f5B56D6bDEa71a450a287493142f,hardwired,34984482,35337540,0x99915822468e0dffdd3542a8e2b3caf02ca64e6d65844c484a2edfecc0d30b87
3699,3699,0xFF60c38F0343a8b8De07c9770266764c452A368F,hardwired,34984482,35337540,0x26499f1ea2e5d75d3e392b7e2b862f80e33ecb603a1274def1cfb4695a4d4724
3700,3700,0x1ff67d19f75ad2F9375db66d6d27F29BCe8b56D1,hardwired,34984482,35337540,0x2462c0c459cdbdbc506711c12eb9f3b96001e62f7b420ae3c3cce0c0decad016
3703,3703,0x1910889Da1a784783cC6be709c3a3427946CAd44,hardwired,34984482,35337540,0x85400b4ecd07b1ff84c5b86281119555eae50f9343b9ac9f89fb0021a35f6823
3706,3706,0xFF60c38F0343a8b8De07c9770266764c452A368F,hardwired,34984482,35337540,0x891b70d885d3a98102aa4b9718a691893ae971edb82aa5a06590a0591aa97990
3710,3710,0xEfb19323C9832248Bf08e1080AB15F6a394941Ba,hardwired,34984482,35337540,0xcf3ddaeaa888e02df0455d7aebf30b8bab68bdcc34ec1a7eb64fa105b008472f
3711,3711,0x9ef02557bB81557d5FCE437b4FE59b08C724a5D2,hardwired,34984482,35337540,0x4d227315125246704376c8a1fa0bfa15c652a11bfba5861eafc29ee52e9d1a88
3712,3712,0xaD128B4FD496Ca73eb54B93529A0519C875125cE,hardwired,34984482,35337540,0xa8d9f51cb9b438f4e1979623e938569079134413e473050a70ec6b3ee05e589e
3718,3718,0xFF60c38F0343a8b8De07c9770266764c452A368F,hardwired,34984482,35337540,0x62afc1fde4717c67a9fcfa2436899fee0ac6d55bd7d6944c8a275413612cd7d9
3721,3721,0x968faEeE158B1b382bb1B0518AcD9318Ef82d73b,hardwired,34984482,35337540,0xa5a6504bfe6441fd9bf1865cd4676547749ddf71cb30c07fcfd0821e14e48b3c
3722,3722,0x648fd29Aa020FEBAa1b36d9BB125D20eD8712d09,hardwired,34984482,35337540,0x444e4f8fdb6f954295b1815698e161f9617d9159e7f2864147276fc586a45248
3723,3723,0xaD128B4FD496Ca73eb54B93529A0519C875125cE,hardwired,34984482,35337540,0x4b5445a19c4bc4868c0c40690811176e3cf61be887ac8b6bf3421486d71e4210
3726,3726,0x942E7F82956B17C6d735D8404D24AEd30a816160,hardwired,34984482,35337540,0x1ff78e4992d68ecde5af6e9c990d3a883f842644c4c8aa2accb2b9cf59693804
3727,3727,0x71F9CCd68bf1f5F9b571f509E0765A04ca4fFad2,hardwired,34984482,35337540,0x62ee0b55fb28cb93e8bc84b6490a04679cd32b8053075974fbcd0a33f738fa78
3728,3728,0xE595Ed0eee63FE6ceB3e6b6770B9D826223a3737,hardwired,34984482,35337540,0xea9f3d2f75d9dbe3a72411db8ea052e674a784c4f3088d70f38b88fc395a1995
3729,3729,0x71F9CCd68bf1f5F9b571f509E0765A04ca4fFad2,hardwired,34984482,35337540,0x49010510b90650ec73cd692580be254c13bc6d0675911c3d909fc13c4fdaedf4
3732,3732,0x93ddA8BFA0F91AF4e23a5CAD662EBC13649FfF5F,hardwired,34984482,35337540,0xf963241a3e826a1c86a886d71e425e7051b9c146fda01de0446385acad9f12f2
3733,3733,0x10a508E2b7C10dC4B8105869792C8D18ef9373A9,hardwired,34984482,35337540,0xe701c366570b0eb94c4e2ecb3eaef6e1f053c704cd152b6780e02791c88afeda
3738,3738,0xb5F0452bB5358b3e2b73a8518EfED4BF647c8D1E,hardwired,34984482,35337540,0x239b02f4114ffa584563067b83d8ff4cf3032798695c6d239a87756b10969896
3742,3742,0x71F9CCd68bf1f5F9b571f509E0765A04ca4fFad2,hardwired,34984482,35337540,0x8a29b1f9250e6d25f9fe2f5bbc2812d37d46294410d16e2447f422a933a8782b
3743,3743,0x803Ef4352FD0cA9ebbF78D50c81da36121f1e0E3,hardwired,34984482,35337540,0xe0391dfdf53cef9a0fc75be32d68fd5a84a5951505e974f9dd42efb66f81a8ad
3747,3747,0xFF60c38F0343a8b8De07c9770266764c452A368F,hardwired,34984482,35337540,0x1b8c0058beb9e0aaf394880300d195884df9a74112afa1a69e583d5a9f023605
3749,3749,0x1F433b00614C8cFE54da61301C0a2457203CC6D9,hardwired,34984482,35337540,0x7c19c6a9b2462b711f0f7d0d55eee1cffe54a652c8739a78eaca78ce112b86e9
3750,3750,0x71F9CCd68bf1f5F9b571f509E0765A04ca4fFad2,hardwired,34984482,35337540,0xb9971c3e2189300a3051632f3e8cf97f61f99e38ff187846ca4e0974803f70e2
3752,3752,0x2825CDb4A71AC7942DA889f1ff72d536a8209343,hardwired,34984482,35337540,0xd5af0b125f5fae923ed7802bdad00023432d7241928b539b07ec9fc88b46f97a
3754,3754,0x968faEeE158B1b382bb1B0518AcD9318Ef82d73b,hardwired,34984482,35337540,0xdb90c26b7d6c6412ce5bacb9cdc5bf5bfeb13f2e901cb530c2c09de08ead39ad
3757,3757,0x16A2eA30C129CdF5aEc6179b5E689CFf9dF3B9Ed,hardwired,34984482,35337540,0xc29ecb32790d6ac87459f959e4782cf29b1a1d386a6652e94246cc43c4ff82be
3758,3758,0x0D90934796058214969880D861E0973EEbcb62f8,hardwired,34984482,35337540,0x39591a7ab720eb5f30e1ff114eabd986888bbddc1e3a4cb70a0f4293bde3eaf3
3759,3759,0xFc9f3d66Cb037037e3247414DcAc338f8993A629,hardwired,34984482,35337540,0xf89465ee66a77deef5545eb2f42baf267bd2b960c76615b52bbe298aa3047e66
3762,3762,0x6A92B04612F647F048c24951673d45471C7E18c7,hardwired,34984482,35337540,0xc4906038ff83010c89e4779508459c63c7e91979a0dad6f6b4f8cfd6a196da4a
3763,3763,0x4aC4a33101aBB2AA21167De2b881429B915818a3,hardwired,34984482,35337540,0x0f870245bf24d34b17cad3f6cf946cd740a3fcd96ee2e9605aa617da7c9ba172
3767,3767,0x93ddA8BFA0F91AF4e23a5CAD662EBC13649FfF5F,hardwired,34984482,35337540,0xfdba6b8d10c1d9c727802d3623a45de7c75485f2a00e086eeb8e1d929deef1ae
3768,3768,0x93ddA8BFA0F91AF4e23a5CAD662EBC13649FfF5F,hardwired,34984482,35337540,0x70c8d54e83092e5a8182db22abfc9d912f5230346459c332aef780c63041c7de
3769,3769,0xB9B031325c39c2209FaF51bEa23899C231FBf25e,hardwired,34984482,35337540,0x2df01198afb800c612ab306b3b849140bbae608e53d670e0ca3e1007147a6f5a
3770,3770,0xDe93A926D8059d9d20a93B709312bF2cd8a7046c,hardwired,34984482,35337540,0x2b819ecec8593f95c17ab42edb5fee9d440b1e7e0aab4e5df6fc25da39373fba
3774,3774,0x71F9CCd68bf1f5F9b571f509E0765A04ca4fFad2,hardwired,34984482,35337540,0x2ca9cc1e26f256b59c03789b8ce75ed21a82756996e84e4dff420b38b11af742
3781,3781,0xf99A3402B06f7C3aDB6Dc9360Fe1213DdDDDdddD,hardwired,34984482,35337540,0xb97442aafb96be178be9d7637aa85290f7933b773d471245ee40fd66e462de28
3782,3782,0xaaB14D6d60e6F693f7F885A1E8C1a47F46444235,hardwired,34984482,35337540,0xd3ee0b2c70971f91b034bb6bc2b6d0a10b754246c21b9925136eb80030790d13
3784,3784,0x49b3E70dfC8B18654F5335532c17406794AC5Ddd,hardwired,34984482,35337540,0xfc5ea34da7e857880342308a6f1492f173b089f7731361f79b9491ef50a138d0
3787,3787,0x18342C47E3Fc11aCeba1274EB04241f893F3989d,hardwired,34984482,35337540,0xf3292767eea643bad54680aa184e238492cfdfacecb70bdef3abbe41501d6eb7
3789,3789,0xCBA3CDe0dbe164518B45E827004089303948E7CA,hardwired,34984482,35337540,0xea9ac7ba569028a099cfe88756b7d8610cb8d35833dfd2d008c5ebeb6db70e61
3792,3792,0x71F9CCd68bf1f5F9b571f509E0765A04ca4fFad2,hardwired,34984482,35337540,0xac53df19edd2915763503b4d68ed9b3ae675ae96d423748dd1a5cb2f261830e7
3793,3793,0x71F9CCd68bf1f5F9b571f509E0765A04ca4fFad2,hardwired,34984482,35337540,0xe83ca5ae80857962154c4327fc9e5208495dc8c0db270daffe434240d5646d42
3798,3798,0x10a508E2b7C10dC4B8105869792C8D18ef9373A9,hardwired,34984482,35337540,0x190e461f56a12a4db7132e920832dde86e2d1ddeaf2d4cb464c8963c25866c15
3800,3800,0x03879dA9151Af28D8Aa88a407D29473086b03f35,hardwired,34984482,35337540,0x7ccd33d37c81b06018059ba6e11b9d64e873e3fbfe1ec9372ddad622e9507dd8
3804,3804,0x1D7C08AdC571aC4D1d11578C0b154215B68f0cb3,hardwired,34984482,35337540,0x59fafbca42f3aa693be559e75895bfd5eb9b424aa3d07d239b8c9e8f5a622a7b
3805,3805,0x7171E64E979265aeD6588577D1c6b60A701d7866,hardwired,34984482,35337540,0x37f216bca3b26deced8a3955629c3640b0f2ae99497bc2c5ae4a558de288e878
3806,3806,0x9c3d34751CbDeF9b72530D33Fc40Fc796CFed1b9,hardwired,34984482,35337540,0x40328d7155e980f0d6b1fa767231f8061332e94daf3cab6f94185100495eb8ec
3807,3807,0x9ef02557bB81557d5FCE437b4FE59b08C724a5D2,hardwired,34984482,35337540,0x4a80e51cc7a586da4b2900fb309c60ea1288cff6e46fdda1ed9866c97493f7f9
3809,3809,0x968faEeE158B1b382bb1B0518AcD9318Ef82d73b,hardwired,34984482,35337540,0x3ad84914e5abaa962daae64952ff6d72da756f5a7fd4aebcc60cbcec1e91de0b
3810,3810,0xFc9f3d66Cb037037e3247414DcAc338f8993A629,hardwired,34984482,35337540,0xeaf12cd82061a0736b1b548761b43a37a864e44ee735546e5232c2c4bfcb312f
3811,3811,0x417798bFeBe4D3bE45AD970da1D8a3789a377D4a,hardwired,34984482,35337540,0x7783ef9f5cb89b8b8ff42611960e5ce09ea2498ae0b4c24318f5adc68ce3c0c7
3816,3816,0x9ef02557bB81557d5FCE437b4FE59b08C724a5D2,hardwired,34984482,35337540,0x506860fb9e0cb7ce86c15a748614b57773281185ad66654117536c5ee104dd59
3817,3817,0x9ef02557bB81557d5FCE437b4FE59b08C724a5D2,hardwired,34984482,35337540,0x9036ef2d26491ecf85a2420e2564675fd63f6e69f414dd6e424313430357ff91
3819,3819,0xAfA9a53C81CF0FBD747A5215D3e567dc16AA0B93,hardwired,34984482,35337540,0x8867e2b227d6cb193255d109113e8fcfdeada48a9284d24b8e88e9a71f583fba
3822,3822,0x0A33BB5047489ee4fad6604F3fA5FC65E4Df378c,hardwired,34984482,35337540,0x3c13d6d507ce8b469a5037ce3f4b17f24d251f16877d47f9b6289b9160caec5a
3825,3825,0x9689B11B77D799181612227e474AF7da3F49A3e3,hardwired,34984482,35337540,0xcde2d8efba53af906379e914283fde7d02d6553207ab7fdabea74c093e049354
3826,3826,0x07545d5ab6D8a7A8BD356a723E7722dEA898Daee,hardwired,34984482,35337540,0xb010c09d66da3042ff44b506fe69c204fd20a52105cf40005b2792d5ebc03fc7
3828,3828,0x0A33BB5047489ee4fad6604F3fA5FC65E4Df378c,hardwired,34984482,35337540,0xf288cdc116e44a7b69c7d9814c898a1b266caa951843babf2de2d8cf2a078c02
3830,3830,0xaD128B4FD496Ca73eb54B93529A0519C875125cE,hardwired,34984482,35337540,0x1e607472aca118801aa82ecf8c97df6fe6b2ea710107e117cea9ce9aa1c615aa
3831,3831,0x968faEeE158B1b382bb1B0518AcD9318Ef82d73b,hardwired,34984482,35337540,0x06f50adb303c166d0cfcdfc2742d9a78bea1a848f9a5ad2177e58cbce25ac359
3833,3833,0xc606e1D27120fC4856dEF95DA5Afb1d3cFd054FB,hardwired,34984482,35337540,0x4af34fa0e75aedc2346b8cb3451391e128f294a34d639613cd035ee1192cd38f
3834,3834,0x16A2eA30C129CdF5aEc6179b5E689CFf9dF3B9Ed,hardwired,34984482,35337540,0x37526e98fac722b8234ebd95339cd8b4ba93f0291bcfb8dd075ce3a3f9e56ea9
3835,3835,0xD4b114C01B438D9Bac74cC005adB8850a9B190DE,hardwired,34984482,35337540,0xc8e38cf871392a35c89e25025b5d77fba0a80909173acdfc5443d83a522b35e9
3837,3837,0x58D4671fFc99Af071E1a453531124Db837B3CdCf,hardwired,34984482,35337540,0x9a8d055e87efb20852105886337c103b6366308d0ec343119ba2fbc2d9877f56
3838,3838,0xaD128B4FD496Ca73eb54B93529A0519C875125cE,hardwired,34984482,35337540,0xc69d1cb75dc416a29bdd5837b554b97e9e7d47590a7a8e462aa65957b36b1473
3847,3847,0x00cbab9AD333c5e4d912703F4D8348f09759f75e,hardwired,34984482,35337540,0x99eef06e20322ebe18ec8883a205082c58e9b30fa5361707b39dd17c17b744be
3850,3850,0xfc7506d541eE119a64f0d75f907D21408b71A562,hardwired,34984482,35337540,0x9435041852f0870d4388d6b109185e61429a7bc1f41a32e6f8dcbaf3aae002f8
3853,3853,0x69766b2927B793404811c84721bd0E17b2F7f7e2,hardwired,34984482,35337540,0x3276a70eb58fdadcb23ab517000a5aec6f22a490f1f906be119e2556fc2fb1b4
3861,3861,0xaD128B4FD496Ca73eb54B93529A0519C875125cE,hardwired,34984482,35337540,0x25b264354c64a17ef547a6edde2dffd6cb0195f4f16deb59ed536c481694b76f
3865,3865,0x93ddA8BFA0F91AF4e23a5CAD662EBC13649FfF5F,hardwired,34984482,35337540,0x1571b4f514a4faf4e1e6b709ffe9344a34f7a30fe13feac0eb416fc167c7d03c
3866,3866,0xaD128B4FD496Ca73eb54B93529A0519C875125cE,hardwired,34984482,35337540,0x68bac5a9dfb40171a7b7661fc9c0ca84561c7d8b6e94291bf330514494d45da7
3869,3869,0x71F9CCd68bf1f5F9b571f509E0765A04ca4fFad2,hardwired,34984482,35337540,0x1fcf111ddc9a9008a3dd3ebd107991f042bbd44bec2c8cacfe3e3bfe6a943452
3870,3870,0x71F9CCd68bf1f5F9b571f509E0765A04ca4fFad2,hardwired,34984482,35337540,0x26183fb999c11c2fcc793c42d1554a1ea48463273dfe6c2b9f15ef228d4bdd2c
3871,3871,0x578a7f0798B8CB0F1ea6609fFc4C0Bf2B9125Fc0,hardwired,34984482,35337540,0x02a0aa0f45340ceb59db4ea4d72034384e2530bb5221843c2792e74e91dd412e
3878,3878,0x13a78895e2da9f3E373463EAF943a97f4432781A,hardwired,34984482,35337540,0x504ab09c461170c7f46af9d6dce6290f99c8f69641b0a0fe05c81c06d20710de
3880,3880,0x7171E64E979265aeD6588577D1c6b60A701d7866,hardwired,34984482,35337540,0xe0367fab7111bd283a1ec4eafd2a9a22c6702c69e294c3371e5f6a820432f36b
3881,3881,0x93ddA8BFA0F91AF4e23a5CAD662EBC13649FfF5F,hardwired,34984482,35337540,0x663dbb1c227ab65bebee80e68a8ee635db0c76ab5c81483605593d43f91f5955
3882,3882,0xa64c6369C0d4c61AeeE1f8997bCfB4022F2C614b,hardwired,34984482,35337540,0xe805ff0f189857f09d5c1fe5383cdacdb591eb8943b2df048db1e73e7cf26f56
3885,3885,0x999dd3Bdb875CFa5b0817C2eCC2c0B8379999999,hardwired,34984482,35337540,0xade54260b962ce283bfdc55a086b6c96884c9ada7dbc090ebcc8a5c909093ff1
3886,3886,0xc77B5585cA3Cd4bEec6051CcA89921a2f01d9A5c,hardwired,34984482,35337540,0xf906ed6aa4a54b4aa4a6117d055e9d059aa1f7e483de9f0db37903c1cf2da061
3888,3888,0x2538372ef861fA766C9AcF8Cb735CcA3415276D2,hardwired,34984482,35337540,0xa3c3c5d5b699bce64af1456898c00b6bf0c92c98416775c8314716c5cab0107c
3889,3889,0x1910889Da1a784783cC6be709c3a3427946CAd44,hardwired,34984482,35337540,0xaaaa1d6090b0c47c0528a83a3eb866949e11a3dc6026ef54e3006e9b1d9474b1
3891,3891,0xd271e9691007D2175CF4926c4bF52c6f8E0B86b6,hardwired,34984482,35337540,0xb136d41bd09a0c1df1311ae566509dd57b8fb4ac4710409a8e98199b52ba5664
3892,3892,0xA4Fd253F9309DEC87393c92A6E305DD2D395A20a,hardwired,34984482,35337540,0xe3f014d44cb8014a7d74b86c713fd923ac1a9d980ae9d3b08019f6320847bed5
3894,3894,0xE595Ed0eee63FE6ceB3e6b6770B9D826223a3737,hardwired,34984482,35337540,0x571905a192a1e5ccce1d76bf36129144ae96ff2d984b89c3f0a79c9c1efd73e9
3896,3896,0xD4b114C01B438D9Bac74cC005adB8850a9B190DE,hardwired,34984482,35337540,0x331819f7f012403d6b68773fce5b5e5d3ac3d90f11a9340b65b89f90ddedaaa5
3897,3897,0xaD128B4FD496Ca73eb54B93529A0519C875125cE,hardwired,34984482,35337540,0xf7d0c48d8578e1c7246632309d513d05b1ac343e0374160c804d95105204bcaa
3899,3899,0xFF60c38F0343a8b8De07c9770266764c452A368F,hardwired,34984482,35337540,0xd1490c0137a6448ae54b30c68ee1dc7d0d4eb5a125805a7e686e4a2fc6a6959e
3900,3900,0x29909b9c97845D5eb998B4AA41664a46c5dc35C6,hardwired,34984482,35337540,0x414f25c89aaee9c733fa6153953236fadfd5dda17efb5321ed17ad1c8bed08f6
3906,3906,0xc77B5585cA3Cd4bEec6051CcA89921a2f01d9A5c,hardwired,34984482,35337540,0x7afb355c010e0484d6f8b025195cc6034cb75c73b5f5c9ea73d1e9473713d553
3911,3911,0xFCF76f546A0f22497Cc98Fd4B7252a3a69d6A9c8,hardwired,34984482,35337540,0xeaf2a79fe199e73cc4b5d7a78cfbbfa71635a1233350d642e7a5293818599ed6
3913,3913,0xb4A22D79110Bd50342DcdC15079f966e883e7f0a,hardwired,34984482,35337540,0x00ae08b9cb3cad8bf1f564fa0c5d3ee6b5e0b7d21adeae59c7ed8e3d8a41da40
3915,3915,0xF3Bf4cADebEe8427f6fC87F4D846F21D78Efe2Dc,hardwired,34984482,35337540,0x1600c3dcd019d5099c5a552bd88fe4bca597de05bc9da1e5a4606f24282c4d7c
3917,3917,0xCBA3CDe0dbe164518B45E827004089303948E7CA,hardwired,34984482,35337540,0x7539bdf81ceea5a9629d65fd702eec645faed49585bf6b63cd5320b22aed645f
3918,3918,0x71F9CCd68bf1f5F9b571f509E0765A04ca4fFad2,hardwired,34984482,35337540,0x158d877a0bbf00ba83e3a4722b08923810ce864330c7809f815b3017f8f6e2a1
3920,3920,0x71F9CCd68bf1f5F9b571f509E0765A04ca4fFad2,hardwired,34984482,35337540,0x7f9d5559aa8aff67ad643b3e27bdca97cdc2a8b5c99f0710804f2134cd342ff9
3921,3921,0x56b03a53ac7F23E72Ce0a376a31440a2455D37D5,hardwired,34984482,35337540,0x00a91117637895a239bb73fad55f9919c610b60cfa7f72ff0497304d38827071
3923,3923,0x6A92B04612F647F048c24951673d45471C7E18c7,hardwired,34984482,35337540,0x041e38dea07bbba2ef133f1314afcc60b78fc7b3391c60232743b8f8a2b1d467
3924,3924,0xaD128B4FD496Ca73eb54B93529A0519C875125cE,hardwired,34984482,35337540,0x21b19f4f9f95fea99b06359348185a2230e8c1d92703c54223d6ebba4c473f81
3927,3927,0x71F9CCd68bf1f5F9b571f509E0765A04ca4fFad2,hardwired,34984482,35337540,0x77466b34545feceff0d7300777337fc2c35d54c6f286d4fcac9aa7fa51eda29a
3929,3929,0x968faEeE158B1b382bb1B0518AcD9318Ef82d73b,hardwired,34984482,35337540,0x856d8107e1ec8df5c7c40cb12a7cfe7c488832d4050d969f1a6e6180cfec6e66
3931,3931,0xe28601398A5448D1147e6E8b0E0c6d686F0d216D,hardwired,34984482,35337540,0x505d93b75e2408be07f663a1c42958e46782a3b59aadc4d67ee1c3b8bcd36a03
3936,3936,0xa8a681110D5dd2D57d186BF23a400Cea6a05558E,hardwired,34984482,35337540,0xfd434c7d6469b906cda894dc2ef9f87837f9049789f52ce482796bb55ef0bf93
3937,3937,0x7AFBcB572e7b0E67879EE3cCCef8Ec012dFD6856,hardwired,34984482,35337540,0x07da90d8e7656185dc81f3d5eaa1190be9b48d2e4a53cbc56e2ae3cbdd70be7b
3938,3938,0x03879dA9151Af28D8Aa88a407D29473086b03f35,hardwired,34984482,35337540,0x696f6372b0331fa58b7ebb24e7928cafd2108a0969f4124f8b2c6d7b558eeefa
3939,3939,0x71F9CCd68bf1f5F9b571f509E0765A04ca4fFad2,hardwired,34984482,35337540,0x3d12e2100c9566e396272d5e5e477bee5fb4cb5833696f27aa27cc1c45f3b3d1
3940,3940,0xB92a9F4a71FE2c5baD859e68e4d9c2E1625bB353,hardwired,34984482,35337540,0x1a96a20cc33ac03fd769cb802e3a418b60d7b069e36cefdabb6c0b0e6599bb6a
3941,3941,0xE595Ed0eee63FE6ceB3e6b6770B9D826223a3737,hardwired,34984482,35337540,0x81e88b78ab7ea852782a891eead47f59c21808f9e086c6f26b9165f7a82b1125
3942,3942,0xBCBE9894e6677667B82c283b454820cC75D337df,hardwired,34984482,35337540,0xca681bdd1cd1a96e14eb7b8ea1b9dc341c2782ec7750a53ec8d60784cf8cb8e9
3943,3943,0x99999999995d964fF2b47B0f3A0675370905131E,hardwired,34984482,35337540,0x5fe17ad949001cc4229f04e36acbeadb8f2e3a49e3729d0055c9d538b1293273
3944,3944,0xEfb19323C9832248Bf08e1080AB15F6a394941Ba,hardwired,34984482,35337540,0x89256b7e10d4e988df68b04dffb0847fa8a9d5077477d45ab3b14786a7f12b9b
3945,3945,0x16A2eA30C129CdF5aEc6179b5E689CFf9dF3B9Ed,hardwired,34984482,35337540,0xcf94154220f2a582fc019c0d79ab61c1818004a12f1040db1e06101029872cef
3947,3947,0x2538372ef861fA766C9AcF8Cb735CcA3415276D2,hardwired,34984482,35337540,0x09ece9ae8325fb06f0cb784a7688d21543e7abb693de54b949e2a84601f8d971
3949,3949,0x71F9CCd68bf1f5F9b571f509E0765A04ca4fFad2,hardwired,34984482,35337540,0x6d9198f1c2023ff1e70eba7539200cc5db6562ed9fc52ef6d9baaef1388b10db
3950,3950,0x9785234D75b7a7C3d8EE8026f1AcF67fAC14f1e6,hardwired,34984482,35337540,0xdc96c2e8bf8c075a2e561050d356c75edde542a26bd91c83231fbb070c58764c
3953,3953,0x6b06FD0181285Dd1BD4b3cfacE9E4a6685DE0C1a,hardwired,34984482,35337540,0xec81f410d86a0fa32c9c9ae0bbfe3449ce16c86e4e0d4518e9509a76ee6c5d00
3954,3954,0x6eb312fd9c652bf9D77345941446b177805F03cc,hardwired,34984482,35337540,0x34135d4e408e1bc53f7a12ab35ec32e349ea5f1c15011af22015d62cee69cc07
3956,3956,0xFF60c38F0343a8b8De07c9770266764c452A368F,hardwired,34984482,35337540,0x5c62070502a7860c994738dbfd90d333095ac592ba848c84b2dc929a1be96b8e
3958,3958,0x18342C47E3Fc11aCeba1274EB04241f893F3989d,hardwired,34984482,35337540,0x03a94e9fe85b3089f6c54dad61ac2a9e1c55501ca3cf5bbb3b749c5b3cf19bbf
3959,3959,0x9ef02557bB81557d5FCE437b4FE59b08C724a5D2,hardwired,34984482,35337540,0x3182862eeb7f12ff87568d2dc8f6f4582b2c7e3ca6929354b7cfff8321bf2c09
3960,3960,0xf99A3402B06f7C3aDB6Dc9360Fe1213DdDDDdddD,hardwired,34984482,35337540,0x877837d91f01309d8e77890af9e3a713ffc3e33543acca8368c607412b91688f
3963,3963,0x18342C47E3Fc11aCeba1274EB04241f893F3989d,hardwired,34984482,35337540,0xd65eee83db9d2556a42ef9ab2b39ef02db2ff71b1b0579545af18d0036a1d46e
3964,3964,0x968faEeE158B1b382bb1B0518AcD9318Ef82d73b,hardwired,34984482,35337540,0xa4a516b9c104b96281e155580071c6fd9a65f3850fa52180d0374bb9a655f4c2
3970,3970,0x58D4671fFc99Af071E1a453531124Db837B3CdCf,hardwired,34984482,35337540,0x9becbf31d0016b63567e44a1f6663ec2434e6334affc2e790faae6e24a8c86df
3971,3971,0x93ddA8BFA0F91AF4e23a5CAD662EBC13649FfF5F,hardwired,34984482,35337540,0x675bdce6b1ca88b31099cee142e4f2f832bc34d807be7352834a536f3b6eb706
3972,3972,0xaDdEF58a2fe79E6AEEa53859e38841af9854f36c,hardwired,34984482,35337540,0xf0ced181bfcf5538278186ddd5cd044b080e25d8d9e42be22d50976b2c1ac6d6
3975,3975,0xc77B5585cA3Cd4bEec6051CcA89921a2f01d9A5c,hardwired,34984482,35337540,0x9a01682fabd61fef606bf058352f9a92a9e7b126252095794a4d91e41ba66283
3976,3976,0xaD128B4FD496Ca73eb54B93529A0519C875125cE,hardwired,34984482,35337540,0x84f021858948b02059f62ad7caa6342d71d573d65cdeec254951d3ed45f80bf8
3979,3979,0x71F9CCd68bf1f5F9b571f509E0765A04ca4fFad2,hardwired,34984482,35337540,0x6b3b6ae0d5c3da41190bc48844da079d3a2c4ae0471835fe0abb386eda1d0ee1
3983,3983,0x58b984535e1c42E18Ceb4C320358350269f27D5b,hardwired,34984482,35337540,0xd3b2f52d4432226bdb3086f6352a9aa3242f3de973ef6721cf515b389f239d3f
3984,3984,0x8A3E6d8E8D08F68D480824646707D463F27655aB,hardwired,34984482,35337540,0x6108327ec654f1058fbfaf2124d16bca1246e93e5c535e0b6517d69c3809fc15
3986,3986,0x71F9CCd68bf1f5F9b571f509E0765A04ca4fFad2,hardwired,34984482,35337540,0x2ac6b8a35124e0e03268e92477d95ee3ba32c1cdb30fe12c058ffbab3f03e64f
3989,3989,0x16A2eA30C129CdF5aEc6179b5E689CFf9dF3B9Ed,hardwired,34984482,35337540,0xe9aaa6284d1f07d355cba613dc55a27dce3b9266fc9464154f4623e046699ff5
3991,3991,0x58D4671fFc99Af071E1a453531124Db837B3CdCf,hardwired,34984482,35337540,0x3fed68c4e3a18e5da195a825be9390f82f0975626f8385261b68e321282fbd9d
3992,3992,0xFF60c38F0343a8b8De07c9770266764c452A368F,hardwired,34984482,35337540,0x7660382fa104a69cb0f7cad337dbc1a2244c910969f3c27501edcd2a0a9e6585
3995,3995,0x71F9CCd68bf1f5F9b571f509E0765A04ca4fFad2,hardwired,34984482,35337540,0x359d3bc8509218985722d447e98b74a071b448f03018e7d9b7d76b404d80b4dd
3997,3997,0xaDdEF58a2fe79E6AEEa53859e38841af9854f36c,hardwired,34984482,35337540,0x39d46050773f5ee5c584d21887e180a5dbd7228c64d3c7118b23ac7c8f0c6944
3998,3998,0x968faEeE158B1b382bb1B0518AcD9318Ef82d73b,hardwired,34984482,35337540,0x314239b94c5a279add5527a26785d954075fe3f3330640c912c0edd50c376233
4000,4000,0x8e8f84b84102Dbe31Fd8Fcec07d8eFE8cA66e79d,hardwired,34984482,35337540,0x3c7e7d6d7b3e2d91aeb5a49cc4f951f16a93dcee1d7ca6d4e1c8f556832d5134
4004,4004,0xaD128B4FD496Ca73eb54B93529A0519C875125cE,hardwired,34984482,35337540,0x9bf42dc18c77bfd34b7e99f8aaba4a05646ce808976fb02a16bc5a1b3ccfdc71
4006,4006,0xaD128B4FD496Ca73eb54B93529A0519C875125cE,hardwired,34984482,35337540,0xc93f7a00047ebb63880d6b81ef9e9ade07a553b370e8ad86acda1d7b3bde5036
4008,4008,0x5A17fB43794212F5Fac2298747c8757b8Dd94A17,hardwired,34984482,35337540,0x0466e14c4352fdb741db9010ed96b57cd11f022faccda265ff94e327d1fa0871
4009,4009,0xf1053245ae98F2C1836a91062F7Ed4e877FB15f8,hardwired,34984482,35337540,0x881df0777d039058c28dac6d40e555e6904e776289faa625ed7ad7f1d0818710
4010,4010,0x9ef02557bB81557d5FCE437b4FE59b08C724a5D2,hardwired,34984482,35337540,0x2b17ed5976e5234158405387b8deede26abf43678321e0af52b8c052a332f057
4011,4011,0x942E7F82956B17C6d735D8404D24AEd30a816160,hardwired,34984482,35337540,0x4e8ccf55389d3cb2caac73f1e8e3258b91649ba374673d10831b3388b67c8229
4012,4012,0x71F9CCd68bf1f5F9b571f509E0765A04ca4fFad2,hardwired,34984482,35337540,0xf54137de604bec63987f48f7edfd08b52782cb684400cf6717466a8ecf75c6fd
4013,4013,0x71F9CCd68bf1f5F9b571f509E0765A04ca4fFad2,hardwired,34984482,35337540,0xdb4b98a41fa765c961d28482028cb2005b0d035acb060e14cfb762db5db37bd1
4014,4014,0x00cbab9AD333c5e4d912703F4D8348f09759f75e,hardwired,34984482,35337540,0xc4d0cae7bfd33b9cf1c2bd30d66783882f20a4b40de373afa2a17fc03c86c849
4015,4015,0x71F9CCd68bf1f5F9b571f509E0765A04ca4fFad2,hardwired,34984482,35337540,0x25f1dd72dba087d7eabc69f63df99ce455747b3961b12d4cd4162d4bc8b72479
4016,4016,0x968faEeE158B1b382bb1B0518AcD9318Ef82d73b,hardwired,34984482,35337540,0xf23e9d51d65ee8cc7f4269e2e8fffc29a568e99cf5f3fb32c088c16e95648f40
4017,4017,0x968faEeE158B1b382bb1B0518AcD9318Ef82d73b,hardwired,34984482,35337540,0x5de7064d94fb32d6056834a60ac32b1f99be79418210cf1d3cbad8c9ab7213b4
4019,4019,0xD2B1AC8Bd4D12FD3126263498e7BE87c49A58002,hardwired,34984482,35337540,0x4dd3f1d240607b43e593b1b2fc6da378f5222e81c53b07408bf93ea3502884bc
4020,4020,0x417798bFeBe4D3bE45AD970da1D8a3789a377D4a,hardwired,34984482,35337540,0x9d6e52c7a144429f31dec6eb304e7b2f2054d005b1536c2f495513123e5df0c2
4023,4023,0xAfA9a53C81CF0FBD747A5215D3e567dc16AA0B93,hardwired,34984482,35337540,0xb7f2c28a3f43fd4ee536623bbf99e0286435dfbfa419928b02f2cce5d5fd8e23
4027,4027,0x968faEeE158B1b382bb1B0518AcD9318Ef82d73b,hardwired,34984482,35337540,0x17fb84467c1040c4f566b0e8a47fa52ef661e38bd1031b9b14dbc197be2f9097
4028,4028,0x16A2eA30C129CdF5aEc6179b5E689CFf9dF3B9Ed,hardwired,34984482,35337540,0x2b7b988ec5c2f2ae2e4aa0d8557db212f813006cc925700faa296a9d2aa8bc5e
4029,4029,0x65F8169Ef7cd5f6D0bc90D4478Bc234762f9276a,hardwired,34984482,35337540,0x817cf8edfeb1df7818aba26e7714c1afbf0d4395e26c85e317990c0a669f4cfc
4030,4030,0x968faEeE158B1b382bb1B0518AcD9318Ef82d73b,hardwired,34984482,35337540,0x92ba73622f49c70f0438e5ca0f830d348320b6b669f0bf8fac2e98abbf0e8fbf
4035,4035,0xE595Ed0eee63FE6ceB3e6b6770B9D826223a3737,hardwired,34984482,35337540,0xb001c8f0866dd072246dceb7c2479f91db2c880491833b52104dfc360b2967ca
4037,4037,0x9ef02557bB81557d5FCE437b4FE59b08C724a5D2,hardwired,34984482,35337540,0xeed72a07b89e1e3be7e75521169ecd64ceee80bcc097abff0081bf0bbe3b1589
4039,4039,0x71F9CCd68bf1f5F9b571f509E0765A04ca4fFad2,hardwired,34984482,35337540,0xe607973ada32e52b8cb95ec0bbe0508d32e08f84ee628cb824cd3fcbebab1575
4041,4041,0xdB0b65fDc39Fc0bC0AEb014CD1fe5e52699f457E,hardwired,34984482,35337540,0x73a7c969abe4f842a3e03a8809bbc39c4424f65e752f6964e5f9c912e3b8341d
4047,4047,0xEac0fbBA47ea4D3ffF69019527092568492f2450,hardwired,34984482,35337540,0x78b655cd46c6b3ae53d5a26b0b08962ce8f3a0532d02e1d93683da945116a6e6
4049,4049,0x07545d5ab6D8a7A8BD356a723E7722dEA898Daee,hardwired,34984482,35337540,0x051df1e8ba554782f82984af3e2ed9437ccc1b24ee4d7ec69aa28685a3b0383a
4050,4050,0x71F9CCd68bf1f5F9b571f509E0765A04ca4fFad2,hardwired,34984482,35337540,0xf90d5a64d01e288ccc1482c12fd79e45c6bba356f1581057908678b7bfe07ae2
4051,4051,0x4aC4a33101aBB2AA21167De2b881429B915818a3,hardwired,34984482,35337540,0x7f30647705e3e62bd4f3bbdcadd7378ad0318093c2b5507602e04d3b5be116d4
4055,4055,0x9c3d34751CbDeF9b72530D33Fc40Fc796CFed1b9,hardwired,34984482,35337540,0x4f604f57c9a3a91942b82089d8c521abb5168e15db2978cc417038190e40d079
4058,4058,0x16A2eA30C129CdF5aEc6179b5E689CFf9dF3B9Ed,hardwired,34984482,35337540,0x73e80e7ab3db197f16924bb2d2b4ee6462f51fa405727dd5486d0461ca7fb7f4
4059,4059,0xE595Ed0eee63FE6ceB3e6b6770B9D826223a3737,hardwired,34984482,35337540,0x714c50958570c075cdcadaca76354fba4a7af092f0f0be4b46c83160e81f6e59
4060,4060,0xE595Ed0eee63FE6ceB3e6b6770B9D826223a3737,hardwired,34984482,35337540,0xf7cda22d81c95aec9015d28841a1fd00aedfa534a887dd584816a38d16a640e2
4063,4063,0x71F9CCd68bf1f5F9b571f509E0765A04ca4fFad2,hardwired,34984482,35337540,0xb4564ec28ca68738d9daba6dfc7a6747ec046814e4c4a233a357f372ba1650e4
4065,4065,0x71F9CCd68bf1f5F9b571f509E0765A04ca4fFad2,hardwired,34984482,35337540,0x466fdf72d8584d5cdcdedc9fe74b009dc044dfc17d552aa3fe81acd69f8eb5ab
4069,4069,0x0D90934796058214969880D861E0973EEbcb62f8,hardwired,34984482,35337540,0x864b23f69f142065146d14b838a14d022bd9c44f391b10f3f818143c536829d5
4070,4070,0xFF60c38F0343a8b8De07c9770266764c452A368F,hardwired,34984482,35337540,0xc0cd157dcadd099c951a20a236b25d395e07dbe927769ec31c3cfc8c27ce2c8b
4071,4071,0xEfb19323C9832248Bf08e1080AB15F6a394941Ba,hardwired,34984482,35337540,0xd9c2f61a3104ead1c45291b9ce990e7143e380ab6dc762eb8ef7c0222fc40294
4073,4073,0xe895F4d37Da4A5e31E507B2420C3281eCBF9F3f9,hardwired,34984482,35337540,0xc03d7d517df63ad7de0c061cf701dce675cb0e0900f261ba3bc2a694916f9efb
4074,4074,0xEfb19323C9832248Bf08e1080AB15F6a394941Ba,hardwired,34984482,35337540,0xe6fd2078a47b38ec77743fc6c913d94f906bae616e1e0bc51a95630c346be9a9
4077,4077,0x9ef02557bB81557d5FCE437b4FE59b08C724a5D2,hardwired,34984482,35337540,0x9b66e01cc74f27cf724b32c90c9ea763a416aa03d8403c2849c015453209c7d5
4078,4078,0x03FDef14113fFCe886A4B61FA08A0C747E87aA96,hardwired,34984482,35337540,0xa63e1400cd078bbef211b6f21d03ca1f2a67ee49a73189a6c5e6e5de1e02f9ce
4080,4080,0x2825CDb4A71AC7942DA889f1ff72d536a8209343,hardwired,34984482,35337540,0xf44185b7ed3c6be0ad2ecd5036bba42567cd3745d428bc01ccecb3bf6f2e14b5
4082,4082,0x71F9CCd68bf1f5F9b571f509E0765A04ca4fFad2,hardwired,34984482,35337540,0x01b94850aa17d52cc0b5b30797aa968e00b6f0e6931476088692282941e5251d
4084,4084,0xaD128B4FD496Ca73eb54B93529A0519C875125cE,hardwired,34984482,35337540,0xf7484ce815613467c2615fc9a3b66d6749c0205da0c78fbfb791bc2fdf738af5
4086,4086,0x88d0e9fd5058114bE1Df181271FC979Beb66DceC,hardwired,34984482,35337540,0xf630de47b75d0394bd088eb6e1d52abd5a310fcdc7765487ed8e1bfd1f901b06
4088,4088,0xb4A22D79110Bd50342DcdC15079f966e883e7f0a,hardwired,34984482,35337540,0x82e2360f9334d39e9153bce45ce34f718a214f24b43659a68c99dbcf43c90b66
4089,4089,0xFF60c38F0343a8b8De07c9770266764c452A368F,hardwired,34984482,35337540,0x1cf9c1b97eb724691d27a56626c742bf8fc554ea52abf1275c569446710171d2
4092,4092,0x49b3E70dfC8B18654F5335532c17406794AC5Ddd,hardwired,34984482,35337540,0x3d09db86bc297487f1991e42f579c6dcfe2a0f8d20387813bf89a932bc3283f0
4098,4098,0xeCEb30eA282cd2Ea3669794d5CB3f79799999999,hardwired,34984482,35337540,0xc6554de2f70d3bdf8d4880ea0f524cb20807f26472b175a1c17c0fd3e9031061
4101,4101,0x0fB06273b43A96c1286aa2E23FC209fDa089B12A,hardwired,34984482,35337540,0xada70e16dc4ab9e49345ec65b1d09dd3fe87dc1ca83e39f3976ec01b23b00248
4102,4102,0x1F433b00614C8cFE54da61301C0a2457203CC6D9,hardwired,34984482,35337540,0x7b9adccbe9e24e2443ec34bdfafdb1060204e68670f9f42a35fa42698b2ff076
4103,4103,0x2825CDb4A71AC7942DA889f1ff72d536a8209343,hardwired,34984482,35337540,0x40d11ab512811f1d17760c687e0baf5f8e81f0a908e1895f5b5932b1fe88134b
4104,4104,0x71F9CCd68bf1f5F9b571f509E0765A04ca4fFad2,hardwired,34984482,35337540,0x64d451e052371aca87acdf591a7740f75f416623318f476273054cd90387af55
4105,4105,0x1f00b89f92990B8b3a1708A59e11397Dc5aF0364,hardwired,34984482,35337540,0xdb604d8a5c06fbb9c992b7e23adf8879dcd81f619c40d9f7732c97120e0d61c4
4107,4107,0xaD128B4FD496Ca73eb54B93529A0519C875125cE,hardwired,34984482,35337540,0x198ce646afa0a224029497bfea280641f2d3c04893ac29f69ad32a894e6ab70d
4108,4108,0x131b857b0B78b3CF8417e7B870291cA39a38A40f,hardwired,34984482,35337540,0x649bec68bb447109db32608621ce0d2af277d4ee5264a5b469194820a419879f
4110,4110,0xF3Bf4cADebEe8427f6fC87F4D846F21D78Efe2Dc,hardwired,34984482,35337540,0xbfcc662fc1764106a962132d2f4c65dde4eca18a05f1e08e75ad82a41c3cf9ff
4111,4111,0x71F9CCd68bf1f5F9b571f509E0765A04ca4fFad2,hardwired,34984482,35337540,0x4ee71a10222fd1ff31e4cfde9516ce8ef82e3c7eb18a213f06e9b40f66a8eeb6
4113,4113,0xFF60c38F0343a8b8De07c9770266764c452A368F,hardwired,34984482,35337540,0xf0e5195d7541e23cb8f304dec02b4858a6c30dc6f662693dce84df1929ed84e6
4117,4117,0xbDc15474d336A82113E0eB41eE572092298D3bE0,hardwired,34984482,35337540,0x8a3d87f176b05924c447a176f796455caa6a03bd27a46b1be2579d1c313279ef
4120,4120,0xd271e9691007D2175CF4926c4bF52c6f8E0B86b6,hardwired,34984482,35337540,0x7e2115117539240e5a42b0d035c04df00e1f6a56f3ebe0fc2c8d2ad45b20f935
4122,4122,0x93ddA8BFA0F91AF4e23a5CAD662EBC13649FfF5F,hardwired,34984482,35337540,0xefcce4fd1ce25a2d432cf3188a5ad229e1cc0668b37193b67e6a237a79c19783
4123,4123,0xE595Ed0eee63FE6ceB3e6b6770B9D826223a3737,hardwired,34984482,35337540,0xc25dbe44a475637d390537bc80a1bfd63cf3005bc039c06b555d0ff341500814
4125,4125,0x50757C4FB5743fdf2F3e9574D90399Dd33bd2EF7,hardwired,34984482,35337540,0xe04cf4a8cebc40b4f0e5e51b75663b83472d0d823cea77935d1dcfc14b5f8df7
4134,4134,0x0fB06273b43A96c1286aa2E23FC209fDa089B12A,hardwired,34984482,35337540,0xc132248e7e1e5a8166d09339e9ebb1ff67f1b51320c6fe0fe68dafe19fde394d
4142,4142,0x942E7F82956B17C6d735D8404D24AEd30a816160,hardwired,34984482,35337540,0x94dc7c64a8d84d4e897b63633191c5a1b19574c613538b81b573951477b296ad
4143,4143,0x0D90934796058214969880D861E0973EEbcb62f8,hardwired,34984482,35337540,0xda7e7468da19932f044161e286c10c4c23723d032cc53153062e5fa341e5e9ab
4145,4145,0xaD128B4FD496Ca73eb54B93529A0519C875125cE,hardwired,34984482,35337540,0xfdc2584f027a0d42d949d0ec2a05109a63d9abbf31c51b25c60ea39de1f49002
4147,4147,0x71F9CCd68bf1f5F9b571f509E0765A04ca4fFad2,hardwired,34984482,35337540,0x85fcd27bbfdfbeffa48e8e4597ee03e4c58df25b88388acbaa9e159380682289
4150,4150,0x2825CDb4A71AC7942DA889f1ff72d536a8209343,hardwired,34984482,35337540,0x4268d6a66715e92d536ec7f5bd4e7b8162395ed06a8e995a7cf131b371c8461e
4157,4157,0x0fB06273b43A96c1286aa2E23FC209fDa089B12A,hardwired,34984482,35337540,0xd92990008674182eab57dc95b52a77bbefb36fdb872f863968f4a96126748f05
4159,4159,0xE595Ed0eee63FE6ceB3e6b6770B9D826223a3737,hardwired,34984482,35337540,0xecdd0e36109a37a70b625f60c5405df653d2d95b74a3b39adbae0d290d161ef6
4160,4160,0x968faEeE158B1b382bb1B0518AcD9318Ef82d73b,hardwired,34984482,35337540,0xe7c87071528de73fd0ab4cb421694849748cdb25602e89c052687217bedfa51d
4162,4162,0xe28601398A5448D1147e6E8b0E0c6d686F0d216D,hardwired,34984482,35337540,0x21a6784773a709963da51e41362e64313d413961d473c2208bfd01733e6f2768
4163,4163,0x5320bedC1980f5B56D6bDEa71a450a287493142f,hardwired,34984482,35337540,0x2d220f5151b8f52507f94d939aec158ae314e8082e86ec2b53f88e1d5ca6b4a5
4164,4164,0x968faEeE158B1b382bb1B0518AcD9318Ef82d73b,hardwired,34984482,35337540,0xadba5637fd72e852eec92bbaadecc8613a4ec8c595d2ca097332789e57658e23
4165,4165,0x1910889Da1a784783cC6be709c3a3427946CAd44,hardwired,34984482,35337540,0xac82632fee7c1d0c51fe42e614caf7ab56b0063fe7fec11e92dea48343ffc812
4166,4166,0x27AB2E4666aE2949ce78953772939f81b695cc8e,hardwired,34984482,35337540,0xd7b30cca33ac5ffa6fc5ccb9a8a671d3050552809c878073c7fa728600fcfa2e
4169,4169,0x71F9CCd68bf1f5F9b571f509E0765A04ca4fFad2,hardwired,34984482,35337540,0x20768e8d473aa9936203d60890dfb8a8db4ee4b13e2eeb5afebcde225b3b143d
4172,4172,0xeCEb30eA282cd2Ea3669794d5CB3f79799999999,hardwired,34984482,35337540,0xa5caef607def4a0895cdc162ca0ecec528d548623a8854056dcdc26cb3ab0024
4173,4173,0x0A33BB5047489ee4fad6604F3fA5FC65E4Df378c,hardwired,34984482,35337540,0xd8095240f74c2ff1b12680ef570f5c9d910b1a154d32571df41cc82883c43ff9
4174,4174,0x71F9CCd68bf1f5F9b571f509E0765A04ca4fFad2,hardwired,34984482,35337540,0xd1d75cda7c7f2b31c90c386e45fadaee5a576f4ec110a5168500a753f19faaa5
4176,4176,0x18342C47E3Fc11aCeba1274EB04241f893F3989d,hardwired,34984482,35337540,0x7caa3a8a01641ff4b8e522127b786c2bee9db542a225a1314e59e4b489629591
4178,4178,0x10a508E2b7C10dC4B8105869792C8D18ef9373A9,hardwired,34984482,35337540,0x307c29f916f86543d596b1eb12cab5718b782f7778750fb6fc67444e4bb16c13
4179,4179,0x60f49185E47a2843C2eA0b20A880249698636d05,hardwired,34984482,35337540,0xb096efd20680ad6e6a01f34dfcf07d2d5e9f3ee3528dfb1b0b1fda6496502a9b
4184,4184,0xeCEb30eA282cd2Ea3669794d5CB3f79799999999,hardwired,34984482,35337540,0xf3c27f1f1a43e6a524ea91929c7265baf6a454300ad06f4389261341884a5968
4185,4185,0x80C7a20a2B57B0232C300De1E3eF9bF419fb8e00,hardwired,34984482,35337540,0x455cc48fdd0702cab95b95ca4c1b862224bca01083f530bc2fcc2f61e3ee070a
4190,4190,0x9ef02557bB81557d5FCE437b4FE59b08C724a5D2,hardwired,34984482,35337540,0x4e76c4cb7afb3e025f1c52e621a8b7dd7c229c6491f526a724d247b05d628538
4191,4191,0x968faEeE158B1b382bb1B0518AcD9318Ef82d73b,hardwired,34984482,35337540,0xc00a87aee0ce3a6a39c38aee704fa542f2f70f35f99b57fa30a83537bd4a19f9
4192,4192,0x968faEeE158B1b382bb1B0518AcD9318Ef82d73b,hardwired,34984482,35337540,0x17d5fccfbc565c01860b563af180f607fa45b095219b8039e79178fab5b4365d
4194,4194,0xDe93A926D8059d9d20a93B709312bF2cd8a7046c,hardwired,34984482,35337540,0x2d6f9bce4daa5c9adad9371b56adbebcfdd9e7c01bb518b275eaa5e0750c1f2c
4196,4196,0x71F9CCd68bf1f5F9b571f509E0765A04ca4fFad2,hardwired,34984482,35337540,0xbe26d97c3fd900fbae1ac36833ae330a33ed18ca44b2f17a58ecc08f218d8fa9
4197,4197,0xB92a9F4a71FE2c5baD859e68e4d9c2E1625bB353,hardwired,34984482,35337540,0xab8314c457da078a309047f03a4bf6e10536f48cc2cde4abb6103e37ddd03892
4199,4199,0x93ddA8BFA0F91AF4e23a5CAD662EBC13649FfF5F,hardwired,34984482,35337540,0xbf5b7f1b6ed8eae90537d376d078c4a17092df646f75e0a07f654a6c15cb11e4
4201,4201,0x71F9CCd68bf1f5F9b571f509E0765A04ca4fFad2,hardwired,34984482,35337540,0xef1d3ff362bb5a66453a55ecf0971a6ad16f4e26a752b320fe5fbff8815db96c
4202,4202,0xA263B9FA31820028e986830506712f8016c016F9,hardwired,34984482,35337540,0x7601b8b2d13fd4d7373d8c5a1d55c779e93eae34083e61cd586c44d9d3fd96cf
4204,4204,0x0A33BB5047489ee4fad6604F3fA5FC65E4Df378c,hardwired,34984482,35337540,0x968e5d8628908bf9de73f14bd86cbbbccc0077596605d9704b8c1c0b0e0a9bc6
4208,4208,0x4aC4a33101aBB2AA21167De2b881429B915818a3,hardwired,34984482,35337540,0xc4778ebbd3d3461f100881f031ae3937e779f679c253cb88cc8e2eaf6fc3f13f
4209,4209,0x03FDef14113fFCe886A4B61FA08A0C747E87aA96,hardwired,34984482,35337540,0x16b13010e97c4945db89ebd84a237ebdb9c2c06e7aa3a0e0d36df1ed8b17549d
4211,4211,0x18342C47E3Fc11aCeba1274EB04241f893F3989d,hardwired,34984482,35337540,0xed956333ce074983d93dcbcb0df10f5b43eccf486d984239fc8563dc17ccfed7
4212,4212,0x52653f7a14903Be0d00CD3225fd3Ace2295c3ebC,hardwired,34984482,35337540,0x805886f06d29787eba1af5d1db36fcc32b9f1308cdc4ae9e62c861b810b48ae5
4213,4213,0xC323AD9e5A2C7B14Deb4276f18046e4AbCF2c05c,hardwired,34984482,35337540,0x3de8ede28170d502f56b952bb73f02c9090b976f6185724f802e5583f9313ccf
4214,4214,0xFF60c38F0343a8b8De07c9770266764c452A368F,hardwired,34984482,35337540,0x06dd66392704743167397cab6b2cccb16c5b56cc2f0201d8a8ce9aa7766fddc4
4216,4216,0xaD128B4FD496Ca73eb54B93529A0519C875125cE,hardwired,34984482,35337540,0xdfc5338f3cdb55e35c5865210669afc9fb4f1ad339c49b8e250803df8610acb0
4221,4221,0x968faEeE158B1b382bb1B0518AcD9318Ef82d73b,hardwired,34984482,35337540,0xa82a9842c6ce76a6d0e9c74a3a43de9bdeb8c9c2973b6301d2f32471bad7c1dc
4222,4222,0x27dA6F24Cd437BC0A00469E19aD8342b7f2e50E3,hardwired,34984482,35337540,0x1ac2c6b397eb950b6cf721be9413ed908ef5bf551f885ba73183c422d0327882
4223,4223,0x18D83900be18130e5Eef42d9B95b22035436Cfda,hardwired,34984482,35337540,0xd92c66866c6d489633cd79e49c400b50410dc038d59afb91c777e4412895aef4
4224,4224,0x0fB06273b43A96c1286aa2E23FC209fDa089B12A,hardwired,34984482,35337540,0x8e824859773bbdfb749c957fc3392490a8e4d26cb00226898489cd446b8f915a
4225,4225,0x4B75fC23Dc360538bef714662F4138A4Dcd518B3,hardwired,34984482,35337540,0x559aeb81b836cdadc4b85192c778f5c35fb2a9193f043a9d7cf510c51a66ab0d
4227,4227,0x7AFBcB572e7b0E67879EE3cCCef8Ec012dFD6856,hardwired,34984482,35337540,0xb13e88bba359b7641ae98b5d8256385ca6c089e630d6d62334d842f5cf37e5a4
4229,4229,0xd813771D3938e7acd0175BcF938cd6bb071d72Ff,hardwired,34984482,35337540,0x18e758724647cf842be8fa58ebeb2f46521987f2f63b52ed42b0261a6a9f6e5f
4237,4237,0x58D4671fFc99Af071E1a453531124Db837B3CdCf,hardwired,34984482,35337540,0xed59cdad2628795f8de680ff58813a4fcc34be57d5a7e6aeaa63502654d45e28
4238,4238,0x1D7C08AdC571aC4D1d11578C0b154215B68f0cb3,hardwired,34984482,35337540,0x5b410ed0a93f16dd8eb3c8ea8c3554af88ad06cecdce2708507c3d577d76eb25
4240,4240,0x71F9CCd68bf1f5F9b571f509E0765A04ca4fFad2,hardwired,34984482,35337540,0x3631698a3aafda60a2da66cfebd4864253cb441b6310ef882ee3cdb0d2efc0ef
4242,4242,0xb55Df3a73E9f8bc8E41E83f387695EACDaB269D2,hardwired,34984482,35337540,0x8ac35229d1526846a898397a405d6c6f3a28f6bd52b8957d1142c0d35041b704
4244,4244,0x2538372ef861fA766C9AcF8Cb735CcA3415276D2,hardwired,34984482,35337540,0xf24fab2d3993aed412a5d09949f738f39ba897fe019fa8b36aad8a5be7ce7a29
4245,4245,0x71F9CCd68bf1f5F9b571f509E0765A04ca4fFad2,hardwired,34984482,35337540,0xc6223fcb38090fd5d994b71f1e369cc69610c3461450a8050a77843012843cae
4250,4250,0xDb363862E5e73a7ce226730de475C507547cD4c2,hardwired,34984482,35337540,0xa5ea24f6cdcd96cb9408115df7f7d6ffb68afedf3c3b79aed52f9315226ae734
4251,4251,0xDb363862E5e73a7ce226730de475C507547cD4c2,hardwired,34984482,35337540,0xf926ac49c870cac99a83590885be9dc39ee23d160fde7868ad04525c5a23d3ae
4252,4252,0x63dB185dE4f443Bd0A64b9593E4fBF7D0F2Da1e8,hardwired,34984482,35337540,0x102d4218cfbca9835972f62fc972343a7260a01449da1b8a40eadb82d2227313
4253,4253,0xFF60c38F0343a8b8De07c9770266764c452A368F,hardwired,34984482,35337540,0x60c37a91610dec62549d93ba691648389ecd49a7e8982e048ae522c01266fd6b
4256,4256,0x3e96d5f21DDFC422230F284C2D108FD1Ee9FD12E,hardwired,34984482,35337540,0x20e0e83ef41a09d4a411a9ed9c6dcdb58f9e7842320f7a8fab3707c4fc137f9f
4258,4258,0x942E7F82956B17C6d735D8404D24AEd30a816160,hardwired,34984482,35337540,0xd99cba52a0bc06a5c55ce7437eb6ef5fe000e0f5661958ea395134c9733c7a51
4259,4259,0xb55Df3a73E9f8bc8E41E83f387695EACDaB269D2,hardwired,34984482,35337540,0x68231adc6a6e6598a2db647e8397d8504a5ee7dce7322d01adcc47d2e4e41c1e
4260,4260,0xaD128B4FD496Ca73eb54B93529A0519C875125cE,hardwired,34984482,35337540,0x008d9055a5662ac6efcec52fb3253a0e80054625bb2b0d0853ac05a839796107
4262,4262,0x226c1cf05631AB8eb374acdBeA87b25f159f72bE,hardwired,34984482,35337540,0x3fdf063437a5cac1dd813ed381db7f4eacab35cc5f5f98088df36282cba1384b
4266,4266,0xE595Ed0eee63FE6ceB3e6b6770B9D826223a3737,hardwired,34984482,35337540,0xea28a725bea45ab6047ee6be37618913abb35666c61d61634005b314731c49ed
4269,4269,0xEfb19323C9832248Bf08e1080AB15F6a394941Ba,hardwired,34984482,35337540,0x2f507e84e0fa3b1c4ff4622f5355982a620dff821f68ef6d8cad03cba24a9f76
4271,4271,0x979e0F6B06153D9E771D63E8070BA50a533781dE,hardwired,34984482,35337540,0xd0b1ddca133f5be3ba2320e1e4d74a464940dc796abb0db671a3ee82eaa639b5
4272,4272,0x2902b141aB0552aF86B105AB8aD6d66483A1fcD1,hardwired,34984482,35337540,0xb3d92590d136867c3487b129842a9d4483bc208db8e041b3ee9b748515d6269f
4274,4274,0xeB88ebD8049f1cD72464cF92Ae4a252dd2136C13,hardwired,34984482,35337540,0x031c0a75b16e01b4544ca6e39aefff6c248e2bcd904cdb69c8e985321724451c
4275,4275,0x69766b2927B793404811c84721bd0E17b2F7f7e2,hardwired,34984482,35337540,0x6f21e0fb76057e1a683208770e45fca14ffb7dfe9bb5c5fd48441476688d111a
4277,4277,0x9ef02557bB81557d5FCE437b4FE59b08C724a5D2,hardwired,34984482,35337540,0x41e3adb8ed2080b398299558793994eae76c7c37d52f40e76e7631c998669618
4282,4282,0xe93bC5B2088eaC5b7bf3aabb6Db9a40b079F5FFc,hardwired,34984482,35337540,0xfbc77e9f5cfd141ae821856adaf4a3a7ea58264d002d4713840a6fac41c59f95
4284,4284,0x4aC4a33101aBB2AA21167De2b881429B915818a3,hardwired,34984482,35337540,0xa6f050d26f8d7a2a8ada1c6a3ab6852014fcb84cf8fba4d6a7e666290fd94dc5
4286,4286,0xA181a3c3460Ad5a2650f380352e3E68111E3D60e,hardwired,34984482,35337540,0xa4d439331c22951b0c8f8bd897b0ec90f4b92533f1526ab6d06ed5c20bcb4d0e
4288,4288,0x71F9CCd68bf1f5F9b571f509E0765A04ca4fFad2,hardwired,34984482,35337540,0x95a5fbf119084c246a249d79851a9cc600f5cebd5da0ab8734821c99ad903d50
4296,4296,0x99999999995d964fF2b47B0f3A0675370905131E,hardwired,34984482,35337540,0xec1d49307e9847eed52fd207bdbba3d204055f84b0dc623e69502c1554e60c54
4297,4297,0x942E7F82956B17C6d735D8404D24AEd30a816160,hardwired,34984482,35337540,0xf6745279c3b974eddaf2e37ae218ffe202830e53ca8e918ca0503bdb9d80340e
4298,4298,0x968faEeE158B1b382bb1B0518AcD9318Ef82d73b,hardwired,34984482,35337540,0xa9161c0769cbfdb4dc9b7304f87e7ea158108081356a1bc109cc5f7f91a98694
4300,4300,0x968faEeE158B1b382bb1B0518AcD9318Ef82d73b,hardwired,34984482,35337540,0xb5173fe84bd8c469f660b04b47c3400a7456938d3e870cbb399e429d0636e52d
4301,4301,0x8295935703d543a6dB78b9EEDE2f67F7d43B8622,hardwired,34984482,35337540,0xd79e5ebfcdeef156de4d94fb9cbd45bd90430612835eb5c16e9935d95aab36dc
4302,4302,0x9ef02557bB81557d5FCE437b4FE59b08C724a5D2,hardwired,34984482,35337540,0xc36cab636fc2dd9143a08e73a09837c8cb8ccfe66985e0cd5bd21fe466957cd0
4304,4304,0x9c3d34751CbDeF9b72530D33Fc40Fc796CFed1b9,hardwired,34984482,35337540,0xf7b13926b2596eea2b03362f7a6b21ef00952eefe9bc4cb0abc64d7f5b01b05a
4307,4307,0x71F9CCd68bf1f5F9b571f509E0765A04ca4fFad2,hardwired,34984482,35337540,0x179dde4d27381e2e7275abe57737239247d477138edf6e142f897fe36526b7eb
4310,4310,0x93ddA8BFA0F91AF4e23a5CAD662EBC13649FfF5F,hardwired,34984482,35337540,0x768bf2a6e7638d23829f183b6c94b729ce69e12511bfae423b554d1ef16a7cdc
4311,4311,0x5320bedC1980f5B56D6bDEa71a450a287493142f,hardwired,34984482,35337540,0xdf2ccb3374effe377f9a11c412bc58189d045f4427fd515a86b41aad9217dbc3
4312,4312,0xbc1b79317926c9a991556f8aad586a51a01f71A3,hardwired,34984482,35337540,0x636e6628efbfa21f7099f0f103d081cb56d94640b3d804ae24e33a4a6f919493
4314,4314,0xaD128B4FD496Ca73eb54B93529A0519C875125cE,hardwired,34984482,35337540,0x7403a4e75ac71c17758d56cbd7c67d4f49d9e75a68d5da82e79edfb787b1639e
4315,4315,0xAd24967346087A643CF1F372788A8DaEB4FBA2A0,hardwired,34984482,35337540,0x1eb6663691852f3c5fa849581560f036108b0445cdd9aa2675c14f4ef077576b
4318,4318,0x0fB06273b43A96c1286aa2E23FC209fDa089B12A,hardwired,34984482,35337540,0x67a7661f36c8078ddc1db98c77dacecbef3cbc4bde7b00454f0ce74854e469a6
4319,4319,0x5320bedC1980f5B56D6bDEa71a450a287493142f,hardwired,34984482,35337540,0x544950a433bf2728b2e931b05d8db020286adc2bf0ec0f9b9aa6b0f8bd4c05d0
4325,4325,0x387Bd4252f4fdd1919e8234C37203Ce4b2aee1FE,hardwired,34984482,35337540,0xcbf20c725d99fdff0504a16b24ea69b78ea9cc78a38d855cb3ada3ce32789286
4326,4326,0xe28601398A5448D1147e6E8b0E0c6d686F0d216D,hardwired,34984482,35337540,0x2d597ad1c7901d6cf18639472970f70e5dbe2750be21520c4268b8ea57bb9b1b
4327,4327,0x0D90934796058214969880D861E0973EEbcb62f8,hardwired,34984482,35337540,0xb2f05f2e25554b25f3f2691c956a6b9b537ecd8bb356be5d56997475c7ed2058
4329,4329,0x3875Cb7c71D18Cf43693446b33723aFDe80c06BD,hardwired,34984482,35337540,0x7949c9b996e9de45003c7a55894ca41a5cd194d9e123cfe36290c6eb59c590ad
4331,4331,0xDe93A926D8059d9d20a93B709312bF2cd8a7046c,hardwired,34984482,35337540,0x9982f96414cccf020750cde1a44abc6bfec480494d4d7dd14c8c9c90ec04c321
4336,4336,0xB5Cf80451626304Acd382Ab68c2201c8620F45e8,hardwired,34984482,35337540,0xa5742eee59c23769f48b4063447634712ab96848ef87a24077733cbea6e911a5
4337,4337,0x71F9CCd68bf1f5F9b571f509E0765A04ca4fFad2,hardwired,34984482,35337540,0x9843f3c291212014817417ccd36375a6cd23ee8842f129a90f14a0ae2ca383d9
4338,4338,0x1910889Da1a784783cC6be709c3a3427946CAd44,hardwired,34984482,35337540,0xf168e54baaf0f91c513043512179610df2e2731a86ca74ec1e875437d0559d93
4339,4339,0xBdf6BCfF10Dc7BDbcF1c186523434C65fD41a6bD,hardwired,34984482,35337540,0xd8d3ecc88266ece6b9c3320646b5527a2a779bee8909e601b7cda57fa52accdc
4340,4340,0x03ad9259A227e44886c6b1c1833c2E79379b976a,hardwired,34984482,35337540,0x3249433d066067a689d05f60c4d823c14a1b3f2c21327688565f4c45511711cc
4343,4343,0x9ef02557bB81557d5FCE437b4FE59b08C724a5D2,hardwired,34984482,35337540,0x869b03cd50218223e2b734e1498bdafa00c579d0b6512f89b01dcfeb63cb5b56
4344,4344,0xaD128B4FD496Ca73eb54B93529A0519C875125cE,hardwired,34984482,35337540,0xebb0e7ae95cc5b00e10e5f88efb8b79369281de7c955943289b69008cc98075e
4347,4347,0xE595Ed0eee63FE6ceB3e6b6770B9D826223a3737,hardwired,34984482,35337540,0xe1bb1143d91b91fb61b6334e54625c3899e265d7ac263145c639742e62a81559
4348,4348,0x10a508E2b7C10dC4B8105869792C8D18ef9373A9,hardwired,34984482,35337540,0x5abe5814692c5cfee18c4f591888759bb3e7160b91d34a990a2894a62ceb7d89
4349,4349,0xDe93A926D8059d9d20a93B709312bF2cd8a7046c,hardwired,34984482,35337540,0x2f47b19ef6142281e9427fe63c0f8aab9d9f35b69ab4c8036bb8f9f36fd697ee
4350,4350,0x28ed711E5e448eD92A99554699233cDfDb1f73eD,hardwired,34984482,35337540,0x5d086cd60010e268082454fe5e794e2d4d1f9d5af96c30a72639235418f41f8d
4352,4352,0x8e8f84b84102Dbe31Fd8Fcec07d8eFE8cA66e79d,hardwired,34984482,35337540,0xb5394893673a5b8cba4e0c9a5e894b4fdb402faa909e1d328cb7614e82e44cae
4357,4357,0x968faEeE158B1b382bb1B0518AcD9318Ef82d73b,hardwired,34984482,35337540,0x8b765e099611ae4a29277631c4d78dad48ef98662394986a0b383378fae2ba34
4361,4361,0xb9EB251a6C80C88824dbB56473bc13189901bB99,hardwired,34984482,35337540,0x3999317247ec0c73c14ae946927de01abf940cd994d4d8244d2107b8e96f8a76
4362,4362,0xE595Ed0eee63FE6ceB3e6b6770B9D826223a3737,hardwired,34984482,35337540,0x7c4a16c714724295ea9699a95fea6e3a9a484dd6acba0a8495eaf41792ffcc66
4363,4363,0xe495fBb0ec80d15946FFA1c5b059A7Bde18da928,hardwired,34984482,35337540,0x9c63668ca75ad11aa9bab309e00bf93d5ea6d14be195b16087f371ae6530dfff
4365,4365,0x427BC604caA3b82B9101b2fe687eD0c143A53f20,hardwired,34984482,35337540,0x061919404d32d413c739e0e3d68318207f42723c23ffe84405dee34ce7281465
4380,4380,0xdc149e183d3D4823D037180c8Fe7fbCEeB35bD5F,hardwired,34984482,35337540,0xa13cf4eebbb4d1244533b41c1723c1cdf6628c754f5dac4dc360718ab80210e8
4383,4383,0x80a780D01393BA5Af6654B19d1E43505D638E48B,hardwired,34984482,35337540,0xd54a8e3da43db6d14dae43c7b7b6f91ad7df1068357e731c319da7550b9d5c71
4387,4387,0x56D9Ec1fb6F00811E75A7D4550e027b0a9999999,hardwired,34984482,35337540,0xfc8cf5ab91fc221c786d0e320c6240a8bf0c730e09650ee4f337b0852ff98b3c
4392,4392,0xAfA9a53C81CF0FBD747A5215D3e567dc16AA0B93,hardwired,34984482,35337540,0x1d2daed13c1cb214867af4a8d68df238169440a6ecd2db69e987a4ab63008ab7
4393,4393,0x5320bedC1980f5B56D6bDEa71a450a287493142f,hardwired,34984482,35337540,0x97c114a42d48848518195e39bdcc74480d557faf7284bb75ec22ba856431b863
4394,4394,0x863961C44588ED047efC987c7073F4100Ad40a19,hardwired,34984482,35337540,0x7469c6b0cfbe348dbb0afc251a85b42581f54daf22d35e129b6944200021b9b0
4396,4396,0x03ad9259A227e44886c6b1c1833c2E79379b976a,hardwired,34984482,35337540,0x6b6a15551d50939fc39bfd27d51f0806f4e5d69b2f5808e43c63573a57609c67
4398,4398,0x626600e9f104eEA6eB45BBD3150AD72F1361a8D7,hardwired,34984482,35337540,0xea96e55e44a9b881c58ab12058e62fa5534c31f53d971649702dc3dc63053819
4399,4399,0xFc9f3d66Cb037037e3247414DcAc338f8993A629,hardwired,34984482,35337540,0xa9a6ac96e7c704d73cdacb1149ef71bdca38e71cbe34bd0038ba81b48cec3673
4402,4402,0xf6f49763360c890149e99000547D16061bae73f8,hardwired,34984482,35337540,0x6a38111dc01e4b72423b7a1ec7fa73fc4971011db3fda6d300c13f32de4054bb
4403,4403,0x788E6b02258307aD05bE5C8756060f248CE3585d,hardwired,34984482,35337540,0x55553a31ff4a042f31e5a1650b75d3fc20e93a3a15d5551bbd75066b15c4a438
4405,4405,0xe28601398A5448D1147e6E8b0E0c6d686F0d216D,hardwired,34984482,35337540,0xf38d62ea3673c535f423baa5433dace5ba47215edaa6121cf1c7a2fb8cbb0b2b
4407,4407,0xe28601398A5448D1147e6E8b0E0c6d686F0d216D,hardwired,34984482,35337540,0xa4355dbbbff81b295924679840256d4e4346dd6824dcf29606059b40851d634d
4409,4409,0x9Fc71AdF531476BCf08FcD31e6eFF5F52c2f9Daf,hardwired,34984482,35337540,0x608fba7c536a1aedbe08df01c6d0a6f3f9b57b468a5bd4d688487350d642bd87
4410,4410,0xb5F0452bB5358b3e2b73a8518EfED4BF647c8D1E,hardwired,34984482,35337540,0x5d96409fbca9d3a9552b1272bfb1eaa6c8bdcc7e399e01008f0a9647c7dc441f
4411,4411,0x9ef02557bB81557d5FCE437b4FE59b08C724a5D2,hardwired,34984482,35337540,0x874541be4a26495fe217a1e46465da2dee3dd97bf630ef7482fe3518fb6d0688
4413,4413,0x90E22C430509705B9678eB1b7457223c4b879a2b,hardwired,34984482,35337540,0x5494f1e4100e7556fcdb5425a3913d491f6dcf5a0f6456711d74db54b54986db
4415,4415,0x1136A1520d9234CA514Ad7c6a0ab2BB544dd13D3,hardwired,34984482,35337540,0x15617aad9d41c2e04536a7772fdec7e53cc13be943a48cefdae3d0bfc547942b
4416,4416,0xaD128B4FD496Ca73eb54B93529A0519C875125cE,hardwired,34984482,35337540,0xf504521b8d192e3aa9b430d4412d6cfc48cec8151b5b25df94fcb3b758d5b915
4417,4417,0xFF60c38F0343a8b8De07c9770266764c452A368F,hardwired,34984482,35337540,0xf76931aeb73221741e35f7f819a312560270045162449583467870b44781699e
4418,4418,0x71F9CCd68bf1f5F9b571f509E0765A04ca4fFad2,hardwired,34984482,35337540,0xf48dc2dff4bd804706b15ae2c4da56232241b0ab6e79f66f19fc218cb85e7724
4419,4419,0x71F9CCd68bf1f5F9b571f509E0765A04ca4fFad2,hardwired,34984482,35337540,0xb767142720f118565b17deb2536837a1567c05b233f912ef05207c9775c5460e
4420,4420,0x7171E64E979265aeD6588577D1c6b60A701d7866,hardwired,34984482,35337540,0x3368a5ddcdac6bfa10fa7f40626d77d4574f003db5744450a84b2ddfa744f736
4426,4426,0x71F9CCd68bf1f5F9b571f509E0765A04ca4fFad2,hardwired,34984482,35337540,0x7ed0242dbbbf0d14310820270cbf9eb29c96840a42b62aa48a3db1300bbee0bb
4428,4428,0x9ef02557bB81557d5FCE437b4FE59b08C724a5D2,hardwired,34984482,35337540,0xcd065aac791707b48b957dc928a203721a67eaba56de453ef67ef363d26ae9f7
4432,4432,0x1910889Da1a784783cC6be709c3a3427946CAd44,hardwired,34984482,35337540,0xfddd7818c3420043dadc269a54047aea067b68759ac9b1b8c08c3e2789d8aeb8
4433,4433,0x271e9C06f79f7B54ff3C99259f2000Cb53c4A600,hardwired,34984482,35337540,0xd3e9de0f821d739f46b51a78bdbab9b5536432b9f91404e8c13696ce70740e2f
4435,4435,0xB0f840b7E0Aa17259f5036081d86F6c07d64930d,hardwired,34984482,35337540,0x1a8e6b56f6fb1aace58e1973e66d657c936912a82af6ade9c1a93456bf139e56
4437,4437,0x31321ec8bb8ecF06Fa79FDB73fc69938A3e4dE31,hardwired,34984482,35337540,0x5f4dfad116ada83717859f34d67c8088a2d27829e1db28d7e415542ad4bf5cab
4439,4439,0x5320bedC1980f5B56D6bDEa71a450a287493142f,hardwired,34984482,35337540,0xa56f6443a5b28dcc4d8eb6e5d244adaff6d9523255e8d978c02e5e9b8f11223f
4441,4441,0xb4A22D79110Bd50342DcdC15079f966e883e7f0a,hardwired,34984482,35337540,0x99d70a426af11b43bcc5d686d4e2502e7166eb2f6eecb6e9223f64db95265c8e
4442,4442,0x516aC603F68B405a4e382F08Bd5646bB07a29db3,hardwired,34984482,35337540,0x8e8436cd5f7c315ba39b820c36b097ce5eab0971ea4a8491ba2f4f627cd7807c
4443,4443,0x365F6bC10224AB1dd38FDE4a8EF15c0aC66070eA,hardwired,34984482,35337540,0x5b2fd4bb18ce6b2fa80cc6ee7d99e51b896c09bc667582034d87498e2fe71e6a
4444,4444,0xb4A22D79110Bd50342DcdC15079f966e883e7f0a,hardwired,34984482,35337540,0xeae6bf5059edbf14b17b7692709fbc9a819c7d769f609104acfbc7d62507d54a
